date,heat,label,coverage,m_global_fund,m_china_liquidity,m_china_macro,m_ashare_fund,m_risk_appetite,m_tech_cycle,m_tech_valuation
2020-01-02,-69.7,极冷,0.6667,0.5312,-0.5801,0.3122,0.3666,-0.4244,,-0.9977
2020-01-03,69.8,极热,0.6667,0.525,0.5881,0.3075,0.8141,-0.485,,-0.8156
2020-01-06,-11.1,偏冷,0.6667,0.5413,0.4862,-0.3712,0.465,-0.3661,,-0.7853
2020-01-07,89.2,极热,0.6667,0.4414,0.5546,-0.3712,0.8112,0.6895,,-0.6849
2020-01-08,64.9,极热,0.6667,0.3689,0.3829,-0.3712,0.4866,0.5265,,-0.5884
2020-01-09,60.8,极热,0.6667,0.3777,0.2484,0.6509,0.6455,-0.6261,,-0.5339
2020-01-10,10.0,中性,0.6667,0.5889,-0.218,0.56,0.4753,-0.7353,,-0.4864
2020-01-13,57.8,偏热,0.625,0.3606,0.2661,0.5454,0.4358,-0.472,,-0.4442
2020-01-14,97.5,极热,0.625,0.5724,0.319,0.4982,0.483,0.5756,,-0.4062
2020-01-15,15.2,微暖,0.625,0.5121,-0.5619,0.4553,0.4823,-0.3032,,-0.3712
2020-01-16,98.8,极热,0.6667,0.4592,0.8976,0.4323,0.5456,0.3705,,-0.3387
2020-01-17,94.2,极热,0.6667,0.5946,0.6915,0.4132,0.4117,-0.1268,,-0.308
2020-01-20,82.9,极热,0.6667,0.586,0.6485,0.3971,0.3133,-0.4848,,-0.2785
2020-01-21,97.8,极热,0.6667,0.4853,0.576,0.3832,0.432,0.4679,,-0.2498
2020-01-22,98.8,极热,0.6667,0.5378,0.4904,0.3712,0.396,0.7802,,-0.2214
2020-01-23,83.9,极热,0.6667,0.5208,0.4527,0.3607,0.2882,-0.2422,,-0.1925
2020-02-03,-64.0,极冷,0.6667,-0.8104,0.4013,0.8338,0.6528,-0.7363,,-0.9486
2020-02-04,-94.2,极冷,0.6667,-0.6229,0.414,0.6851,-0.7149,-0.8408,,-0.6922
2020-02-05,67.0,极热,0.6667,0.5487,0.504,0.6572,0.8226,-0.8933,,-0.7216
2020-02-06,-35.7,冷,0.6667,0.5656,0.4323,0.5736,-0.501,-0.6631,,-0.6849
2020-02-07,64.4,极热,0.6667,0.5636,0.3323,0.4931,0.5368,-0.5265,,-0.5884
2020-02-10,-7.1,中性,0.6667,-0.5615,0.4228,0.6699,0.5425,-0.5212,,-0.5339
2020-02-11,59.4,偏热,0.6667,0.5875,0.3642,0.5304,0.2295,-0.503,,-0.4864
2020-02-12,-12.5,偏冷,0.6667,0.5231,0.4447,0.5287,-0.3664,-0.7306,,-0.4442
2020-02-13,42.9,偏热,0.6667,0.6167,0.2758,0.5161,-0.0915,-0.4112,,-0.4062
2020-02-14,62.1,极热,0.6667,0.4878,0.2499,0.4553,0.402,-0.4732,,-0.3712
2020-02-17,-78.4,极冷,0.6667,0.4807,-0.824,0.4141,-0.1969,-0.5655,,-0.3387
2020-02-18,12.5,微暖,0.6667,0.415,-0.5779,0.377,0.5907,-0.3137,,-0.308
2020-02-19,8.4,中性,0.6667,-0.462,-0.6001,0.3428,0.5299,0.6224,,-0.2785
2020-02-20,19.9,微暖,0.6667,0.544,-0.6087,0.3108,0.4785,-0.2216,,-0.2498
2020-02-21,-43.3,冷,0.6667,-0.4633,-0.4876,0.2804,0.7188,-0.2408,,-0.2214
2020-02-24,16.7,微暖,0.6667,-0.5046,-0.523,0.2509,0.7275,0.4771,,-0.1925
2020-02-25,41.7,偏热,0.6667,-0.8113,-0.5256,0.6035,0.7699,0.6737,,-0.1623
2020-02-26,37.6,偏热,0.6667,-0.7736,-0.4115,0.4764,0.837,0.4814,,-0.1292
2020-02-27,-25.8,偏冷,0.6667,-0.6352,-0.4365,0.4656,0.6467,-0.1543,,-0.0892
2020-02-28,7.9,中性,0.5833,-0.8245,-0.3648,0.5089,0.486,0.3441,,
2020-03-02,-99.1,极冷,0.6667,-0.7244,-0.5211,-0.6779,0.3699,-0.493,,-0.9977
2020-03-03,75.0,极热,0.6667,0.567,0.6118,-0.5706,0.3694,0.8875,,-0.8156
2020-03-04,-28.6,偏冷,0.6667,-0.7406,0.4663,-0.5385,0.5406,0.9008,,-0.7853
2020-03-05,65.0,极热,0.6667,0.4133,0.5143,-0.4741,0.424,0.6342,,-0.6849
2020-03-06,-26.3,偏冷,0.6667,-0.7038,0.3441,-0.4651,0.7394,0.5021,,-0.5884
2020-03-09,-90.4,极冷,0.6667,-0.6929,0.468,-0.6876,-0.5046,0.437,,-0.5339
2020-03-10,-85.9,极冷,0.6667,-0.8563,0.241,-0.5821,0.5086,-0.1176,,-0.4864
2020-03-11,-75.2,极冷,0.6667,-0.2872,-0.3909,-0.5504,0.2552,0.4436,,-0.4442
2020-03-12,-96.3,极冷,0.6667,-0.6428,-0.3226,-0.487,-0.4204,0.1168,,-0.4062
2020-03-13,-96.9,极冷,0.625,-0.6982,-0.4439,-0.4268,-0.5412,0.2201,,-0.3712
2020-03-16,25.8,微暖,0.6667,-0.2738,0.8151,-0.3868,0.2159,0.2834,,-0.3387
2020-03-17,-92.5,极冷,0.6667,-0.7503,0.6747,-0.3505,-0.6249,-0.3168,,-0.308
2020-03-18,-88.5,极冷,0.6667,-0.4629,0.8487,-0.3169,-0.6465,-0.5478,,-0.2785
2020-03-19,-88.3,极冷,0.6667,-0.6814,0.7629,-0.2852,-0.7119,-0.2351,,-0.2498
2020-03-20,-58.6,冷,0.6667,-0.5174,0.5228,-0.2548,-0.5068,0.3359,,-0.2214
2020-03-23,-93.7,极冷,0.6667,-0.5545,0.4913,-0.3107,-0.784,-0.4458,,-0.1925
2020-03-24,-93.1,极冷,0.6667,-0.4752,0.5881,-0.2938,-0.7212,-0.6661,,-0.1623
2020-03-25,-86.7,极冷,0.6667,-0.2147,0.5653,-0.2782,-0.6102,-0.6816,,-0.1292
2020-03-26,-83.3,极冷,0.6667,-0.2221,0.4343,-0.2634,-0.4944,-0.5944,,-0.0892
2020-03-27,-81.4,极冷,0.6667,0.2409,0.4521,-0.329,-0.6713,-0.5705,,-0.2663
2020-03-30,-88.0,极冷,0.6667,-0.3546,0.3404,-0.3229,-0.557,-0.2774,,-0.2663
2020-03-31,-94.3,极冷,0.6667,0.2863,-0.5118,-0.3173,-0.5518,-0.5278,,-0.2663
2020-04-01,73.8,极热,0.6667,0.2222,0.2646,0.6191,-0.606,-0.4953,,0.9977
2020-04-02,6.8,中性,0.6667,-0.3787,0.2227,0.5199,-0.5654,-0.4637,,0.8156
2020-04-03,84.4,极热,0.6667,0.3457,0.3109,0.5454,-0.4955,-0.2606,,0.7853
2020-04-07,69.9,极热,0.6667,0.5483,0.2517,0.4982,-0.6151,-0.4608,,0.6849
2020-04-08,91.2,极热,0.6667,0.3141,0.2993,0.4553,-0.4267,0.2486,,0.5884
2020-04-09,47.2,偏热,0.6667,0.5437,0.27,-0.6876,-0.5055,0.4193,,0.5339
2020-04-10,53.8,偏热,0.6667,0.4625,0.3109,-0.5887,-0.3719,0.3391,,0.4864
2020-04-13,-80.1,极冷,0.6667,0.4086,-0.3094,-0.5633,-0.4638,-0.6106,,0.4442
2020-04-14,-21.2,偏冷,0.6667,0.4307,-0.3036,-0.5072,-0.7152,0.5482,,0.4062
2020-04-15,88.0,极热,0.6667,0.5902,0.4738,-0.4553,-0.3501,0.7334,,0.3712
2020-04-16,88.6,极热,0.6667,0.4031,0.8846,-0.4233,-0.3795,0.568,,0.3387
2020-04-17,88.3,极热,0.6667,0.5022,0.7035,-0.3955,-0.3653,0.6183,,0.308
2020-04-20,68.3,极热,0.6667,0.4534,0.6419,-0.3709,0.6959,-0.8059,,0.2785
2020-04-21,63.3,极热,0.6667,0.3366,0.5712,-0.3489,-0.5254,0.4905,,0.2498
2020-04-22,95.7,极热,0.6667,0.3721,0.6096,-0.329,0.3565,0.5704,,0.2214
2020-04-23,81.4,极热,0.6667,0.4817,0.5312,-0.3107,-0.3071,0.5402,,0.1925
2020-04-24,89.5,极热,0.6667,0.3869,0.4043,-0.6101,0.519,0.5493,,0.1623
2020-04-27,53.0,偏热,0.6667,0.5394,0.4096,-0.5032,-0.4516,0.5067,,0.1292
2020-04-28,40.5,偏热,0.6667,0.5007,0.3658,-0.4786,-0.483,0.4779,,0.0892
2020-04-29,73.5,极热,0.625,0.4107,0.4863,-0.5089,0.8055,-0.6716,,0.4675
2020-04-30,-39.3,冷,0.625,0.6283,0.426,-0.4378,-0.8336,-0.571,,0.4675
2020-05-06,-68.3,极冷,0.6667,0.2866,-0.5705,-0.66,0.8959,0.3215,,-0.9977
2020-05-07,26.5,微暖,0.6667,0.5001,0.3074,-0.5533,0.573,0.3414,,-0.8156
2020-05-08,-28.2,偏冷,0.6667,0.5545,0.3255,-0.5235,-0.0974,0.3043,,-0.7853
2020-05-11,57.0,偏热,0.6667,0.6448,0.5879,-0.737,0.4087,0.5114,,-0.6849
2020-05-12,-76.2,极冷,0.6667,0.6388,-0.3335,-0.619,0.4672,-0.5259,,-0.5884
2020-05-13,-50.8,冷,0.6667,0.1759,0.4648,-0.5821,0.5544,-0.5757,,-0.5339
2020-05-14,11.4,微暖,0.6667,-0.3489,0.4324,-0.5165,0.4983,0.605,,-0.4864
2020-05-15,50.1,偏热,0.6667,0.4665,0.2479,-0.455,0.4078,0.3595,,-0.4442
2020-05-18,47.1,偏热,0.6667,-0.3395,0.8365,-0.4133,0.2653,0.6336,,-0.4062
2020-05-19,96.0,极热,0.6667,0.8056,0.7418,-0.3757,0.7277,0.3494,,-0.3712
2020-05-20,90.1,极热,0.6667,0.4644,0.6942,-0.3411,0.5707,0.3934,,-0.3387
2020-05-21,93.8,极热,0.6667,0.6963,0.5886,-0.3089,0.4943,0.4972,,-0.308
2020-05-22,9.1,中性,0.6667,0.2871,0.4986,-0.2782,0.4177,-0.5107,,-0.2785
2020-05-25,58.0,偏热,0.6667,0.4699,0.4363,0.5935,-0.2559,-0.3053,,-0.2498
2020-05-26,14.8,微暖,0.6667,0.3334,0.5839,0.5193,-0.6784,-0.3231,,-0.2214
2020-05-27,89.9,极热,0.6667,0.6161,0.5711,0.4937,-0.4742,0.417,,-0.1925
2020-05-28,98.3,极热,0.6667,0.514,0.5731,0.4312,0.2541,0.5797,,-0.1623
2020-05-29,68.7,极热,0.6667,0.5041,-0.585,0.3706,0.1495,0.5493,,-0.1292
2020-06-01,42.2,偏热,0.6667,0.6873,0.4593,-0.4619,-0.1861,0.6814,,-0.6523
2020-06-02,-70.4,极冷,0.6667,0.5106,0.2603,-0.5562,0.7227,-0.895,,-0.8156
2020-06-03,64.4,极热,0.6667,0.6268,0.3713,-0.5262,0.5828,0.5654,,-0.7853
2020-06-04,-64.2,极冷,0.6667,0.7943,-0.456,-0.4626,0.6368,-0.5024,,-0.6849
2020-06-05,74.9,极热,0.6667,0.6986,0.2863,0.4553,0.6588,-0.5005,,-0.5884
2020-06-08,81.1,极热,0.6667,0.7749,0.266,0.4233,0.5117,-0.302,,-0.5339
2020-06-09,-4.2,中性,0.6667,0.6127,0.1915,-0.665,0.6988,-0.3101,,-0.4864
2020-06-10,-40.7,冷,0.6667,0.5311,-0.1844,-0.5598,0.5882,-0.3071,,-0.4442
2020-06-11,-38.2,冷,0.6667,0.514,-0.1966,-0.5304,0.5374,-0.2713,,-0.4062
2020-06-12,-59.8,冷,0.625,-0.64,0.3712,-0.4676,0.7837,-0.3048,,-0.3712
2020-06-15,-0.7,中性,0.625,0.2245,0.326,-0.4075,0.4496,-0.2266,,-0.3387
2020-06-16,93.0,极热,0.6667,0.3938,0.6426,-0.368,0.705,0.5417,,-0.308
2020-06-17,37.0,偏热,0.6667,0.4255,0.5189,-0.3321,0.5444,-0.4426,,-0.2785
2020-06-18,89.8,极热,0.6667,0.3504,0.6013,-0.2987,0.5504,0.4663,,-0.2498
2020-06-19,48.0,偏热,0.6667,0.3275,0.5234,-0.3424,0.6181,-0.3451,,-0.2214
2020-06-22,94.0,极热,0.6667,0.3606,0.5461,-0.3229,0.6916,0.5879,,-0.1925
2020-06-23,99.0,极热,0.6667,0.3905,0.4784,0.6155,0.8319,0.2734,,-0.1623
2020-06-24,77.0,极热,0.6667,0.3768,0.439,0.5089,0.5226,-0.6838,,-0.1292
2020-06-29,-22.5,偏冷,0.6667,-0.5898,0.4606,0.4838,0.3352,-0.7565,,-0.0892
2020-06-30,97.4,极热,0.625,0.3081,0.4162,0.4723,0.5189,0.2875,,
2020-07-01,56.3,偏热,0.6667,0.4363,0.479,0.6808,0.572,-0.4402,,-0.9977
2020-07-02,29.7,微暖,0.6667,0.3551,0.3066,0.5737,0.8808,-0.8664,,-0.8156
2020-07-03,66.9,极热,0.6667,0.4872,0.3669,0.5415,0.9,-0.6171,,-0.7853
2020-07-06,56.4,偏热,0.6667,0.3479,0.3434,0.4772,0.8704,-0.6365,,-0.6849
2020-07-07,72.7,极热,0.6667,0.6184,0.5803,0.416,0.9476,-0.9524,,-0.5884
2020-07-08,-19.8,偏冷,0.6667,0.3374,-0.5264,0.4323,0.8687,-0.6757,,-0.5339
2020-07-09,83.5,极热,0.6667,0.6244,0.3056,0.67,0.7221,-0.6054,,-0.4864
2020-07-10,47.3,偏热,0.6667,0.5946,-0.4164,0.5649,0.7694,-0.4786,,-0.4442
2020-07-13,79.8,极热,0.6667,0.5274,0.3617,0.5352,0.6201,-0.5299,,-0.4062
2020-07-14,83.1,极热,0.6667,0.499,0.3127,0.4723,0.6557,-0.3842,,-0.3712
2020-07-15,79.4,极热,0.625,0.6274,0.2643,0.4123,0.5695,-0.4487,,-0.3387
2020-07-16,-17.7,偏冷,0.6667,0.5185,-0.6229,0.3728,0.4905,-0.5588,,-0.308
2020-07-17,-42.5,冷,0.6667,0.4002,-0.6487,0.3369,0.4505,-0.6513,,-0.2785
2020-07-20,-9.0,中性,0.6667,0.5777,-0.5241,0.3036,0.4414,-0.5745,,-0.2498
2020-07-21,12.8,微暖,0.6667,0.7114,-0.4518,0.272,0.3544,-0.4787,,-0.2214
2020-07-22,78.7,极热,0.6667,0.5888,0.4567,0.3229,0.3597,-0.4755,,-0.1925
2020-07-23,92.0,极热,0.6667,0.6284,0.5296,0.6155,0.3022,-0.3775,,-0.1623
2020-07-24,10.6,微暖,0.6667,0.4801,-0.5492,0.5089,0.3012,-0.4511,,-0.1292
2020-07-27,65.5,极热,0.6667,0.4864,0.3538,0.4838,0.2024,-0.6333,,-0.0892
2020-07-28,-61.8,极冷,0.6667,0.6166,-0.4231,0.4723,-0.592,-0.3766,,-0.3712
2020-07-29,-57.9,冷,0.6667,0.527,-0.3409,0.4215,-0.4428,-0.4197,,-0.3712
2020-07-30,88.9,极热,0.6667,0.6746,-0.294,0.3915,0.3465,0.6416,,-0.3712
2020-07-31,86.7,极热,0.6667,0.6437,-0.3035,0.3655,0.3558,0.611,,-0.3712
2020-08-03,79.1,极热,0.7083,0.5958,-0.3836,0.6349,0.3348,0.6334,,-0.7067
2020-08-04,98.4,极热,0.7083,0.6621,0.6111,0.5286,0.4821,0.6859,,-0.7053
2020-08-05,82.6,极热,0.6667,0.7097,-0.3764,0.6142,0.4249,0.3762,,-0.5617
2020-08-06,98.4,极热,0.6667,0.6013,0.5427,0.5403,0.5989,0.5104,,-0.5352
2020-08-07,95.6,极热,0.6667,0.5965,0.3254,0.4696,0.525,0.3032,,-0.4199
2020-08-10,55.3,偏热,0.7083,0.3475,-0.4927,0.6728,0.3209,0.2224,,-0.413
2020-08-11,93.9,极热,0.7083,0.3868,0.2515,0.5669,0.4738,0.3151,,-0.3534
2020-08-12,-27.8,偏冷,0.6667,-0.3983,-0.5502,0.5364,0.2814,0.3107,,-0.413
2020-08-13,86.0,极热,0.6667,0.7221,-0.3991,0.473,-0.3566,0.4037,,0.4383
2020-08-14,74.9,极热,0.6667,0.5045,0.3647,0.4125,-0.6528,0.6791,,-0.3105
2020-08-17,-31.8,冷,0.7083,0.5079,-0.8265,0.3726,-0.5023,0.4575,,-0.2617
2020-08-18,84.2,极热,0.7083,0.5964,-0.6754,0.3363,0.6983,0.5049,,-0.2235
2020-08-19,98.5,极热,0.7083,0.5307,0.6415,0.3709,0.4816,0.434,,-0.2134
2020-08-20,81.2,极热,0.7083,0.2768,-0.5736,0.3489,0.3806,0.3384,,0.3446
2020-08-21,11.6,微暖,0.7083,0.372,-0.5882,0.329,-0.6047,0.2869,,0.3796
2020-08-24,58.9,偏热,0.7083,0.3781,-0.5656,0.6184,-0.5349,0.5796,,0.2507
2020-08-25,90.9,极热,0.7083,0.3921,0.3973,0.512,-0.5439,0.4135,,0.2989
2020-08-26,83.2,极热,0.7083,0.5734,-0.4219,0.4868,-0.4043,0.5143,,0.4435
2020-08-27,21.7,微暖,0.7083,0.5739,-0.3318,0.424,-0.2368,-0.6771,,0.535
2020-08-28,35.2,偏热,0.6667,-0.5717,0.3529,0.4215,-0.5167,0.473,,0.2592
2020-08-31,55.2,偏热,0.6667,0.7217,-0.394,0.3915,0.1272,-0.6293,,0.4546
2020-09-01,30.1,偏热,0.7083,0.6979,-0.2541,-0.6476,0.5111,-0.6202,,0.7218
2020-09-02,-2.9,中性,0.7083,0.644,0.2315,-0.5414,-0.6713,-0.4055,,0.8159
2020-09-03,77.4,极热,0.7083,0.6567,0.2373,-0.5131,0.5604,-0.578,,0.7039
2020-09-04,-32.4,冷,0.7083,-0.657,0.328,-0.4982,0.4321,-0.5773,,0.7243
2020-09-07,-73.2,极冷,0.7083,-0.4482,0.1572,-0.4468,-0.4924,-0.3173,,0.6318
2020-09-08,11.4,微暖,0.7083,-0.3637,0.3238,-0.4154,0.0959,-0.1606,,0.6782
2020-09-09,12.0,微暖,0.7083,-0.7541,-0.1084,0.6607,-0.4045,0.2044,,0.5993
2020-09-10,65.9,极热,0.7083,-0.2453,0.3658,0.5553,-0.2426,-0.2716,,0.6498
2020-09-11,-30.9,冷,0.7083,-0.6044,0.63,0.5262,-0.6543,-0.6729,,0.5653
2020-09-14,-26.1,偏冷,0.7083,-0.4287,0.3227,0.4633,-0.7338,-0.2362,,0.4066
2020-09-15,78.4,极热,0.7083,0.0984,0.4517,0.4031,-0.5036,0.3242,,0.2683
2020-09-16,47.5,偏热,0.7083,0.1467,0.9292,0.3636,-0.6083,-0.4789,,0.2306
2020-09-17,-86.8,极冷,0.7083,-0.3022,-0.694,0.3277,-0.6067,-0.3872,,0.3111
2020-09-18,-23.0,偏冷,0.7083,-0.2696,-0.6428,0.364,-0.1747,0.3388,,0.1876
2020-09-21,-66.3,极冷,0.7083,-0.3787,-0.6926,0.3424,0.3475,-0.5761,,0.1917
2020-09-22,-86.6,极冷,0.7083,-0.5327,-0.6642,0.3229,-0.4464,-0.1729,,0.137
2020-09-23,-86.2,极冷,0.7083,-0.4032,-0.6976,0.3049,-0.3116,-0.351,,0.1148
2020-09-24,-5.2,中性,0.7083,-0.6159,0.6801,0.2883,-0.463,0.4312,,-0.3021
2020-09-25,-42.9,冷,0.7083,-0.4102,0.4045,0.2729,-0.2021,-0.6351,,0.1466
2020-09-28,96.0,极热,0.6667,0.4803,0.6578,0.3164,-0.5766,0.6114,,0.3667
2020-09-29,-68.9,极冷,0.6667,0.3449,-0.6493,0.3056,-0.6016,-0.6469,,0.4503
2020-09-30,22.8,微暖,0.6667,0.335,0.3319,0.2957,-0.5737,0.3603,,-0.4711
2020-10-09,31.3,偏热,0.7083,0.7404,-0.4878,0.6451,-0.7679,-0.4979,,0.8175
2020-10-12,65.0,极热,0.7083,0.7595,0.5864,0.525,0.3684,-0.548,,-0.8364
2020-10-13,42.0,偏热,0.7083,0.6919,0.2534,0.5342,0.6225,-0.7539,,-0.7952
2020-10-14,86.2,极热,0.7083,0.4617,0.2833,0.5989,-0.3248,-0.4135,,0.6813
2020-10-15,91.0,极热,0.7083,0.3864,0.1607,0.5261,0.4357,-0.57,,0.5413
2020-10-16,53.4,偏热,0.7083,-0.4516,0.6161,0.4857,0.2509,-0.6407,,0.387
2020-10-19,88.1,极热,0.7083,-0.4218,0.4537,0.4513,-0.1688,0.6907,,0.3465
2020-10-20,90.5,极热,0.7083,-0.5299,0.489,0.4213,0.4498,0.2545,,0.3623
2020-10-21,21.1,微暖,0.7083,-0.5602,0.5955,0.3949,-0.5597,0.0861,,0.3163
2020-10-22,96.2,极热,0.7083,0.5134,0.4863,0.3712,0.2691,-0.2348,,0.4429
2020-10-23,93.9,极热,0.7083,-0.4147,0.4371,0.639,0.4052,0.1368,,0.4456
2020-10-26,79.7,极热,0.7083,0.377,0.3991,0.5338,-0.3422,-0.4857,,0.614
2020-10-27,82.1,极热,0.7083,-0.4641,0.3755,0.5072,-0.2953,0.6966,,0.3369
2020-10-28,68.9,极热,0.7083,-0.4258,0.5101,0.4449,-0.3661,0.5029,,0.1955
2020-10-29,86.1,极热,0.7083,-0.6212,0.4925,0.3848,0.314,0.5188,,0.1869
2020-10-30,5.9,中性,0.7083,-0.4825,0.3565,0.346,0.3535,-0.6413,,0.1781
2020-11-02,83.6,极热,0.7083,-0.6583,-0.4686,0.3281,0.7213,0.607,,0.7101
2020-11-03,76.9,极热,0.7083,-0.4774,-0.4569,0.2731,0.4109,0.4645,,0.8294
2020-11-04,94.7,极热,0.7083,-0.3685,0.508,0.2792,0.1786,0.5694,,0.5449
2020-11-05,85.9,极热,0.7083,0.5767,0.3892,0.4982,-0.2393,-0.5158,,0.566
2020-11-06,99.4,极热,0.7083,0.6734,0.3622,0.4468,0.618,0.0679,,0.4367
2020-11-09,73.1,极热,0.7083,0.6398,-0.232,0.4154,0.3428,-0.7504,,0.5494
2020-11-10,99.5,极热,0.7083,0.5122,-0.1953,0.3881,0.9688,0.7135,,0.3784
2020-11-11,88.9,极热,0.7083,0.4546,0.109,0.364,0.5676,-0.6641,,0.5596
2020-11-12,74.7,极热,0.7083,0.6,-0.3775,0.3424,0.4211,-0.628,,0.6382
2020-11-13,91.5,极热,0.7083,0.2411,-0.3782,0.3229,0.4861,0.4414,,0.3749
2020-11-16,59.4,偏热,0.7083,0.5033,-0.9214,0.3049,0.3963,0.1869,,0.2599
2020-11-17,99.4,极热,0.7083,0.5372,0.6678,0.2883,0.5944,0.3068,,0.2294
2020-11-18,95.3,极热,0.7083,0.4211,0.6842,0.2729,0.5193,-0.4683,,0.3398
2020-11-19,99.4,极热,0.7083,0.3476,0.5935,0.3357,0.5192,0.4845,,0.358
2020-11-20,97.1,极热,0.7083,0.4444,0.4902,0.329,0.3253,0.1936,,0.1708
2020-11-23,98.8,极热,0.7083,0.3262,0.4574,0.3229,0.3017,0.6233,,0.2862
2020-11-24,95.8,极热,0.7083,0.3598,0.4635,0.3173,0.8701,-0.5289,,0.3476
2020-11-25,98.7,极热,0.7083,0.4497,0.3628,0.3122,0.5916,0.2858,,0.3065
2020-11-26,99.4,极热,0.7083,0.4184,0.3522,0.3075,0.6669,0.3807,,0.4821
2020-11-27,69.2,极热,0.6667,0.3681,-0.3729,0.7527,-0.5945,0.2815,,0.4512
2020-11-30,96.7,极热,0.6667,0.5477,-0.3802,0.6337,0.2619,0.4657,,0.396
2020-12-01,99.6,极热,0.7083,0.4721,-0.3978,0.7637,0.8358,0.4265,,0.7347
2020-12-02,99.2,极热,0.7083,0.7352,0.6107,0.6512,0.5435,-0.6122,,0.6231
2020-12-03,99.9,极热,0.7083,0.6246,0.5053,0.6058,0.6078,0.5075,,0.5876
2020-12-04,99.4,极热,0.7083,0.5718,0.1813,0.5452,0.5461,0.1866,,0.5639
2020-12-07,99.8,极热,0.7083,0.7097,0.2841,0.4901,0.5571,0.5905,,0.419
2020-12-08,99.7,极热,0.7083,0.4997,0.1984,0.4547,0.5182,0.8077,,0.4819
2020-12-09,99.9,极热,0.7083,0.5269,0.2289,0.6824,0.6403,0.7593,,0.3759
2020-12-10,95.5,极热,0.7083,-0.4105,0.2625,0.5775,0.2676,0.4831,,0.6087
2020-12-11,99.4,极热,0.6667,0.3933,0.3861,0.5466,0.4826,0.5106,,0.2911
2020-12-14,3.5,中性,0.6667,-0.351,0.3585,0.4836,0.5084,-0.4332,,-0.4743
2020-12-15,8.1,中性,0.6667,0.5354,0.3052,0.4237,-0.6336,0.2685,,-0.7402
2020-12-16,96.4,极热,0.7083,0.4999,0.8667,0.384,0.3559,0.3577,,-0.5645
2020-12-17,73.2,极热,0.7083,0.4034,0.8544,0.3479,0.4502,-0.6061,,-0.4736
2020-12-18,80.1,极热,0.7083,0.5731,0.6436,0.3145,0.5286,-0.3868,,-0.5549
2020-12-21,71.2,极热,0.7083,0.4242,0.6167,0.283,0.3649,-0.3826,,-0.4023
2020-12-22,55.7,偏热,0.7083,-0.5749,0.541,0.2527,0.7112,0.2977,,-0.5438
2020-12-23,61.9,极热,0.7083,0.3346,0.4359,0.2229,0.7434,-0.7155,,-0.2537
2020-12-24,9.2,中性,0.7083,-0.4162,0.4009,0.2883,0.5703,-0.2551,,-0.4466
2020-12-25,63.0,极热,0.7083,0.4003,0.646,-0.2729,0.454,-0.5452,,0.0872
2020-12-28,-27.0,偏冷,0.625,0.2771,-0.6098,-0.3164,0.4822,0.3061,,-0.3684
2020-12-29,35.2,偏热,0.625,0.3492,0.307,-0.3056,0.6867,-0.5261,,-0.0982
2020-12-30,33.7,偏热,0.625,0.4454,-0.5534,-0.2957,0.2413,0.7002,,-0.137
2020-12-31,-61.1,极冷,0.625,0.5578,-0.4857,-0.2865,0.4929,-0.5136,,-0.432
2021-01-04,-92.5,极冷,0.7083,0.3421,-0.5021,-0.6191,0.7185,-0.7089,,-0.8573
2021-01-05,-73.0,极冷,0.7083,-0.5312,0.5326,-0.5199,0.9312,-0.4764,,-0.7742
2021-01-06,-27.4,偏冷,0.6667,0.7084,0.4806,-0.6142,0.8702,-0.8872,,-0.6839
2021-01-07,-92.9,极冷,0.6667,-0.6015,0.1576,-0.5508,0.6666,-0.7864,,-0.5757
2021-01-08,25.6,微暖,0.6667,0.792,0.4251,-0.492,0.7378,-0.6724,,-0.4243
2021-01-11,35.1,偏热,0.7083,0.7009,-0.4159,0.6876,0.4893,-0.6285,,-0.3808
2021-01-12,-94.5,极冷,0.7083,-0.6879,-0.1353,-0.5887,0.586,-0.5632,,-0.479
2021-01-13,-46.3,冷,0.6667,0.6001,0.4084,-0.5633,0.5135,-0.8734,,-0.4897
2021-01-14,-29.4,偏冷,0.6667,0.5454,0.2642,-0.5072,0.6894,-0.7301,,-0.4741
2021-01-15,-55.8,冷,0.6667,0.5396,0.2802,-0.4553,0.4193,-0.6887,,-0.6583
2021-01-18,-97.8,极冷,0.7083,-0.4711,-0.8427,-0.4233,0.353,-0.5316,,-0.5361
2021-01-19,-96.7,极冷,0.7083,-0.4035,-0.7019,-0.3955,0.4405,-0.4888,,-0.6517
2021-01-20,-74.4,极冷,0.7083,0.527,-0.7309,-0.3709,0.404,-0.546,,-0.2137
2021-01-21,-95.4,极冷,0.7083,0.5895,-0.751,-0.3489,-0.6341,-0.211,,-0.6253
2021-01-22,-58.5,冷,0.7083,0.5792,-0.5021,-0.329,0.5354,-0.4029,,-0.4994
2021-01-25,4.3,中性,0.7083,0.3752,-0.4481,0.6184,0.3685,-0.2802,,-0.5307
2021-01-26,8.9,中性,0.7083,0.4444,-0.4472,0.512,0.5796,-0.4207,,-0.5087
2021-01-27,-84.1,极冷,0.7083,0.2874,-0.6493,0.4868,-0.5793,-0.5397,,-0.2351
2021-01-28,-94.3,极冷,0.7083,-0.6561,-0.6056,0.424,-0.5832,-0.3433,,-0.1002
2021-01-29,-68.8,极冷,0.625,0.1691,-0.525,0.4446,-0.5202,-0.7182,,0.3426
2021-02-01,-99.2,极冷,0.7083,-0.5827,-0.5152,-0.6627,-0.2651,-0.4102,,-0.7103
2021-02-02,-95.8,极冷,0.7083,0.5284,-0.4905,-0.5562,-0.5483,-0.4049,,-0.5825
2021-02-03,9.0,中性,0.7083,0.5755,0.494,-0.5262,-0.3045,0.5046,,-0.578
2021-02-04,-87.1,极冷,0.7083,-0.5326,-0.2571,-0.4626,-0.1149,0.4936,,-0.5039
2021-02-05,52.1,偏热,0.7083,0.6042,-0.1808,0.4553,-0.3454,0.5663,,-0.4771
2021-02-08,-47.1,冷,0.7083,0.5467,-0.1702,0.4233,-0.5539,-0.2097,,-0.5025
2021-02-09,27.2,微暖,0.7083,0.5677,-0.1391,0.665,-0.681,0.3503,,-0.4134
2021-02-10,31.2,偏热,0.7083,0.4754,-0.1173,0.5598,-0.4706,0.5118,,-0.5752
2021-02-18,45.1,偏热,0.7083,0.6953,0.8529,0.5304,-0.6378,-0.4373,,-0.4214
2021-02-19,99.2,极热,0.7083,0.4537,0.6846,0.4676,0.5983,0.5868,,-0.2631
2021-02-22,99.0,极热,0.7083,0.6038,0.7567,0.4075,0.3484,0.5381,,-0.2425
2021-02-23,99.4,极热,0.7083,-0.5494,0.5595,0.368,0.7606,0.9061,,0.6204
2021-02-24,68.7,极热,0.7083,-0.3639,0.49,0.3321,-0.2769,0.353,,0.3107
2021-02-25,88.3,极热,0.7083,0.4968,0.5168,0.2987,0.3159,-0.8506,,0.6076
2021-02-26,77.4,极热,0.7083,-0.7646,0.4015,0.6349,-0.1943,0.4935,,0.4877
2021-03-01,44.0,偏热,0.7083,-0.4507,0.3906,0.756,-0.1834,-0.8246,,0.8886
2021-03-02,98.6,极热,0.7083,0.5046,0.3551,0.6366,-0.5252,0.7903,,0.538
2021-03-03,98.4,极热,0.7083,-0.3248,0.3519,0.595,0.3682,0.5904,,0.6588
2021-03-04,48.8,偏热,0.7083,-0.57,0.4751,0.5286,0.3251,-0.6898,,0.5315
2021-03-05,-24.7,偏冷,0.7083,-0.771,-0.2659,0.4809,0.3653,-0.6635,,0.6992
2021-03-08,80.4,极热,0.7083,-0.5308,0.409,0.4361,-0.3278,0.6373,,0.4928
2021-03-09,-19.8,偏冷,0.7083,-0.7404,-0.2764,0.6847,0.3313,-0.7809,,0.6951
2021-03-10,32.6,偏热,0.7083,-0.2901,0.3526,0.5617,-0.3026,-0.5876,,0.6663
2021-03-11,-41.0,冷,0.7083,-0.4312,0.2934,0.5383,-0.7032,-0.5734,,0.5168
2021-03-12,39.7,偏热,0.7083,0.3062,0.1923,0.4831,-0.1857,-0.7008,,0.3659
2021-03-15,35.9,偏热,0.7083,-0.4906,-0.1304,0.4304,-0.408,0.6176,,0.4059
2021-03-16,66.5,极热,0.7083,0.4166,-0.8974,0.3905,-0.2565,0.6361,,0.5726
2021-03-17,30.2,偏热,0.7083,0.4057,-0.6758,0.3543,-0.5986,0.464,,0.4297
2021-03-18,93.6,极热,0.7083,0.4184,0.6413,0.3208,-0.5419,0.4491,,0.3463
2021-03-19,-86.7,极冷,0.7083,-0.539,-0.5932,0.2893,-0.5511,-0.2549,,0.2968
2021-03-22,-78.7,极冷,0.7083,-0.4026,-0.4906,0.259,-0.4474,-0.3518,,0.358
2021-03-23,72.4,极热,0.7083,0.4232,0.4378,0.2293,-0.374,-0.0086,,0.1969
2021-03-24,-66.3,极冷,0.7083,-0.3719,-0.4068,0.1996,-0.3857,-0.1357,,0.3002
2021-03-25,-4.6,中性,0.7083,-0.4122,0.6143,-0.2729,-0.3671,0.1725,,0.2626
2021-03-26,-96.7,极冷,0.7083,-0.4556,-0.5605,-0.3357,-0.6977,0.1507,,-0.3277
2021-03-29,-51.9,冷,0.7083,0.5289,0.3032,-0.329,-0.386,-0.3338,,-0.3305
2021-03-30,-83.7,极冷,0.7083,-0.4592,-0.2862,-0.3229,-0.3416,0.4224,,-0.2637
2021-03-31,-97.0,极冷,0.7083,-0.4992,-0.4534,-0.3173,-0.2618,-0.5052,,-0.2733
2021-04-01,95.4,极热,0.7083,0.5526,-0.367,0.6191,-0.3072,0.5803,,0.7192
2021-04-02,99.0,极热,0.7083,0.6239,0.2934,0.5199,-0.4969,0.8271,,0.695
2021-04-06,-55.4,冷,0.6667,0.6104,0.1856,0.6142,-0.438,-0.6743,,-0.8309
2021-04-07,99.0,极热,0.6667,0.4699,0.4896,0.5508,-0.5498,0.8084,,0.6724
2021-04-08,98.2,极热,0.6667,0.5195,0.5292,0.492,0.6205,0.6552,,-0.5993
2021-04-09,99.8,极热,0.7083,0.6019,0.2047,0.6876,0.5332,0.5613,,0.5149
2021-04-12,92.7,极热,0.7083,0.4881,0.1945,0.5887,-0.5904,0.5524,,0.3452
2021-04-13,99.4,极热,0.7083,0.3739,0.3733,0.5633,0.5284,0.3965,,0.408
2021-04-14,90.8,极热,0.7083,0.5764,0.3279,0.5072,-0.821,0.6072,,0.2976
2021-04-15,86.6,极热,0.7083,0.3494,0.335,0.4553,-0.5851,0.4462,,0.286
2021-04-16,39.1,偏热,0.7083,0.6483,-0.8299,0.4233,-0.4399,0.4198,,0.2664
2021-04-19,-20.0,偏冷,0.7083,0.4684,-0.7973,0.3955,-0.2531,0.3667,,-0.3179
2021-04-20,-32.2,冷,0.7083,0.4248,-0.7105,0.3709,0.7827,-0.5728,,-0.5294
2021-04-21,-13.2,偏冷,0.7083,0.4472,-0.5823,0.3489,0.5289,-0.5139,,-0.2969
2021-04-22,-4.7,中性,0.7083,0.4845,-0.487,0.329,0.4856,-0.5024,,-0.2991
2021-04-23,15.0,微暖,0.7083,-0.455,-0.4493,0.6184,0.5219,0.5186,,-0.5254
2021-04-26,-59.9,冷,0.7083,0.5199,-0.4858,0.512,-0.1338,-0.5995,,-0.4576
2021-04-27,83.6,极热,0.7083,0.4322,-0.5066,0.4868,0.8173,0.4158,,-0.4261
2021-04-28,-79.2,极冷,0.7083,0.2807,-0.4034,0.424,-0.4166,-0.5422,,-0.425
2021-04-29,75.5,极热,0.6667,0.4135,-0.31,0.4446,0.6378,0.3727,,-0.5579
2021-04-30,-42.5,冷,0.6667,0.3803,-0.4783,0.4013,0.4612,-0.6677,,-0.4865
2021-05-06,-93.0,极冷,0.7083,-0.7989,-0.5205,-0.6476,-0.8769,0.362,,0.8327
2021-05-07,89.6,极热,0.7083,-0.4461,0.394,-0.5414,0.58,0.5541,,0.9106
2021-05-10,99.9,极热,0.7083,0.5363,0.5671,0.7613,0.5112,0.2542,,0.8335
2021-05-11,96.6,极热,0.7083,-0.8038,0.4307,0.6512,0.6533,0.2794,,0.7485
2021-05-12,79.1,极热,0.7083,-0.682,-0.2016,0.5994,0.5355,0.2004,,0.6426
2021-05-13,93.9,极热,0.7083,-0.825,0.3369,0.532,0.6448,0.459,,0.5356
2021-05-14,91.3,极热,0.7083,-0.4,-0.1119,0.4692,0.5436,0.4912,,0.4992
2021-05-17,52.4,偏热,0.7083,0.3645,-0.824,0.4261,0.6508,-0.3783,,0.4077
2021-05-18,-44.7,冷,0.7083,-0.4361,-0.7373,0.3875,0.7043,-0.646,,0.334
2021-05-19,-91.7,极冷,0.7083,-0.5238,-0.6489,0.3522,-0.7814,-0.3665,,0.349
2021-05-20,-44.9,冷,0.7083,-0.4483,-0.5623,0.3194,0.5553,-0.5897,,0.3008
2021-05-21,95.6,极热,0.7083,0.4016,-0.4899,0.2883,0.6292,0.7093,,0.2698
2021-05-24,-27.9,偏冷,0.7083,-0.1754,-0.4362,-0.6121,0.5301,0.1675,,0.2856
2021-05-25,55.4,偏热,0.7083,0.4571,-0.3975,-0.5236,0.5449,0.3689,,0.208
2021-05-26,-50.4,冷,0.7083,0.5081,-0.5098,-0.4978,0.8108,-0.9247,,0.1637
2021-05-27,-35.2,冷,0.7083,0.3442,-0.4141,-0.4353,0.608,-0.5599,,0.1439
2021-05-28,-43.0,冷,0.7083,0.3591,-0.3755,-0.3749,0.5923,-0.4332,,-0.1873
2021-05-31,3.5,中性,0.7083,0.4634,-0.3871,-0.336,0.6892,-0.4292,,0.0915
2021-06-01,-32.5,冷,0.7083,0.3728,-0.5856,-0.4,0.6471,0.518,,-0.7944
2021-06-02,1.0,中性,0.7083,0.3776,-0.37,-0.5414,0.7371,0.5946,,-0.6909
2021-06-03,-65.0,极冷,0.7083,0.4411,-0.2175,-0.5131,0.5439,-0.4011,,-0.5903
2021-06-04,-87.7,极冷,0.6667,-0.4565,-0.2951,-0.5508,0.4995,-0.0642,,-0.5388
2021-06-07,-3.1,中性,0.6667,0.6607,-0.2187,-0.4801,0.3871,0.2055,,-0.5258
2021-06-08,-17.2,偏冷,0.6667,0.3846,-0.27,-0.4358,0.4896,0.1562,,-0.4551
2021-06-09,88.2,极热,0.7083,0.4779,-0.2197,0.6607,0.4534,0.3724,,-0.3912
2021-06-10,70.9,极热,0.7083,0.4386,-0.1973,0.5553,0.4946,0.0558,,-0.4522
2021-06-11,96.7,极热,0.7083,0.6323,0.4847,0.5262,0.5365,0.2679,,-0.5121
2021-06-15,98.7,极热,0.7083,0.6376,0.3096,0.4633,0.5997,0.7251,,-0.4035
2021-06-16,95.8,极热,0.7083,0.4365,-0.8323,0.4031,0.431,0.775,,0.6435
2021-06-17,79.1,极热,0.7083,-0.5294,0.6872,0.3636,-0.3811,0.3608,,0.5897
2021-06-18,87.2,极热,0.7083,0.6625,0.6551,0.3277,-0.58,0.5023,,-0.2332
2021-06-21,-5.4,中性,0.6667,-0.7634,-0.5596,0.3604,0.5649,0.6073,,-0.1767
2021-06-22,76.2,极热,0.6667,0.5103,-0.517,0.3271,0.5382,0.5911,,-0.4275
2021-06-23,73.9,极热,0.6667,0.5416,-0.5873,0.2957,0.4823,0.4556,,-0.226
2021-06-24,99.0,极热,0.6667,0.4462,0.3989,0.2656,0.6836,0.9143,,-0.2586
2021-06-25,70.5,极热,0.7083,0.6492,-0.3636,-0.6074,0.4464,0.5816,,0.2042
2021-06-28,75.5,极热,0.7083,0.4876,0.4112,-0.5003,0.6625,0.3077,,-0.3673
2021-06-29,19.6,微暖,0.6667,0.6659,-0.3647,-0.5827,0.575,0.4792,,-0.4921
2021-06-30,-29.1,偏冷,0.6667,0.5445,-0.6188,-0.5089,0.5373,0.209,,-0.3941
2021-07-01,-50.3,冷,0.7083,0.6075,-0.4256,-0.6779,0.6948,0.217,,-0.8648
2021-07-02,-34.1,冷,0.7083,0.4284,0.524,-0.5706,0.4353,-0.4065,,-0.689
2021-07-05,-27.3,偏冷,0.7083,0.6074,0.593,-0.5385,0.2772,-0.5674,,-0.5667
2021-07-06,35.0,偏热,0.7083,0.4622,0.3137,-0.4741,0.3933,0.4166,,-0.6889
2021-07-07,40.3,偏热,0.6667,0.5792,0.3804,-0.5056,0.6818,-0.2125,,-0.4361
2021-07-08,-23.7,偏冷,0.6667,0.5119,0.1329,-0.4598,0.5117,-0.3042,,-0.5764
2021-07-09,-85.0,极冷,0.7083,-0.5899,0.2088,-0.67,0.8137,-0.3818,,-0.6109
2021-07-12,13.4,微暖,0.7083,0.483,-0.2462,-0.5649,0.3832,0.4818,,-0.3485
2021-07-13,82.4,极热,0.7083,0.3851,0.3511,-0.5352,0.8556,0.5673,,-0.4353
2021-07-14,-53.8,冷,0.7083,-0.4183,-0.3099,-0.4723,0.478,0.463,,-0.3063
2021-07-15,70.5,极热,0.7083,0.3365,0.3111,-0.4123,0.4802,0.4236,,-0.2574
2021-07-16,-56.2,冷,0.7083,-0.564,0.8158,-0.3728,0.432,-0.5656,,-0.3112
2021-07-19,-81.0,极冷,0.7083,-0.6711,-0.6674,-0.3369,0.4372,-0.3184,,0.442
2021-07-20,-47.4,冷,0.7083,-0.8181,0.6616,-0.3036,0.3774,-0.6786,,0.3321
2021-07-21,-95.3,极冷,0.7083,-0.4343,-0.5699,-0.272,-0.6659,-0.2988,,0.2283
2021-07-22,-50.1,冷,0.7083,0.3682,-0.4901,-0.3229,0.7597,-0.2783,,-0.5289
2021-07-23,88.0,极热,0.7083,0.4178,0.4421,-0.3049,0.7745,0.5648,,-0.5284
2021-07-26,90.5,极热,0.7083,0.4808,0.4192,-0.6074,0.7378,0.5675,,-0.1222
2021-07-27,-68.2,极冷,0.7083,0.3372,-0.4177,-0.5003,0.7774,-0.8743,,-0.0884
2021-07-28,-86.4,极冷,0.7083,-0.5424,-0.5354,-0.5218,0.6999,-0.8357,,0.4592
2021-07-29,-73.4,极冷,0.7083,0.439,-0.5431,-0.4676,-0.3166,-0.6056,,0.5923
2021-07-30,24.7,微暖,0.7083,0.543,-0.2771,-0.4168,0.2996,0.8883,,-0.6957
2021-08-02,-7.4,中性,0.7083,0.4252,-0.4253,-0.66,0.216,-0.3569,,0.8078
2021-08-03,89.1,极热,0.7083,0.6002,0.5897,-0.5533,0.705,-0.5765,,0.6728
2021-08-04,66.5,极热,0.7083,0.5218,0.4691,-0.5235,0.1516,-0.4567,,0.6775
2021-08-05,-34.8,冷,0.7083,0.4499,0.4334,-0.5072,0.4797,-0.4446,,-0.7008
2021-08-06,73.4,极热,0.7083,0.461,0.5129,-0.4553,0.3816,-0.3957,,0.4471
2021-08-09,98.2,极热,0.7083,0.5812,0.3351,0.6819,0.5283,-0.3178,,0.3788
2021-08-10,82.6,极热,0.7083,0.4452,-0.2604,0.5764,0.5339,-0.4776,,0.3514
2021-08-11,-77.7,极冷,0.7083,-0.4673,-0.505,0.5452,0.4155,-0.5443,,-0.4598
2021-08-12,97.1,极热,0.6667,0.3911,0.511,0.4818,0.5198,-0.2332,,0.3055
2021-08-13,65.0,极热,0.6667,-0.4952,0.2671,-0.4215,0.5758,0.5464,,0.3314
2021-08-16,76.7,极热,0.7083,0.3956,-0.8235,0.3816,0.3658,0.2119,,0.4986
2021-08-17,62.2,极热,0.7083,0.2079,-0.666,0.3453,0.3894,0.2459,,0.2221
2021-08-18,-54.8,冷,0.7083,-0.6695,-0.6597,0.3118,0.2162,-0.4293,,0.6837
2021-08-19,-91.3,极冷,0.7083,-0.7178,-0.6506,0.2801,-0.4466,-0.5498,,0.5005
2021-08-20,-93.6,极冷,0.7083,-0.6507,-0.4861,-0.329,-0.1987,-0.3717,,0.2182
2021-08-23,-91.5,极冷,0.7083,-0.3831,-0.4408,-0.6184,-0.2224,-0.462,,0.498
2021-08-24,23.1,微暖,0.7083,0.5029,-0.4089,-0.512,0.5494,0.5819,,-0.408
2021-08-25,61.8,极热,0.7083,0.4211,-0.4548,-0.4868,0.7595,0.7831,,-0.2373
2021-08-26,88.2,极热,0.7083,0.5261,-0.5448,-0.424,0.5284,0.8351,,0.467
2021-08-27,94.3,极热,0.6667,-0.385,-0.4583,0.4215,0.7588,0.5119,,0.8747
2021-08-30,98.1,极热,0.6667,0.6197,-0.4508,0.3915,0.2057,0.6055,,0.7959
2021-08-31,99.6,极热,0.6667,0.4685,-0.3514,0.3655,0.8797,0.7335,,0.7292
2021-09-01,93.0,极热,0.7083,0.36,-0.3671,-0.6349,0.6781,0.6851,,0.9221
2021-09-02,87.9,极热,0.7083,0.4737,0.4855,-0.5286,0.8408,-0.7545,,0.8962
2021-09-03,97.5,极热,0.6667,0.5001,0.3257,-0.6142,0.4932,0.5504,,0.8101
2021-09-06,83.1,极热,0.6667,0.5716,0.3771,-0.5403,0.5948,-0.5051,,0.7123
2021-09-07,53.1,偏热,0.6667,0.4367,-0.1511,-0.4696,0.5863,-0.3184,,0.5466
2021-09-08,22.3,微暖,0.6667,-0.5217,-0.1701,-0.4258,0.5644,0.3055,,0.5293
2021-09-09,85.4,极热,0.7083,-0.1525,-0.1009,0.6569,0.6241,-0.3104,,0.5359
2021-09-10,87.7,极热,0.7083,0.3501,-0.3337,0.5512,0.6156,-0.5621,,0.7363
2021-09-13,21.5,微暖,0.7083,-0.5251,-0.3331,0.5224,0.7163,-0.6284,,0.5552
2021-09-14,94.8,极热,0.7083,0.2389,-0.3054,0.4594,0.5683,0.187,,0.5716
2021-09-15,95.4,极热,0.7083,0.3879,-0.4595,0.399,0.5008,0.4658,,0.4837
2021-09-16,93.2,极热,0.7083,0.3522,-0.8246,0.3596,0.6484,0.6583,,0.4471
2021-09-17,-73.4,极冷,0.7083,-0.4588,-0.6829,-0.3881,0.3849,-0.2148,,0.4401
2021-09-22,-98.2,极冷,0.7083,-0.8306,-0.6428,-0.364,-0.3749,-0.7401,,0.3877
2021-09-23,-78.6,极冷,0.7083,-0.4847,-0.5601,-0.3424,-0.6193,0.6211,,0.3482
2021-09-24,-42.4,冷,0.7083,-0.5319,-0.514,-0.6246,0.3352,0.6471,,0.3064
2021-09-27,-97.7,极冷,0.7083,-0.5789,-0.4393,-0.5184,-0.3967,-0.7763,,0.2564
2021-09-28,-98.0,极冷,0.7083,-0.5222,-0.678,-0.4927,-0.147,-0.9422,,0.2501
2021-09-29,-98.9,极冷,0.7083,-0.9111,-0.3942,-0.43,-0.6659,-0.7469,,0.248
2021-09-30,-98.8,极冷,0.7083,-0.763,-0.6538,-0.4268,-0.5511,-0.738,,0.2905
2021-10-08,-99.6,极冷,0.7083,-0.5983,-0.3751,-0.6657,-0.812,-0.5326,,-0.7206
2021-10-11,-88.0,极冷,0.7083,-0.6172,0.6216,-0.7921,-0.3913,0.415,,-0.6021
2021-10-12,-99.5,极冷,0.7083,-0.6076,-0.5241,-0.6879,-0.5674,-0.5553,,-0.5869
2021-10-13,-99.1,极冷,0.7083,-0.5607,-0.3205,-0.6361,-0.5504,-0.4537,,-0.5388
2021-10-14,-92.5,极冷,0.7083,-0.3871,-0.2386,-0.5591,-0.6504,0.5591,,-0.419
2021-10-15,-67.2,极冷,0.7083,0.3706,-0.1845,-0.4987,-0.592,0.5092,,-0.3918
2021-10-18,-90.5,极冷,0.7083,-0.4109,0.7638,-0.4533,-0.4728,-0.5289,,-0.432
2021-10-19,-72.5,极冷,0.7083,0.3851,-0.4827,-0.4129,-0.2427,0.2004,,-0.3675
2021-10-20,-78.4,极冷,0.7083,0.4956,-0.6212,-0.3763,-0.3304,0.2484,,-0.4684
2021-10-21,11.6,微暖,0.7083,0.3877,0.501,-0.3424,-0.1685,0.2627,,-0.4825
2021-10-22,92.2,极热,0.7083,0.5071,0.6405,-0.3107,-0.1851,0.5444,,0.347
2021-10-25,-81.4,极冷,0.7083,0.292,0.4863,-0.5556,-0.2489,-0.6646,,-0.4458
2021-10-26,-62.3,极冷,0.7083,0.4258,-0.5418,-0.4094,-0.211,0.6273,,-0.5731
2021-10-27,-25.9,偏冷,0.7083,0.2986,-0.4015,-0.428,0.1308,0.5556,,-0.3784
2021-10-28,-33.3,冷,0.7083,0.3445,-0.3969,-0.4399,0.2282,-0.4127,,0.3669
2021-10-29,-9.8,中性,0.7083,0.6014,-0.4132,-0.3796,0.2783,-0.5113,,0.3841
2021-11-01,-60.6,极冷,0.7083,0.5786,-0.3384,-0.6228,0.4095,0.2674,,-0.9209
2021-11-02,69.1,极热,0.7083,0.5151,0.3715,-0.4779,0.619,0.7112,,-0.8221
2021-11-03,10.3,微暖,0.7083,0.5518,-0.2276,-0.482,0.6359,0.4588,,-0.747
2021-11-04,-33.3,冷,0.7083,0.5799,0.3167,-0.4626,-0.6609,0.7044,,-0.7214
2021-11-05,29.4,微暖,0.7083,0.7366,0.2238,-0.4553,0.1836,0.3384,,-0.6618
2021-11-08,-18.0,偏冷,0.7083,0.6329,0.2629,-0.4233,-0.6358,0.5995,,-0.5333
2021-11-09,67.3,极热,0.7083,0.484,0.2628,0.665,-0.576,0.5337,,-0.5085
2021-11-10,69.0,极热,0.7083,0.5942,-0.2309,0.5598,-0.2748,0.7433,,-0.504
2021-11-11,23.2,微暖,0.7083,-0.6391,0.2734,0.5304,-0.195,0.7736,,-0.4327
2021-11-12,-44.1,冷,0.7083,0.5159,-0.3898,0.4676,-0.1696,-0.4049,,-0.4503
2021-11-15,8.3,中性,0.7083,0.5062,-0.3337,0.4075,-0.539,0.5155,,-0.4115
2021-11-16,39.4,偏热,0.7083,-0.5182,0.863,0.368,-0.341,0.4579,,-0.3451
2021-11-17,86.3,极热,0.7083,0.5599,0.7002,0.3321,-0.5418,0.5408,,-0.2915
2021-11-18,-83.2,极冷,0.7083,-0.425,-0.6961,0.2987,-0.5577,0.5255,,-0.3388
2021-11-19,88.6,极热,0.7083,0.4738,0.5606,0.3424,-0.1597,0.3692,,-0.2313
2021-11-22,13.9,微暖,0.7083,0.5843,-0.4806,0.3229,-0.312,0.4054,,-0.3297
2021-11-23,64.6,极热,0.7083,-0.6409,0.5614,0.3049,0.6378,0.329,,-0.3824
2021-11-24,-34.1,冷,0.7083,-0.5501,-0.4558,0.2883,0.3872,0.3125,,-0.2962
2021-11-25,-4.6,中性,0.7083,-0.417,-0.6068,0.2729,0.3927,0.6226,,-0.2492
2021-11-26,-50.5,冷,0.7083,-0.4095,-0.3617,-0.6313,0.5456,0.646,,-0.2833
2021-11-29,-94.5,极冷,0.7083,-0.7585,-0.5297,-0.5329,-0.3821,0.6185,,-0.2907
2021-11-30,31.0,偏热,0.7083,0.4843,-0.396,-0.5137,0.7004,0.4928,,-0.3779
2021-12-01,-13.5,偏冷,0.7083,-0.7094,-0.5467,0.7049,0.5992,0.7559,,-0.7962
2021-12-02,74.6,极热,0.7083,-0.6364,0.5613,0.5854,0.5384,0.5434,,-0.5795
2021-12-03,61.3,极热,0.7083,-0.3718,0.3331,0.5507,0.3417,0.5842,,-0.6791
2021-12-06,60.8,极热,0.6667,-0.6677,0.4145,0.594,0.5175,0.4066,,-0.5045
2021-12-07,70.4,极热,0.6667,-0.2838,-0.1572,0.5213,0.6408,-0.5392,,0.733
2021-12-08,84.5,极热,0.6667,0.5353,-0.1506,0.4743,0.4099,-0.6722,,0.6443
2021-12-09,-81.1,极冷,0.7083,0.3553,-0.2896,-0.6757,0.3562,-0.5334,,-0.3458
2021-12-10,-86.1,极冷,0.7083,-0.337,-0.2541,-0.5708,0.7338,-0.5278,,-0.3537
2021-12-13,-19.1,偏冷,0.7083,0.3981,0.3094,-0.5405,0.4948,-0.5096,,-0.2901
2021-12-14,22.9,微暖,0.7083,-0.5521,0.3316,-0.4777,0.7492,-0.4424,,0.715
2021-12-15,18.6,微暖,0.7083,-0.4651,0.3316,-0.4177,0.6497,-0.3777,,0.5314
2021-12-16,-29.0,偏冷,0.7083,0.4767,-0.815,-0.3781,0.5444,-0.6114,,0.5854
2021-12-17,-78.7,极冷,0.7083,-0.6645,-0.6775,-0.3422,0.5351,-0.3434,,0.4564
2021-12-20,-14.9,偏冷,0.7083,-0.4957,0.7149,-0.3088,0.0972,-0.6422,,0.5644
2021-12-21,-21.7,偏冷,0.7083,-0.4763,0.6471,-0.2773,0.0936,-0.7176,,0.5889
2021-12-22,-8.0,中性,0.7083,0.3705,0.6268,-0.2469,-0.5994,-0.5693,,0.4102
2021-12-23,87.8,极热,0.7083,0.4714,0.6673,0.6155,-0.3279,-0.4922,,0.4186
2021-12-24,85.0,极热,0.7083,0.5817,0.5275,0.5089,-0.2165,-0.5169,,0.3605
2021-12-27,65.3,极热,0.7083,0.4301,0.6196,0.4838,-0.575,-0.563,,0.4323
2021-12-28,-28.6,偏冷,0.7083,0.5734,-0.6542,0.4723,-0.6086,-0.4922,,0.505
2021-12-29,-71.7,极冷,0.7083,0.3494,-0.3078,-0.4215,-0.3674,-0.557,,0.4133
2021-12-30,-62.0,极冷,0.7083,0.6331,-0.4256,-0.3915,-0.4454,-0.5413,,0.4971
2021-12-31,-76.3,极冷,0.7083,0.271,-0.5025,-0.3655,-0.3487,-0.4157,,0.3507
2022-01-04,61.5,极热,0.7083,0.658,-0.2521,0.6349,-0.6302,-0.3355,,0.7072
2022-01-05,98.9,极热,0.7083,-0.4557,0.4619,0.5286,0.4835,0.7049,,0.6841
2022-01-06,38.7,偏热,0.6667,-0.6555,-0.1901,0.6142,-0.6481,0.6797,,0.7059
2022-01-07,88.0,极热,0.6667,-0.4409,0.4553,0.5403,-0.4466,0.621,,0.6389
2022-01-10,-81.5,极冷,0.7083,-0.7146,-0.1326,-0.692,-0.7455,0.5679,,0.6314
2022-01-11,-56.6,冷,0.7083,-0.4353,0.2014,-0.5853,-0.629,0.3371,,0.5199
2022-01-12,35.1,偏热,0.7083,0.4855,-0.0846,-0.5525,-0.4819,0.4106,,0.6491
2022-01-13,51.4,偏热,0.625,0.5207,0.282,-0.4883,-0.38,0.2686,,0.3959
2022-01-14,-76.8,极冷,0.625,-0.6688,-0.5574,0.4275,-0.4188,-0.3675,,0.6016
2022-01-17,18.3,微暖,0.7083,-0.4268,0.8315,-0.387,-0.4426,0.3082,,0.3709
2022-01-18,6.3,中性,0.7083,-0.3968,0.6675,-0.3502,-0.3834,0.3258,,0.2518
2022-01-19,-43.7,冷,0.7083,-0.7914,0.699,-0.3163,-0.5511,0.3109,,0.2567
2022-01-20,-51.8,冷,0.6667,-0.6877,0.5605,-0.3482,-0.705,0.2769,,0.3985
2022-01-21,-85.9,极冷,0.6667,-0.6952,0.5026,-0.3164,-0.6715,-0.5771,,0.481
2022-01-24,-28.6,偏冷,0.7083,-0.6675,0.4489,0.6216,-0.7718,-0.3241,,0.4962
2022-01-25,-43.3,冷,0.7083,-0.5522,0.3988,0.5155,-0.8171,-0.1577,,0.2149
2022-01-26,-58.4,冷,0.7083,-0.626,0.4586,0.4901,-0.5993,-0.8378,,0.5388
2022-01-27,-75.1,极冷,0.7083,-0.6579,0.3785,0.4275,-0.8026,-0.5699,,0.2958
2022-01-28,-74.6,极冷,0.7083,-0.6557,0.3043,0.3666,-0.6691,-0.8136,,0.5668
2022-02-07,-79.9,极冷,0.7083,0.6054,-0.612,-0.6627,-0.7231,-0.4824,,0.8603
2022-02-08,-77.0,极冷,0.7083,-0.3663,0.5692,-0.5562,-0.5742,-0.7424,,0.7111
2022-02-09,-79.4,极冷,0.7083,-0.3924,0.2625,-0.7057,-0.4805,-0.539,,0.8125
2022-02-10,-2.4,中性,0.7083,0.3734,0.5388,-0.5696,-0.4204,-0.5021,,0.6347
2022-02-11,-70.3,极冷,0.7083,-0.4623,0.5183,-0.6058,-0.3996,-0.5446,,0.6746
2022-02-14,-79.6,极冷,0.7083,-0.4981,0.2206,-0.5381,-0.4894,-0.4123,,0.6439
2022-02-15,-79.4,极冷,0.7083,-0.4997,0.3076,-0.4753,-0.6033,-0.3651,,0.5664
2022-02-16,-53.9,冷,0.7083,-0.3678,0.8721,-0.432,-0.4956,-0.4544,,0.343
2022-02-17,-91.7,极冷,0.7083,-0.2419,-0.6531,-0.3933,-0.5318,-0.2519,,0.4217
2022-02-18,-26.8,偏冷,0.7083,-0.4134,0.7396,-0.3579,-0.2503,-0.235,,0.2918
2022-02-21,-93.4,极冷,0.7083,-0.3245,-0.6442,-0.3249,-0.5455,-0.3041,,0.3494
2022-02-22,-69.7,极冷,0.7083,-0.2842,-0.5585,-0.2938,-0.1593,0.0232,,0.4078
2022-02-23,-8.1,中性,0.7083,-0.4291,-0.5966,-0.264,0.3707,0.5307,,0.3654
2022-02-24,-63.4,极冷,0.7083,-0.6305,-0.463,-0.2347,0.4431,0.5464,,-0.3687
2022-02-25,88.1,极热,0.7083,-0.4572,-0.4721,0.6115,0.6979,0.7663,,0.2366
2022-02-28,3.1,中性,0.7083,0.1864,-0.6181,0.5049,-0.2804,0.7049,,-0.3968
2022-03-01,7.4,中性,0.7083,-0.5259,-0.3409,0.618,0.138,0.6481,,-0.396
2022-03-02,73.1,极热,0.7083,-0.7455,0.5328,0.4689,0.1404,0.7868,,-0.2125
2022-03-03,81.5,极热,0.7083,-0.3458,0.2668,0.4782,0.3537,0.5754,,-0.2048
2022-03-04,80.3,极热,0.7083,-0.5854,0.3964,0.5069,0.5195,0.8652,,-0.5571
2022-03-07,-18.4,偏冷,0.7083,-0.7414,0.2054,0.4438,-0.1444,0.5589,,-0.4436
2022-03-08,27.9,微暖,0.7083,-0.7915,0.181,0.4547,0.6407,-0.781,,0.6935
2022-03-09,-67.9,极冷,0.7083,-0.5202,-0.2311,-0.6824,0.5562,-0.5654,,0.68
2022-03-10,31.2,偏热,0.7083,-0.1889,0.2289,-0.5775,0.5224,-0.2266,,0.6131
2022-03-11,-96.8,极冷,0.7083,-0.5084,-0.113,-0.5466,-0.1084,-0.6652,,-0.3172
2022-03-14,-98.0,极冷,0.7083,-0.5544,-0.085,-0.4836,-0.515,-0.5577,,-0.3593
2022-03-15,-75.8,极冷,0.7083,-0.67,-0.3031,0.4237,-0.2194,-0.6658,,0.4673
2022-03-16,-94.2,极冷,0.7083,-0.4058,-0.8197,0.384,-0.8575,-0.6807,,0.5958
2022-03-17,-8.4,中性,0.7083,0.5927,0.666,0.3479,-0.7047,-0.6906,,-0.1994
2022-03-18,-61.3,极冷,0.7083,0.5079,0.6656,-0.3145,-0.7268,-0.5891,,-0.1928
2022-03-21,-60.7,极冷,0.7083,0.5992,0.5787,-0.283,-0.8001,-0.5239,,-0.209
2022-03-22,-84.3,极冷,0.7083,0.5754,-0.4826,-0.2527,-0.4529,-0.5073,,-0.1363
2022-03-23,1.3,中性,0.7083,0.6055,0.4791,-0.2229,-0.6082,-0.4791,,0.3054
2022-03-24,-68.0,极冷,0.7083,-0.3618,0.4041,0.2883,-0.4723,-0.5748,,-0.0983
2022-03-25,47.0,偏热,0.7083,0.6456,0.4061,0.2729,-0.5483,-0.4673,,0.2471
2022-03-28,-57.1,冷,0.6667,0.5451,-0.6409,-0.3357,-0.5266,-0.3007,,0.6748
2022-03-29,-43.1,冷,0.6667,0.5994,-0.446,-0.329,-0.5579,-0.3268,,0.6681
2022-03-30,-22.6,偏冷,0.6667,0.6157,-0.3081,-0.3229,-0.5555,-0.3096,,0.7243
2022-03-31,-85.8,极冷,0.6667,0.4819,-0.4685,-0.3173,-0.2388,-0.6544,,-0.1233
2022-04-01,-71.3,极冷,0.7083,0.2167,-0.4634,-0.6191,-0.3963,-0.459,,0.8812
2022-04-06,-79.5,极冷,0.7083,-0.6063,0.6102,-0.5199,-0.5506,-0.6224,,0.6576
2022-04-07,-85.8,极冷,0.7083,-0.498,-0.2796,-0.5454,-0.2451,-0.5425,,0.8265
2022-04-08,-78.5,极冷,0.7083,-0.5136,0.1975,-0.4982,-0.5298,-0.4531,,0.7662
2022-04-11,-82.6,极冷,0.7083,-0.5452,0.4073,-0.7023,-0.4344,-0.5465,,0.675
2022-04-12,-82.7,极冷,0.7083,-0.5951,0.3603,-0.6022,-0.5033,-0.5365,,0.7303
2022-04-13,-92.4,极冷,0.7083,-0.5051,-0.1341,-0.5748,-0.4569,-0.5827,,0.5664
2022-04-14,-74.4,极冷,0.7083,-0.339,0.4888,-0.5178,-0.5604,-0.6285,,0.6421
2022-04-15,10.7,微暖,0.7083,-0.6487,0.4934,-0.4651,-0.4744,0.8423,,0.4592
2022-04-18,50.2,偏热,0.7083,-0.4585,0.7678,-0.4323,-0.5527,0.8388,,0.4799
2022-04-19,-27.9,偏冷,0.7083,-0.5,0.5632,-0.4038,-0.7877,0.6594,,0.2731
2022-04-20,11.3,微暖,0.7083,-0.4445,0.6598,-0.3786,-0.602,0.5587,,0.3991
2022-04-21,17.7,微暖,0.7083,-0.3906,0.4599,-0.3561,-0.432,0.5713,,0.3814
2022-04-22,-78.6,极冷,0.7083,-0.5792,0.5909,-0.3357,-0.536,-0.6028,,0.4299
2022-04-25,-64.4,极冷,0.7083,-0.7045,0.4481,0.6216,-0.8481,-0.6112,,0.4238
2022-04-26,90.3,极热,0.7083,-0.4721,0.5516,0.5155,0.9003,-0.5984,,0.5976
2022-04-27,-59.3,冷,0.7083,-0.7328,0.5008,0.4901,-0.7413,-0.6079,,0.5018
2022-04-28,-72.7,极冷,0.7083,-0.579,0.3723,0.4275,-0.7593,-0.5424,,0.1973
2022-04-29,-86.0,极冷,0.7083,-0.4558,-0.3357,0.3666,-0.712,-0.5483,,0.3763
2022-05-05,-30.0,冷,0.7083,-0.3974,-0.4557,-0.6627,0.821,-0.2269,,0.7122
2022-05-06,-73.8,极冷,0.7083,-0.805,0.3071,-0.5562,-0.5088,-0.1974,,0.8816
2022-05-09,-78.8,极冷,0.7083,-0.586,0.5507,-0.7324,-0.7582,-0.2304,,0.7587
2022-05-10,-88.9,极冷,0.7083,-0.75,-0.2794,-0.5921,-0.7262,0.2383,,0.6958
2022-05-11,72.9,极热,0.7083,-0.4644,0.5756,-0.6058,0.5315,0.3908,,0.5339
2022-05-12,0.9,中性,0.7083,-0.5975,-0.2593,-0.5381,0.6889,0.3596,,0.4297
2022-05-13,-52.6,冷,0.7083,-0.541,0.3262,-0.4753,-0.636,0.3876,,0.4067
2022-05-16,31.7,偏热,0.7083,-0.3364,0.8755,-0.432,-0.4384,0.3387,,0.389
2022-05-17,41.8,偏热,0.7083,-0.3788,0.6557,-0.3933,-0.2976,0.5101,,0.3991
2022-05-18,82.1,极热,0.7083,0.4464,0.7993,-0.3579,-0.3197,0.3118,,0.2749
2022-05-19,4.2,中性,0.7083,-0.5591,0.5705,-0.3249,-0.3564,0.5148,,0.2567
2022-05-20,79.5,极热,0.7083,0.3635,0.5268,-0.2938,-0.1068,0.3288,,0.2429
2022-05-23,27.0,微暖,0.7083,-0.4063,0.4604,-0.264,0.4947,-0.2381,,0.2663
2022-05-24,39.3,偏热,0.7083,0.3478,0.3982,-0.2347,-0.2133,0.4021,,-0.2643
2022-05-25,96.6,极热,0.6667,0.5694,0.3856,-0.2516,0.5715,0.3466,,0.2793
2022-05-26,23.7,微暖,0.7083,0.3617,0.4587,-0.6041,-0.5972,0.5048,,0.1801
2022-05-27,93.4,极热,0.7083,0.5028,0.3044,-0.4969,0.2508,0.8962,,0.1713
2022-05-30,77.9,极热,0.7083,0.6431,0.3105,-0.4728,-0.3752,0.7956,,0.1617
2022-05-31,85.2,极热,0.7083,0.4526,0.3443,-0.4096,0.2213,0.7588,,-0.1233
2022-06-01,73.8,极热,0.7083,0.4108,-0.4709,0.6729,0.5379,0.6872,,-0.8289
2022-06-02,94.4,极热,0.7083,0.3551,0.5489,0.5652,0.176,0.6368,,-0.5798
2022-06-06,35.7,偏热,0.6667,0.4622,0.1807,0.6532,-0.5198,0.5017,,-0.8214
2022-06-07,96.3,极热,0.6667,0.4787,0.1605,0.5772,0.9613,0.5382,,-0.7933
2022-06-08,94.0,极热,0.6667,0.4844,0.1334,0.5056,0.694,0.4693,,-0.6084
2022-06-09,43.0,偏热,0.7083,0.4209,0.1537,-0.6876,0.8046,0.4475,,-0.6001
2022-06-10,-35.8,冷,0.7083,-0.4111,0.0922,-0.5821,0.5704,0.3629,,-0.3571
2022-06-13,-48.6,冷,0.6667,-0.7283,0.3632,-0.5504,0.6071,0.3585,,-0.5059
2022-06-14,-70.7,极冷,0.6667,-0.9223,0.2704,-0.487,0.7707,0.2478,,-0.6784
2022-06-15,-68.7,极冷,0.6667,-0.7086,0.4355,-0.4268,0.6901,-0.377,,-0.4043
2022-06-16,-89.6,极冷,0.7083,-0.4131,-0.8305,-0.3868,0.878,-0.3165,,-0.3858
2022-06-17,-10.7,偏冷,0.7083,-0.677,0.6894,-0.3505,0.5913,0.2233,,-0.4985
2022-06-20,-94.0,极冷,0.7083,-0.4732,-0.6852,-0.3169,0.4371,-0.3437,,-0.4577
2022-06-21,-77.0,极冷,0.7083,-0.4536,-0.7336,-0.2852,0.6368,0.2464,,-0.4071
2022-06-22,-87.7,极冷,0.7083,-0.3021,-0.4961,-0.2548,0.4103,-0.5188,,-0.2564
2022-06-23,-29.0,偏冷,0.6667,-0.281,-0.4661,-0.2755,0.4905,0.4376,,-0.1662
2022-06-24,-68.5,极冷,0.7083,-0.2618,0.3975,-0.6101,0.4041,-0.4086,,-0.3404
2022-06-27,-43.4,冷,0.7083,0.2248,-0.5922,-0.5032,0.4201,0.3995,,-0.3659
2022-06-28,-56.9,冷,0.7083,-0.1738,-0.6305,-0.4786,0.6279,0.3381,,-0.285
2022-06-29,-91.1,极冷,0.7083,-0.3098,-0.5003,-0.4676,0.5033,-0.3048,,-0.5204
2022-06-30,-72.8,极冷,0.7083,-0.369,-0.5445,-0.4168,0.6256,-0.4612,,0.2642
2022-07-01,-83.7,极冷,0.7083,-0.3991,-0.5863,0.66,0.5272,-0.5222,,-0.8496
2022-07-04,-84.5,极冷,0.7083,-0.5594,0.5046,0.5533,-0.5997,-0.5406,,-0.5776
2022-07-05,-9.0,中性,0.7083,-0.3881,0.4393,0.5235,0.459,-0.3972,,-0.6556
2022-07-06,-85.6,极冷,0.7083,-0.5872,0.2506,-0.5072,0.4564,-0.3995,,-0.5107
2022-07-07,-81.3,极冷,0.7083,-0.5126,0.3421,-0.4553,0.5437,-0.5352,,-0.5115
2022-07-08,-46.0,冷,0.7083,0.5786,0.2824,-0.4233,-0.6932,0.4039,,-0.5761
2022-07-11,-72.0,极冷,0.7083,0.512,0.1919,-0.665,-0.5832,0.1171,,-0.455
2022-07-12,-83.9,极冷,0.7083,-0.4675,0.257,-0.5598,-0.5324,-0.522,,0.6112
2022-07-13,-58.7,冷,0.7083,-0.3348,0.3752,-0.5304,-0.5124,-0.3424,,0.7239
2022-07-14,69.7,极热,0.7083,0.3748,0.3738,-0.4676,-0.5738,0.6309,,0.5598
2022-07-15,55.1,偏热,0.7083,0.4078,0.3527,-0.4075,0.34,0.1794,,-0.2395
2022-07-18,98.7,极热,0.7083,0.6107,0.8551,-0.368,0.1854,0.6024,,0.4434
2022-07-19,74.0,极热,0.7083,0.2183,0.6705,-0.3321,-0.5298,0.6069,,0.3385
2022-07-20,93.4,极热,0.7083,0.6614,0.6657,-0.2987,-0.5637,0.7123,,0.4731
2022-07-21,57.0,偏热,0.7083,0.6356,0.5594,-0.3424,-0.561,0.564,,-0.1578
2022-07-22,95.2,极热,0.7083,0.6813,0.4868,-0.3229,0.3867,0.6756,,-0.1388
2022-07-25,97.1,极热,0.7083,0.5242,0.4666,0.6155,-0.5378,0.7173,,0.2045
2022-07-26,96.2,极热,0.7083,0.4085,0.407,0.5089,-0.5774,0.701,,0.4224
2022-07-27,86.3,极热,0.7083,0.3273,0.3789,0.4838,-0.5035,0.6665,,-0.0712
2022-07-28,99.8,极热,0.7083,0.6844,0.3588,0.4723,0.5707,0.8347,,0.2634
2022-07-29,92.0,极热,0.7083,0.6466,0.5857,-0.4215,0.3541,0.8141,,-0.417
2022-08-01,55.8,偏热,0.7083,0.7055,-0.6345,-0.6627,-0.0811,0.642,,0.7514
2022-08-02,98.6,极热,0.7083,0.63,0.6203,-0.5562,0.3582,0.6315,,0.6378
2022-08-03,10.9,微暖,0.7083,0.3366,0.504,-0.5262,-0.9177,0.245,,0.5588
2022-08-04,79.1,极热,0.7083,0.6166,0.5974,-0.4626,-0.5706,0.4301,,0.4881
2022-08-05,94.5,极热,0.7083,0.6151,0.4933,0.4553,-0.6247,0.2144,,0.5633
2022-08-08,-33.0,冷,0.7083,0.4633,0.4418,0.4233,-0.5828,-0.2271,,-0.7847
2022-08-09,-40.0,冷,0.7083,0.3936,0.3738,-0.665,-0.3043,0.4507,,-0.6087
2022-08-10,-8.8,中性,0.7083,0.249,0.2847,-0.5598,0.2464,0.4357,,-0.6853
2022-08-11,44.6,偏热,0.7083,0.6756,0.2138,-0.5304,0.3005,0.4099,,-0.5373
2022-08-12,-35.1,冷,0.7083,0.4567,0.4181,-0.4676,0.4211,-0.5004,,-0.6281
2022-08-15,39.0,偏热,0.7083,0.5584,0.3628,-0.4075,-0.3729,0.055,,0.2463
2022-08-16,65.2,极热,0.7083,0.504,0.8314,-0.368,0.3381,-0.0899,,-0.4015
2022-08-17,57.5,偏热,0.7083,0.3932,0.7174,-0.3321,0.3913,-0.1972,,-0.2882
2022-08-18,-5.4,中性,0.7083,-0.4296,0.646,-0.2987,0.4417,-0.5728,,0.2227
2022-08-19,60.5,极热,0.7083,0.5792,0.5593,-0.3424,0.5077,-0.1635,,-0.4053
2022-08-22,-4.2,中性,0.7083,-0.5989,0.4986,-0.3229,0.5603,-0.5146,,0.4081
2022-08-23,39.7,偏热,0.7083,-0.787,0.4446,0.6155,0.3432,-0.3195,,0.1843
2022-08-24,64.8,极热,0.7083,-0.5801,0.4015,0.5089,0.4222,-0.1418,,0.1786
2022-08-25,52.9,偏热,0.7083,-0.5514,0.4062,0.4838,0.598,-0.8677,,0.6055
2022-08-26,-2.1,中性,0.6667,-0.3267,0.4531,0.5155,-0.3947,-0.7884,,0.6061
2022-08-29,-92.6,极冷,0.6667,-0.7903,-0.6411,0.4446,-0.6165,-0.6365,,0.5963
2022-08-30,-63.6,极冷,0.6667,-0.6946,0.3273,0.4013,-0.6274,-0.5131,,0.4094
2022-08-31,-45.8,冷,0.6667,-0.6482,-0.4766,0.3626,-0.6885,0.5544,,0.4831
2022-09-01,-87.9,极冷,0.7083,-0.6187,-0.5567,0.6349,-0.8982,-0.734,,0.8786
2022-09-02,-45.0,冷,0.7083,-0.6797,0.4728,0.5286,-0.899,-0.5581,,0.779
2022-09-05,57.6,偏热,0.7083,-0.545,0.1972,0.5454,-0.7936,0.6291,,0.7035
2022-09-06,78.2,极热,0.7083,-0.5277,0.4078,0.4904,-0.5449,0.6096,,0.646
2022-09-07,20.5,微暖,0.7083,-0.6468,0.1511,0.4393,-0.4857,0.3321,,0.4751
2022-09-08,69.7,极热,0.7083,-0.3038,0.1781,0.4084,-0.4404,0.614,,0.4189
2022-09-09,-42.5,冷,0.7083,-0.341,0.1117,-0.6569,-0.6554,0.7185,,0.4476
2022-09-13,-52.7,冷,0.625,0.4076,0.218,-0.5512,-0.5978,-0.437,,0.4229
2022-09-14,-98.9,极冷,0.625,-0.7228,-0.1559,-0.5224,-0.446,-0.5779,,-0.547
2022-09-15,-93.4,极冷,0.625,-0.3112,-0.2098,-0.4594,-0.627,-0.4876,,0.3008
2022-09-16,-87.7,极冷,0.7083,-0.5319,-0.8146,-0.399,0.6451,-0.5726,,0.3145
2022-09-19,-98.0,极冷,0.7083,-0.4563,-0.7685,-0.3596,-0.5766,-0.5873,,0.2195
2022-09-20,-96.8,极冷,0.7083,-0.3726,-0.7406,-0.3881,-0.7287,-0.424,,0.4348
2022-09-21,-97.0,极冷,0.7083,-0.6455,-0.6113,-0.364,-0.6235,-0.2219,,0.1785
2022-09-22,-95.6,极冷,0.7083,-0.6144,-0.5985,-0.3424,-0.5629,-0.3305,,0.4131
2022-09-23,-74.3,极冷,0.7083,-0.7183,0.437,-0.6246,-0.5562,0.3899,,0.1528
2022-09-26,-63.3,极冷,0.7083,-0.8255,0.3981,-0.5184,-0.5451,0.3898,,0.4183
2022-09-27,-94.6,极冷,0.7083,-0.8401,-0.6432,-0.4927,-0.4876,0.3266,,0.2522
2022-09-28,-94.2,极冷,0.7083,-0.7058,0.3457,-0.43,-0.4901,-0.4844,,-0.0986
2022-09-29,-93.4,极冷,0.6667,-0.2471,-0.4691,-0.4268,-0.6335,-0.617,,0.6347
2022-09-30,-90.2,极冷,0.6667,-0.6404,-0.6102,-0.3966,-0.5672,0.5808,,0.1156
2022-10-10,-83.8,极冷,0.7083,-0.5374,0.5208,-0.8187,-0.8151,-0.3864,,0.8985
2022-10-11,-85.0,极冷,0.7083,-0.6177,0.3603,-0.6395,-0.4948,-0.6872,,0.8681
2022-10-12,-94.9,极冷,0.7083,-0.6268,-0.241,-0.6277,-0.694,-0.468,,0.7655
2022-10-13,-39.7,冷,0.7083,-0.5286,0.2263,-0.5671,0.5584,-0.5531,,0.5144
2022-10-14,-88.3,极冷,0.7083,-0.326,-0.1644,-0.5187,-0.3714,-0.5747,,0.5179
2022-10-17,-21.9,偏冷,0.7083,-0.5766,0.5895,-0.4708,0.6831,-0.7741,,0.4338
2022-10-18,38.3,偏热,0.7083,-0.3119,0.3949,-0.4284,-0.3079,0.7636,,0.3445
2022-10-19,56.1,偏热,0.7083,-0.2783,0.5337,-0.3903,-0.2299,0.722,,0.3142
2022-10-20,59.4,偏热,0.7083,-0.4118,0.5882,-0.3554,-0.1401,0.7119,,0.3293
2022-10-21,83.9,极热,0.7083,-0.3772,0.4895,-0.3229,0.4389,0.6934,,0.2866
2022-10-24,77.1,极热,0.7083,0.3584,-0.4899,0.6384,-0.2695,0.5169,,0.2749
2022-10-25,97.9,极热,0.7083,0.3522,-0.4491,0.5275,0.6676,0.8096,,0.2291
2022-10-26,76.1,极热,0.7083,0.6489,-0.5935,0.5052,-0.2515,0.4785,,0.2287
2022-10-27,71.4,极热,0.7083,0.5425,-0.5821,0.4449,0.5411,0.5795,,-0.5851
2022-10-28,-10.3,偏冷,0.7083,0.3664,-0.5012,0.3848,0.4209,-0.438,,-0.2877
2022-10-31,-48.1,冷,0.7083,0.6773,-0.3886,0.346,-0.6703,-0.609,,0.1889
2022-11-01,82.7,极热,0.7083,0.3449,-0.3711,-0.6324,0.5426,0.6402,,0.6737
2022-11-02,61.5,极热,0.7083,0.3783,0.229,-0.4854,0.6157,-0.6867,,0.7267
2022-11-03,-44.4,冷,0.7083,-0.4619,0.205,-0.491,0.5825,-0.6766,,0.4308
2022-11-04,27.8,微暖,0.7083,-0.5676,0.1997,0.4982,0.3824,-0.6496,,0.4872
2022-11-07,94.1,极热,0.7083,0.6078,0.1699,0.4468,0.6251,-0.7103,,0.5518
2022-11-08,84.1,极热,0.7083,0.5666,-0.217,0.4154,0.5767,-0.5102,,0.3825
2022-11-09,-83.8,极冷,0.7083,0.4845,-0.1632,-0.6607,-0.7026,-0.5207,,0.3558
2022-11-10,-37.3,冷,0.7083,-0.3491,-0.2227,-0.5553,0.6508,-0.387,,0.5334
2022-11-11,49.3,偏热,0.7083,0.9107,-0.4458,-0.5262,0.3748,-0.3136,,0.6171
2022-11-14,58.9,偏热,0.7083,0.7849,-0.3161,-0.4633,0.7736,-0.4719,,0.4379
2022-11-15,-16.1,偏冷,0.7083,0.5403,-0.3047,-0.4031,0.0849,-0.5311,,0.5048
2022-11-16,-79.5,极冷,0.7083,0.6849,-0.8668,-0.3636,0.4345,-0.5567,,-0.3732
2022-11-17,-77.4,极冷,0.7083,0.514,-0.7515,-0.3277,-0.3272,-0.5275,,0.4129
2022-11-18,-40.7,冷,0.7083,0.4096,-0.685,-0.364,0.4417,-0.3774,,0.193
2022-11-21,-70.1,极冷,0.7083,0.4237,-0.6219,-0.3424,-0.1834,-0.4987,,0.3731
2022-11-22,-26.0,偏冷,0.7083,0.3562,-0.6813,-0.3229,0.6288,-0.4288,,0.2467
2022-11-23,-21.7,偏冷,0.7083,0.5768,-0.5719,-0.3049,0.1869,-0.5018,,0.4557
2022-11-24,-71.8,极冷,0.7083,0.5979,-0.5082,-0.2883,-0.4087,-0.5281,,0.2538
2022-11-25,-65.4,极冷,0.7083,0.4831,-0.3687,-0.2729,-0.5268,-0.3966,,0.3192
2022-11-28,42.6,偏热,0.7083,0.4403,-0.3895,-0.3357,-0.5157,0.7138,,0.6085
2022-11-29,19.0,微暖,0.7083,0.1958,-0.5155,-0.329,-0.2783,0.6234,,0.5519
2022-11-30,83.7,极热,0.7083,0.2038,-0.2939,-0.3229,0.5463,0.6885,,0.3748
2022-12-01,-85.2,极冷,0.7083,0.616,-0.4184,-0.6217,-0.5922,0.6144,,-0.8201
2022-12-02,98.9,极热,0.7083,0.5826,0.5067,0.7477,0.5284,0.6376,,-0.5853
2022-12-05,-40.8,冷,0.7083,0.5348,0.3727,-0.6557,-0.6456,0.6395,,-0.5838
2022-12-06,69.3,极热,0.7083,0.172,0.3472,0.6386,0.8005,-0.5278,,-0.5301
2022-12-07,59.7,偏热,0.7083,-0.4834,0.3404,0.5637,0.1472,0.6209,,-0.462
2022-12-08,-46.1,冷,0.7083,-0.5921,0.3124,0.5063,0.4485,-0.599,,-0.5076
2022-12-09,10.9,微暖,0.7083,0.3963,-0.1244,0.4688,0.4545,-0.608,,-0.4213
2022-12-12,53.7,偏热,0.7083,-0.4121,-0.0918,0.4366,0.5412,0.5647,,-0.4012
2022-12-13,94.6,极热,0.7083,0.5059,0.5487,0.4083,0.6929,0.3348,,-0.7576
2022-12-14,5.3,中性,0.7083,0.6198,-0.4126,0.3832,-0.5596,0.5266,,-0.4317
2022-12-15,74.6,极热,0.7083,0.4011,0.4796,0.3607,-0.2757,0.5018,,-0.4959
2022-12-16,-22.6,偏冷,0.7083,-0.6899,0.8771,0.3403,-0.5933,0.4576,,-0.5134
2022-12-19,-97.1,极冷,0.7083,-0.4983,-0.7524,0.3216,-0.5447,-0.545,,-0.2662
2022-12-20,-96.8,极冷,0.7083,-0.5496,-0.6922,0.3043,-0.499,-0.6168,,-0.1768
2022-12-21,-90.4,极冷,0.7083,-0.6351,-0.6035,0.2882,-0.5627,0.139,,-0.1807
2022-12-22,37.5,偏热,0.7083,0.4067,0.6021,0.2732,-0.7077,-0.329,,0.2019
2022-12-23,-87.2,极冷,0.7083,-0.6019,0.6356,-0.482,-0.5729,-0.5994,,0.2788
2022-12-26,-91.4,极冷,0.7083,-0.5633,-0.4163,-0.3178,-0.7677,0.129,,0.3159
2022-12-27,-95.1,极冷,0.7083,-0.4426,-0.6601,-0.3678,-0.4051,0.285,,-0.3908
2022-12-28,-95.0,极冷,0.6667,-0.6044,-0.5677,-0.464,-0.528,0.6404,,-0.4025
2022-12-29,-95.5,极冷,0.6667,-0.5615,-0.547,-0.492,-0.5883,0.4578,,-0.2822
2022-12-30,-73.3,极冷,0.6667,0.4376,-0.6101,-0.4598,-0.4731,0.5338,,-0.3348
2023-01-03,-97.7,极冷,0.7083,-0.5053,-0.4582,-0.6757,-0.6472,0.5772,,-0.7103
2023-01-04,-25.0,偏冷,0.7083,-0.5035,0.28,-0.5775,0.4846,0.8957,,-0.725
2023-01-05,-6.7,中性,0.7083,0.2645,0.4945,-0.5536,-0.376,0.7511,,-0.5651
2023-01-06,-88.2,极冷,0.7083,-0.5492,0.5012,-0.4982,-0.4145,0.1657,,-0.6198
2023-01-09,72.5,极热,0.7083,0.6412,0.1762,0.6967,-0.4392,0.4791,,-0.597
2023-01-10,7.9,中性,0.7083,0.516,-0.1388,-0.5902,0.3565,0.491,,-0.4938
2023-01-11,32.5,偏热,0.7083,0.5545,-0.3292,0.557,-0.2411,0.3556,,-0.5084
2023-01-12,-46.3,冷,0.7083,0.6071,-0.2671,-0.4929,-0.3492,0.3666,,-0.3242
2023-01-13,-39.9,冷,0.7083,0.8332,-0.3578,-0.4321,-0.5043,0.4052,,-0.2965
2023-01-16,-91.6,极冷,0.7083,0.6882,-0.8177,-0.3915,-0.5183,-0.2746,,-0.2902
2023-01-17,-20.5,偏冷,0.7083,0.5629,-0.7249,-0.3548,0.7723,0.1999,,-0.5674
2023-01-18,-65.1,极冷,0.7083,0.5196,-0.7371,0.3209,-0.6891,0.3992,,-0.5248
2023-01-19,-38.6,冷,0.7083,0.4817,-0.5864,0.289,-0.6024,0.5214,,-0.4419
2023-01-20,-54.9,冷,0.6667,0.3544,-0.6184,0.3164,-0.5328,0.5008,,-0.5788
2023-01-30,-78.3,极冷,0.7083,0.7366,-0.5813,-0.6216,-0.732,0.7251,,-0.4978
2023-01-31,17.0,微暖,0.7083,0.2638,-0.4816,-0.5155,0.7476,0.7221,,-0.4749
2023-02-01,62.6,极热,0.7083,0.5629,-0.3997,0.7495,0.1106,0.496,,-0.7243
2023-02-02,93.4,极热,0.7083,0.7593,-0.3317,0.6227,0.7074,0.6512,,-0.7362
2023-02-03,88.6,极热,0.7083,0.552,-0.3089,0.5776,0.6454,0.6148,,-0.6753
2023-02-06,75.8,极热,0.7083,0.4663,-0.3361,0.5135,0.4295,0.5764,,-0.635
2023-02-07,39.3,偏热,0.7083,-0.4424,-0.3286,0.4506,0.5179,0.7459,,-0.4625
2023-02-08,40.7,偏热,0.7083,0.5722,-0.3021,0.4079,0.5578,-0.3669,,-0.3895
2023-02-09,-87.4,极冷,0.7083,-0.3081,-0.3822,-0.4452,0.5817,-0.4747,,-0.3627
2023-02-10,-79.3,极冷,0.7083,-0.4839,-0.3198,-0.5775,0.4977,0.4447,,-0.6215
2023-02-13,-21.9,偏冷,0.7083,-0.4862,0.4147,-0.5466,0.2761,0.4596,,-0.2875
2023-02-14,9.9,中性,0.7083,-0.4029,0.2841,-0.4836,0.643,0.4353,,-0.3188
2023-02-15,49.7,偏热,0.7083,0.5493,-0.1102,-0.4237,0.4354,0.4016,,-0.2775
2023-02-16,94.9,极热,0.7083,0.6231,0.8252,-0.384,0.4428,0.5203,,-0.2747
2023-02-17,55.1,偏热,0.7083,-0.5236,0.7184,-0.3479,0.7081,-0.3747,,0.5066
2023-02-20,64.2,极热,0.7083,-0.3056,0.7459,-0.3145,-0.5297,0.5437,,0.6777
2023-02-21,-7.9,中性,0.7083,-0.4818,0.564,-0.283,0.5348,-0.6595,,0.319
2023-02-22,-17.2,偏冷,0.7083,-0.6977,0.5349,-0.2527,0.3167,-0.5524,,0.5542
2023-02-23,-76.3,极冷,0.7083,-0.5077,0.4836,-0.2229,-0.6383,-0.6045,,0.5191
2023-02-24,1.4,中性,0.7083,-0.3357,0.455,-0.2883,0.3297,-0.4395,,0.3333
2023-02-27,-88.5,极冷,0.7083,-0.6699,0.5583,-0.6003,-0.561,-0.5261,,0.3973
2023-02-28,-3.9,中性,0.7083,-0.2844,0.3396,-0.5371,0.3303,-0.3196,,0.4791
2023-03-01,-75.2,极冷,0.7083,-0.4164,-0.5952,-0.7441,0.4404,-0.3458,,0.7374
2023-03-02,-8.0,中性,0.7083,-0.4408,0.4825,-0.6249,0.6064,-0.6335,,0.6295
2023-03-03,67.4,极热,0.7083,-0.5264,0.3892,0.5743,0.3464,-0.6041,,0.6868
2023-03-06,92.2,极热,0.7083,0.385,0.464,0.5069,0.3386,-0.6306,,0.4866
2023-03-07,88.3,极热,0.7083,-0.3173,0.5334,0.4438,0.7479,-0.4965,,0.4624
2023-03-08,52.3,偏热,0.7083,-0.4951,0.3139,0.4547,0.4592,-0.6998,,0.6081
2023-03-09,-66.1,极冷,0.7083,0.47,0.2592,-0.6824,-0.7799,-0.3563,,0.3475
2023-03-10,-47.3,冷,0.7083,-0.6075,0.2405,-0.5775,0.5256,-0.3717,,0.3299
2023-03-13,-87.1,极冷,0.7083,-0.7456,0.1368,-0.5466,-0.1713,-0.451,,0.4097
2023-03-14,-91.9,极冷,0.7083,-0.7391,0.2452,-0.4836,0.3823,-0.4286,,-0.6128
2023-03-15,-6.1,中性,0.6667,0.4433,0.329,-0.4237,0.6999,-0.438,,-0.5957
2023-03-16,-96.5,极冷,0.7083,-0.6125,-0.8197,-0.384,0.4845,-0.3861,,-0.4346
2023-03-17,9.2,中性,0.7083,0.6432,-0.7307,-0.3479,0.5743,-0.4248,,0.4666
2023-03-20,92.4,极热,0.7083,0.6602,0.6478,-0.3145,0.6026,0.6012,,-0.6034
2023-03-21,48.9,偏热,0.7083,0.5977,-0.6276,-0.283,0.7816,0.7051,,-0.5462
2023-03-22,12.9,微暖,0.7083,0.598,-0.5381,-0.2527,0.593,0.4045,,-0.598
2023-03-23,88.0,极热,0.7083,0.517,0.4637,-0.2229,0.516,0.5846,,-0.5032
2023-03-24,85.5,极热,0.7083,0.6244,0.5261,-0.2883,0.7077,0.3496,,-0.6367
2023-03-27,88.4,极热,0.7083,0.3721,0.6329,-0.2729,0.5802,0.531,,-0.4722
2023-03-28,-4.5,中性,0.625,0.3328,-0.5913,-0.3164,0.7719,0.3639,,-0.5273
2023-03-29,33.2,偏热,0.625,0.3531,0.3571,-0.3056,0.6052,-0.5825,,-0.0377
2023-03-30,-12.3,偏冷,0.625,0.5659,-0.5066,-0.2957,0.4636,0.5798,,-0.8348
2023-03-31,-73.0,极冷,0.625,0.5696,-0.3261,-0.2865,0.4348,-0.665,,-0.6186
2023-04-03,81.3,极热,0.7083,0.5731,-0.4317,-0.6191,0.2108,0.5549,,0.8821
2023-04-04,-12.4,偏冷,0.7083,0.5063,0.5165,-0.5199,0.841,-0.4823,,-0.8619
2023-04-06,98.6,极热,0.7083,0.478,0.3664,-0.5454,0.7071,0.5919,,0.7284
2023-04-07,-76.4,极冷,0.7083,0.4808,-0.1581,-0.4982,0.6246,-0.6839,,-0.7216
2023-04-10,-76.7,极冷,0.7083,0.3453,0.1662,-0.7023,0.411,-0.5541,,-0.6505
2023-04-11,0.9,中性,0.7083,0.2924,0.1142,-0.6022,0.6853,-0.7903,,0.3952
2023-04-12,79.6,极热,0.7083,0.2612,0.1449,-0.5748,0.3558,0.4635,,0.4254
2023-04-13,72.6,极热,0.6667,0.4413,0.2718,-0.5178,0.5663,0.6338,,-0.4477
2023-04-14,89.4,极热,0.6667,0.5562,0.2779,-0.4651,0.3187,0.3954,,0.3096
2023-04-17,-46.2,冷,0.7083,0.434,-0.8162,-0.4323,0.2873,0.5894,,-0.4858
2023-04-18,-95.6,极冷,0.7083,-0.5056,-0.6776,-0.4038,0.6317,-0.6523,,-0.3924
2023-04-19,-86.1,极冷,0.7083,0.4283,-0.6603,-0.3786,0.3522,-0.7349,,-0.3134
2023-04-20,-94.5,极冷,0.7083,-0.4916,-0.5945,-0.3561,0.3711,-0.4814,,-0.3468
2023-04-21,-89.5,极冷,0.7083,-0.2564,-0.5136,-0.3357,0.5817,-0.4829,,-0.4874
2023-04-24,-6.8,中性,0.7083,-0.4411,-0.4572,0.6216,0.4348,-0.5771,,0.4251
2023-04-25,73.8,极热,0.7083,0.4576,-0.4612,0.5155,0.4289,-0.4443,,0.4671
2023-04-26,-88.3,极冷,0.7083,-0.7384,-0.4597,0.4901,-0.404,-0.7311,,0.4532
2023-04-27,-61.9,极冷,0.7083,-0.4798,-0.3685,0.4275,-0.4306,-0.352,,0.5128
2023-04-28,-32.2,冷,0.7083,0.61,-0.5873,0.3666,-0.5496,-0.5807,,0.4899
2023-05-04,-88.2,极冷,0.7083,-0.5934,-0.5652,-0.6627,-0.8088,0.5483,,0.7365
2023-05-05,50.0,偏热,0.7083,-0.5272,0.5851,-0.5562,0.5848,-0.348,,0.9003
2023-05-08,38.3,偏热,0.7083,0.6456,0.5806,-0.5262,-0.6274,-0.3623,,0.7899
2023-05-09,73.2,极热,0.7083,0.3624,0.4099,-0.7305,0.6745,-0.4341,,0.7
2023-05-10,6.9,中性,0.7083,-0.3224,0.3821,-0.619,0.65,-0.5889,,0.6583
2023-05-11,-58.0,冷,0.7083,0.5421,-0.18,-0.5821,-0.6348,-0.3545,,0.607
2023-05-12,66.4,极热,0.7083,0.5662,0.4148,-0.5165,-0.6382,0.4849,,0.5373
2023-05-15,-83.6,极冷,0.7083,-0.479,0.2272,-0.455,-0.6324,-0.4108,,0.5346
2023-05-16,-81.8,极冷,0.7083,0.51,-0.7109,-0.4133,-0.1912,-0.7267,,0.3998
2023-05-17,-72.7,极冷,0.7083,-0.512,0.771,-0.3757,-0.605,-0.5543,,0.4075
2023-05-18,89.1,极热,0.7083,0.7402,0.6448,-0.3411,-0.5572,0.5907,,0.3419
2023-05-19,95.9,极热,0.7083,0.8429,0.659,-0.3089,-0.3131,0.672,,0.3078
2023-05-22,-72.4,极冷,0.7083,-0.5841,-0.5016,-0.2782,-0.439,0.6424,,0.2721
2023-05-23,75.3,极热,0.7083,0.6189,0.4456,-0.2484,-0.4467,0.3321,,0.2824
2023-05-24,-0.5,中性,0.7083,-0.5545,0.454,-0.3064,-0.4419,0.6028,,0.3035
2023-05-25,13.5,微暖,0.7083,-0.5997,0.4515,-0.2901,-0.27,0.6549,,0.2476
2023-05-26,-24.3,偏冷,0.7083,-0.7087,-0.3887,0.6012,-0.273,0.4244,,0.1604
2023-05-29,77.1,极热,0.7083,0.6659,-0.3817,0.4936,-0.4865,0.655,,0.0978
2023-05-30,84.0,极热,0.7083,0.574,-0.2767,0.4697,-0.1969,0.4241,,0.1986
2023-05-31,48.0,偏热,0.7083,0.4883,-0.3957,0.4594,-0.301,0.6802,,-0.3601
2023-06-01,20.7,微暖,0.7083,0.3563,-0.5173,-0.6729,-0.3152,0.6575,,0.7975
2023-06-02,90.8,极热,0.7083,0.5903,0.48,-0.5652,-0.1656,0.4946,,0.65
2023-06-05,-30.9,冷,0.7083,0.6021,0.2607,-0.5748,-0.6547,-0.5454,,0.688
2023-06-06,72.0,极热,0.7083,0.4298,0.161,-0.5178,-0.3329,0.6392,,0.5507
2023-06-07,74.7,极热,0.7083,0.5348,0.4396,-0.4651,-0.6057,0.316,,0.784
2023-06-08,-9.6,中性,0.7083,0.449,-0.2297,-0.4323,-0.7935,0.37,,0.6195
2023-06-09,-10.9,偏冷,0.7083,0.5003,0.1128,-0.67,-0.5667,-0.1011,,0.6915
2023-06-12,67.2,极热,0.7083,0.3888,0.3414,-0.5649,0.8565,0.361,,-0.5194
2023-06-13,94.4,极热,0.7083,0.4469,0.3113,-0.5352,0.3793,0.6955,,0.401
2023-06-14,64.6,极热,0.7083,0.6469,0.3097,-0.4723,-0.4399,0.4839,,0.2706
2023-06-15,96.9,极热,0.7083,0.6266,0.3074,-0.4123,0.6429,0.4816,,0.3107
2023-06-16,-32.2,冷,0.7083,0.6369,-0.8228,-0.3728,0.7026,-0.613,,0.2404
2023-06-19,-97.2,极冷,0.7083,0.5172,-0.7529,-0.3369,-0.7118,-0.4675,,-0.5304
2023-06-20,-67.7,极冷,0.7083,0.4228,-0.7472,-0.3036,0.5635,-0.3755,,-0.3431
2023-06-21,-33.1,冷,0.7083,0.3396,-0.7125,-0.272,0.2495,0.4601,,-0.3583
2023-06-26,-69.9,极冷,0.7083,-0.3423,-0.4851,0.6246,-0.5928,-0.6156,,0.6049
2023-06-27,-28.4,偏冷,0.7083,0.2669,-0.5003,0.5184,-0.3138,-0.7839,,0.6011
2023-06-28,-49.6,冷,0.7083,0.5147,-0.4296,0.4927,-0.7079,-0.7089,,0.3754
2023-06-29,-36.7,冷,0.7083,0.3241,-0.3665,0.43,-0.5167,-0.6653,,0.4722
2023-06-30,-75.6,极冷,0.7083,-0.4777,-0.3341,0.4268,-0.6025,-0.4885,,0.5132
2023-07-03,-85.8,极冷,0.7083,0.4743,-0.6278,0.6657,-0.6048,-0.411,,-0.7529
2023-07-04,73.4,极热,0.7083,0.528,0.6078,0.5594,0.6446,-0.712,,-0.6265
2023-07-05,-64.3,极冷,0.7083,0.3985,-0.4012,0.5293,-0.495,-0.197,,-0.5646
2023-07-06,-95.7,极冷,0.7083,-0.5696,-0.2507,0.4657,-0.5443,-0.5094,,-0.6259
2023-07-07,-67.9,极冷,0.7083,-0.6222,0.4444,0.405,-0.617,0.1544,,-0.5493
2023-07-10,-95.3,极冷,0.7083,-0.54,-0.2567,-0.6819,-0.6903,-0.3946,,0.5927
2023-07-11,-47.6,冷,0.7083,0.5507,0.423,-0.5764,-0.524,0.0878,,-0.4253
2023-07-12,-70.3,极冷,0.7083,0.477,0.2606,-0.5452,-0.5609,-0.1506,,-0.3381
2023-07-13,-35.8,冷,0.7083,0.7704,-0.1514,-0.4818,-0.5336,-0.4339,,0.5316
2023-07-14,-15.9,偏冷,0.7083,0.7384,0.1805,0.4215,-0.5143,-0.6435,,-0.2679
2023-07-17,-87.0,极冷,0.7083,0.5397,-0.8156,-0.3816,-0.5224,-0.5441,,0.394
2023-07-18,-9.5,中性,0.7083,0.6425,-0.6807,-0.3453,-0.5796,0.5379,,0.4202
2023-07-19,-12.4,偏冷,0.7083,0.5694,-0.6636,-0.3118,-0.545,0.4871,,0.4181
2023-07-20,4.9,中性,0.7083,0.4394,-0.5606,-0.2801,-0.6036,0.6614,,0.4722
2023-07-21,-73.7,极冷,0.7083,-0.28,-0.4894,0.329,-0.5533,-0.5872,,0.6724
2023-07-24,-29.5,偏冷,0.7083,0.2398,-0.4365,-0.6184,-0.7339,0.7248,,0.6216
2023-07-25,-49.6,冷,0.7083,-0.1575,-0.4156,-0.512,-0.7312,0.7903,,0.5687
2023-07-26,-43.7,冷,0.7083,0.3393,-0.3923,-0.4868,0.8416,-0.9524,,0.2855
2023-07-27,-80.0,极冷,0.7083,0.3979,-0.3496,-0.424,-0.6734,-0.4723,,0.4286
2023-07-28,-95.5,极冷,0.6667,-0.5942,-0.3202,-0.4446,-0.4441,-0.7514,,0.5619
2023-07-31,2.0,中性,0.6667,0.599,-0.3144,-0.4013,0.7977,-0.9377,,0.3901
2023-08-01,-23.0,偏冷,0.7083,0.4088,-0.609,0.6476,0.661,-0.4953,,-0.7389
2023-08-02,-49.8,冷,0.7083,-0.4775,0.5364,0.5414,0.184,-0.6466,,-0.6132
2023-08-03,-83.9,极冷,0.7083,-0.6823,-0.2824,0.5131,0.2842,-0.4575,,-0.5945
2023-08-04,-28.3,偏冷,0.7083,-0.5568,0.5626,0.4982,0.3719,-0.5998,,-0.4888
2023-08-07,22.3,微暖,0.7083,-0.5113,0.4925,0.4468,0.6978,-0.4109,,-0.4161
2023-08-08,-27.1,偏冷,0.7083,-0.3297,-0.1346,0.4154,0.619,-0.4002,,-0.3999
2023-08-09,-35.5,冷,0.7083,-0.5793,-0.11,0.6607,0.4885,-0.3978,,-0.3723
2023-08-10,-46.6,冷,0.7083,-0.5843,-0.0808,0.5553,-0.5261,-0.2746,,0.4567
2023-08-11,-41.3,冷,0.7083,-0.5478,-0.3572,0.5262,0.4556,-0.12,,-0.3511
2023-08-14,-42.4,冷,0.7083,-0.6514,-0.304,0.4633,-0.012,-0.5612,,0.6804
2023-08-15,15.8,微暖,0.7083,-0.4167,-0.3815,0.4031,0.308,-0.342,,0.6416
2023-08-16,-84.7,极冷,0.7083,-0.6852,-0.8919,0.3636,-0.3066,-0.3693,,0.6753
2023-08-17,-76.7,极冷,0.7083,-0.7107,-0.6681,0.3277,-0.2329,-0.3593,,0.6661
2023-08-18,-2.1,中性,0.6667,-0.7143,-0.7151,0.3604,0.2314,0.4298,,0.4675
2023-08-21,-72.1,极冷,0.6667,-0.5198,-0.6196,0.3271,-0.2047,-0.4026,,0.533
2023-08-22,-81.4,极冷,0.6667,-0.4388,-0.508,0.2957,-0.4067,-0.6263,,0.5505
2023-08-23,66.8,极热,0.6667,-0.4631,-0.4446,0.2656,0.1867,0.8721,,0.4274
2023-08-24,61.1,极热,0.6667,0.2285,-0.3982,0.2362,-0.4561,0.5628,,0.5663
2023-08-25,19.8,微暖,0.7083,-0.6302,-0.3756,0.6003,-0.2015,0.4767,,0.3933
2023-08-28,9.2,中性,0.7083,-0.4336,-0.5352,0.5371,-0.6933,0.8042,,0.5195
2023-08-29,93.3,极热,0.7083,0.3655,-0.6225,0.5175,0.6916,0.3344,,0.3402
2023-08-30,91.5,极热,0.7083,0.5612,-0.5431,0.4633,0.1574,0.6339,,0.235
2023-08-31,66.5,极热,0.7083,0.5048,-0.5846,0.4125,0.2306,0.5448,,-0.2807
2023-09-01,97.5,极热,0.7083,0.5733,-0.2907,0.6575,-0.2633,0.6715,,0.7225
2023-09-04,97.5,极热,0.7083,0.5996,0.4721,0.5507,-0.5519,0.3978,,0.584
2023-09-05,99.6,极热,0.7083,0.4379,0.3924,0.5633,0.4875,0.3493,,0.6068
2023-09-06,61.3,极热,0.7083,-0.5963,0.3223,0.5072,-0.3502,0.3802,,0.4843
2023-09-07,85.9,极热,0.7083,-0.4149,-0.1607,0.4553,0.4266,0.5208,,0.4342
2023-09-08,47.1,偏热,0.7083,-0.393,-0.2169,0.4233,-0.2194,0.3922,,0.5545
2023-09-11,72.2,极热,0.7083,-0.3781,0.2061,0.665,-0.5762,0.6491,,0.3771
2023-09-12,99.6,极热,0.7083,0.3322,0.427,0.5598,0.788,0.2322,,0.4374
2023-09-13,98.0,极热,0.7083,-0.282,0.3033,0.5304,0.8198,0.4787,,0.2948
2023-09-14,99.0,极热,0.7083,0.3101,0.3261,0.4676,0.6666,0.3239,,0.3347
2023-09-15,89.6,极热,0.7083,-0.5249,0.3207,0.4075,0.602,0.2314,,0.3718
2023-09-18,23.5,微暖,0.7083,-0.5726,-0.8162,0.368,0.513,0.5868,,0.2452
2023-09-19,63.9,极热,0.7083,-0.3253,-0.6669,0.3321,0.5826,0.5561,,0.3166
2023-09-20,44.5,偏热,0.7083,-0.5369,-0.6469,0.2987,0.5334,0.5337,,0.3564
2023-09-21,-42.9,冷,0.7083,-0.6409,-0.5749,0.3424,-0.5859,0.6648,,0.4205
2023-09-22,35.0,偏热,0.7083,-0.8411,-0.4818,0.3229,0.4974,0.5109,,0.4347
2023-09-25,-71.8,极冷,0.7083,-0.6185,-0.4711,-0.6155,0.3771,0.6311,,-0.1665
2023-09-26,-17.8,偏冷,0.7083,-0.674,-0.4328,-0.5089,0.4357,0.7063,,0.3796
2023-09-27,-97.6,极冷,0.7083,-0.7623,-0.3644,-0.4838,-0.4192,-0.5694,,0.1733
2023-09-28,-61.2,极冷,0.7083,-0.6294,-0.4834,-0.4723,0.3098,0.3345,,0.2626
2023-10-09,96.1,极热,0.7083,-0.4579,0.5261,0.7711,-0.2311,0.5597,,0.7066
2023-10-10,87.7,极热,0.7083,-0.4603,-0.3237,0.6161,0.376,0.5587,,0.5786
2023-10-11,95.5,极热,0.7083,-0.2228,-0.2529,0.5931,0.325,0.7802,,0.5786
2023-10-12,98.5,极热,0.7083,0.2432,-0.2454,0.5304,0.6034,0.5509,,0.5722
2023-10-13,-20.9,偏冷,0.7083,-0.5131,-0.2082,0.4762,0.4556,0.267,,-0.6307
2023-10-16,41.8,偏热,0.7083,-0.5272,-0.784,0.4857,0.2679,0.6609,,0.4191
2023-10-17,89.1,极热,0.7083,0.3584,-0.7656,0.4427,0.546,0.1953,,0.6325
2023-10-18,48.9,偏热,0.7083,-0.4239,-0.5836,0.404,0.3918,0.4657,,0.322
2023-10-19,-27.8,偏冷,0.7083,-0.6032,-0.5434,0.3686,0.4899,-0.5555,,0.6445
2023-10-20,-11.2,偏冷,0.7083,-0.6158,-0.5047,0.3357,0.8334,-0.5924,,0.5357
2023-10-23,2.4,中性,0.7083,-0.6299,-0.7022,0.5985,0.5581,-0.2583,,0.5541
2023-10-24,-30.6,冷,0.7083,-0.5266,-0.5181,0.4157,0.4773,-0.7295,,0.6583
2023-10-25,72.8,极热,0.7083,-0.3442,-0.5173,0.434,0.6832,0.4268,,0.262
2023-10-26,72.7,极热,0.7083,-0.7205,-0.4133,0.3991,0.6509,0.6407,,0.4106
2023-10-27,43.6,偏热,0.7083,-0.5849,-0.4657,0.3634,0.3031,0.6118,,0.2889
2023-10-30,-44.9,冷,0.7083,-0.492,-0.4159,0.346,0.6715,-0.6662,,0.1369
2023-10-31,42.6,偏热,0.7083,-0.4717,-0.3497,0.3105,0.8414,0.5544,,-0.3645
2023-11-01,-15.9,偏冷,0.7083,-0.4884,-0.238,-0.6278,0.382,0.2299,,0.6473
2023-11-02,69.0,极热,0.7083,0.4564,-0.3145,-0.5022,0.4965,0.2507,,0.4792
2023-11-03,18.7,微暖,0.6667,0.5913,0.3584,-0.6142,-0.4452,-0.2659,,0.6382
2023-11-06,67.3,极热,0.6667,0.7189,0.4993,-0.5403,0.036,-0.4597,,0.6074
2023-11-07,-6.2,中性,0.6667,0.4414,0.3588,-0.4696,0.9175,-0.5354,,-0.6693
2023-11-08,-36.8,冷,0.6667,0.5585,-0.1572,-0.4258,0.5413,-0.3142,,-0.5341
2023-11-09,58.0,偏热,0.7083,0.552,0.2072,-0.6569,0.7609,0.4738,,-0.6035
2023-11-10,18.2,微暖,0.7083,0.2288,-0.342,-0.5512,0.5115,-0.0442,,0.4242
2023-11-13,60.9,极热,0.7083,0.6169,-0.3396,-0.5224,0.5547,0.0474,,0.3838
2023-11-14,9.0,中性,0.7083,0.3984,-0.3248,-0.4594,0.5429,0.5026,,-0.507
2023-11-15,45.1,偏热,0.7083,0.8066,-0.45,-0.399,0.5254,0.6013,,-0.5188
2023-11-16,32.8,偏热,0.7083,0.5331,-0.6407,-0.3596,0.6088,0.661,,-0.3826
2023-11-17,-12.8,偏冷,0.6667,0.5986,-0.5619,-0.3963,-0.6465,0.7569,,0.2133
2023-11-20,57.2,偏热,0.6667,0.5973,-0.5227,-0.3604,0.442,0.8441,,-0.2879
2023-11-21,90.1,极热,0.6667,0.6067,-0.4676,-0.3271,0.5299,0.898,,0.2212
2023-11-22,67.0,极热,0.6667,0.4497,-0.4234,-0.2957,0.4381,0.5115,,0.144
2023-11-23,-23.6,偏冷,0.6667,0.4512,-0.4654,-0.2656,-0.6331,0.3066,,0.422
2023-11-24,-22.0,偏冷,0.6667,0.4098,-0.3533,-0.2362,-0.4994,0.3924,,0.099
2023-11-27,18.0,微暖,0.6667,0.4417,-0.6473,-0.2068,-0.4124,0.4871,,0.5868
2023-11-28,15.9,微暖,0.625,0.4598,-0.3549,-0.2498,0.3113,0.3578,,-0.3294
2023-11-29,-45.4,冷,0.625,0.5108,-0.3819,-0.2214,-0.4946,0.4002,,-0.267
2023-11-30,74.4,极热,0.625,0.4998,-0.4215,-0.1925,0.2726,0.269,,0.5305
2023-12-01,-27.4,偏冷,0.6667,0.2209,-0.5023,-0.7147,-0.2275,0.2712,,0.7438
2023-12-04,95.9,极热,0.6667,0.5443,0.5953,-0.5839,0.1814,0.4627,,0.641
2023-12-05,54.7,偏热,0.6667,0.1487,-0.4167,-0.5589,0.2664,0.5449,,0.674
2023-12-06,21.3,微暖,0.6667,0.4362,-0.3211,-0.5508,0.2205,-0.2748,,0.7683
2023-12-07,68.7,极热,0.6667,0.3891,0.4527,-0.492,0.2954,-0.2698,,0.4797
2023-12-08,73.7,极热,0.6667,0.5491,-0.3749,-0.4598,0.4896,0.1716,,0.5856
2023-12-11,-74.7,极冷,0.6667,0.5264,-0.2837,-0.7848,0.6858,-0.4918,,-0.5593
2023-12-12,13.5,微暖,0.6667,0.6005,-0.2284,-0.6567,0.5977,-0.5016,,0.4027
2023-12-13,68.2,极热,0.6667,0.6859,0.3489,-0.6252,0.721,-0.5419,,0.2992
2023-12-14,82.1,极热,0.6667,0.8216,0.4048,-0.5508,0.6119,-0.552,,0.4551
2023-12-15,12.0,微暖,0.6667,0.7839,0.4011,-0.4801,-0.5954,-0.3986,,0.4953
2023-12-18,-28.9,偏冷,0.6667,0.6639,-0.8516,-0.4358,0.4963,-0.6329,,0.5772
2023-12-19,-76.2,极冷,0.6667,0.5899,-0.6672,-0.3963,-0.4303,-0.6588,,0.6134
2023-12-20,-81.8,极冷,0.6667,0.6139,-0.6885,-0.3604,-0.6403,-0.4403,,0.387
2023-12-21,-68.5,极冷,0.6667,0.5559,-0.5695,-0.3271,-0.5058,-0.5368,,0.5964
2023-12-22,-59.6,冷,0.6667,0.6696,-0.4884,-0.2957,0.0597,-0.7449,,0.1597
2023-12-25,-38.1,冷,0.7083,0.4819,-0.4848,0.6155,-0.6338,-0.6696,,0.376
2023-12-26,-56.9,冷,0.7083,0.4549,-0.4069,0.5089,-0.7832,-0.6726,,0.3266
2023-12-27,-25.4,偏冷,0.7083,0.5153,-0.3699,0.4838,-0.7086,-0.6416,,0.5527
2023-12-28,4.1,中性,0.7083,0.6223,-0.3767,0.4723,-0.4626,-0.5332,,0.3887
2023-12-29,-50.8,冷,0.7083,0.3864,-0.6235,0.4215,0.6453,-0.7873,,-0.5131
2024-01-02,-84.3,极冷,0.7083,0.3199,-0.2773,-0.6627,-0.6504,-0.6518,,0.7183
2024-01-03,-38.5,冷,0.7083,-0.3967,0.4408,-0.5562,0.193,-0.6443,,0.6273
2024-01-04,-86.4,极冷,0.7083,-0.504,-0.2345,-0.5262,-0.3751,-0.3534,,0.6607
2024-01-05,-89.2,极冷,0.7083,-0.487,-0.3448,-0.4626,-0.3292,-0.4743,,0.6248
2024-01-08,-90.6,极冷,0.6667,-0.3268,-0.3127,-0.492,-0.5773,-0.5571,,0.7242
2024-01-09,33.4,偏热,0.7083,0.2947,-0.2344,0.6819,-0.5276,-0.5396,,0.7499
2024-01-10,-30.2,冷,0.7083,-0.3118,-0.1329,0.5764,-0.5353,-0.4748,,0.6313
2024-01-11,-41.8,冷,0.7083,-0.3753,-0.1056,0.5452,-0.5918,-0.4843,,0.631
2024-01-12,37.5,偏热,0.7083,0.2725,-0.0731,0.4818,-0.3345,-0.2971,,0.3685
2024-01-15,-69.9,极冷,0.6667,-0.2096,-0.5193,0.4215,-0.6495,-0.4104,,0.5357
2024-01-16,-72.7,极冷,0.7083,-0.2707,-0.6825,0.3816,-0.5325,-0.2889,,0.496
2024-01-17,-91.1,极冷,0.7083,-0.6633,-0.7312,0.3453,-0.5748,-0.3023,,0.3536
2024-01-18,-90.5,极冷,0.7083,-0.6166,-0.6473,0.3118,-0.4894,-0.6599,,0.5797
2024-01-19,-55.7,冷,0.7083,-0.6602,-0.5995,0.2801,0.9118,-0.7402,,0.2818
2024-01-22,-50.4,冷,0.7083,0.67,-0.4089,0.329,-0.8292,-0.621,,0.3924
2024-01-23,-46.6,冷,0.7083,0.5259,-0.3763,0.6184,-0.877,-0.8321,,0.557
2024-01-24,-28.0,偏冷,0.7083,0.6679,-0.4466,0.512,-0.6668,-0.5639,,0.2955
2024-01-25,-44.5,冷,0.7083,0.5558,-0.3724,0.4868,-0.7251,-0.6682,,0.3252
2024-01-26,55.1,偏热,0.7083,0.5005,-0.4044,0.424,0.7641,-0.669,,0.0636
2024-01-29,-59.9,冷,0.6667,-0.346,-0.4696,0.4446,-0.5489,-0.2252,,0.4876
2024-01-30,-9.6,中性,0.6667,0.5005,-0.2902,0.4013,-0.5644,-0.6626,,0.5994
2024-01-31,-59.5,冷,0.6667,0.2045,-0.593,0.3626,-0.5841,-0.6701,,0.6642
2024-02-01,9.1,中性,0.7083,-0.5122,0.5161,0.6349,-0.6273,-0.6978,,0.9071
2024-02-02,15.0,微暖,0.7083,0.471,-0.3104,0.5286,-0.5621,-0.6294,,0.7435
2024-02-05,-86.9,极冷,0.7083,-0.5797,-0.5905,0.5454,-0.7931,-0.6411,,0.7788
2024-02-06,-86.1,极冷,0.7083,-0.5714,-0.3299,0.4904,-0.8023,-0.678,,0.6198
2024-02-07,-66.0,极冷,0.7083,0.4044,-0.47,0.4393,-0.7395,-0.8347,,0.4846
2024-02-08,82.7,极热,0.7083,0.4874,-0.3123,0.4084,0.8088,-0.6723,,0.4782
2024-02-19,-5.1,中性,0.7083,-0.7563,0.9513,0.6569,-0.6665,-0.5314,,0.4354
2024-02-20,-62.4,极冷,0.7083,-0.5819,0.7659,0.5512,-0.3996,-0.5129,,-0.4815
2024-02-21,3.3,中性,0.7083,-0.4785,0.716,0.5224,-0.539,-0.4324,,0.3231
2024-02-22,78.6,极热,0.7083,-0.4661,0.5692,0.4594,0.607,-0.4489,,0.3543
2024-02-23,47.3,偏热,0.7083,0.6482,0.515,0.399,-0.5567,-0.0646,,-0.3778
2024-02-26,92.2,极热,0.7083,0.3766,0.4589,0.4241,0.3119,0.3082,,-0.351
2024-02-27,73.2,极热,0.7083,0.4826,-0.4896,0.5714,0.299,0.4546,,-0.3685
2024-02-28,50.2,偏热,0.7083,0.4762,-0.4138,0.5405,-0.0559,0.5921,,-0.5382
2024-02-29,87.4,极热,0.7083,-0.2521,0.5039,0.4772,0.6898,-0.2736,,0.1728
2024-03-01,67.8,极热,0.7083,0.5598,0.4729,0.5373,-0.3714,0.4956,,-0.8133
2024-03-04,83.1,极热,0.7083,0.5894,0.2991,0.4036,0.169,0.2808,,-0.567
2024-03-05,84.0,极热,0.7083,0.4127,0.3043,0.4146,0.2766,0.3767,,-0.5867
2024-03-06,42.9,偏热,0.7083,0.4159,-0.2689,0.4132,0.1189,0.3684,,-0.5572
2024-03-07,74.1,极热,0.7083,0.5558,0.285,0.4373,-0.4284,0.64,,-0.512
2024-03-08,94.5,极热,0.7083,0.6723,0.1848,0.3966,0.2154,0.6232,,-0.391
2024-03-11,-64.5,极冷,0.7083,0.4868,-0.1683,-0.6265,-0.5872,0.6216,,-0.4401
2024-03-12,47.7,偏热,0.7083,0.4718,-0.1399,-0.4563,0.503,0.7587,,-0.5555
2024-03-13,71.7,极热,0.7083,0.56,-0.1264,-0.473,0.6656,0.7706,,-0.451
2024-03-14,34.4,偏热,0.7083,0.3118,-0.3571,-0.4427,0.5123,0.8088,,-0.4081
2024-03-15,-42.3,冷,0.7083,-0.3675,-0.4056,-0.4123,0.3985,0.6575,,-0.2736
2024-03-18,-65.5,极冷,0.7083,-0.2826,-0.708,-0.3728,0.4523,0.524,,-0.3591
2024-03-19,-44.6,冷,0.7083,-0.3375,-0.5305,-0.3369,0.734,0.5172,,-0.458
2024-03-20,-50.3,冷,0.7083,-0.3544,-0.5686,-0.3036,0.5049,0.392,,-0.1882
2024-03-21,92.8,极热,0.7083,0.5773,0.4909,-0.272,0.5913,0.5018,,-0.304
2024-03-22,91.5,极热,0.6667,0.5827,0.4276,-0.2957,0.5209,0.4059,,-0.1429
2024-03-25,68.1,极热,0.6667,0.5328,-0.3776,-0.2656,0.3969,0.2451,,0.3054
2024-03-26,62.3,极热,0.6667,0.3399,-0.5916,-0.2362,0.3708,0.3663,,0.5047
2024-03-27,-68.5,极冷,0.6667,-0.3101,-0.6309,-0.2068,-0.5694,0.3934,,0.518
2024-03-28,-3.2,中性,0.6667,0.4904,-0.5668,-0.3164,-0.5652,0.304,,0.7002
2024-03-29,73.3,极热,0.6667,0.3469,-0.4288,-0.3056,0.3806,0.5193,,0.4292
2024-04-01,-46.1,冷,0.6667,0.3511,-0.5132,0.7185,-0.5594,0.4038,,-0.8056
2024-04-02,17.7,微暖,0.6667,-0.5882,0.5351,0.588,0.4884,-0.1917,,-0.5768
2024-04-03,-43.0,冷,0.6667,-0.5221,0.3871,0.5628,-0.4494,0.2647,,-0.6398
2024-04-08,46.2,偏热,0.6667,-0.5552,0.4844,0.4884,-0.2117,-0.3373,,0.6861
2024-04-09,-11.9,偏冷,0.6667,-0.3549,0.3588,-0.819,0.3738,-0.2828,,0.6857
2024-04-10,-95.5,极冷,0.6667,-0.2619,0.3539,-0.6893,-0.6754,-0.2748,,-0.4652
2024-04-11,-85.4,极冷,0.6667,-0.7891,0.3255,-0.6532,-0.2278,-0.5237,,0.6121
2024-04-12,71.1,极热,0.6667,0.6678,0.3212,-0.5772,-0.382,0.4378,,0.4498
2024-04-15,-88.3,极冷,0.6667,-0.8237,0.2789,-0.5056,-0.3398,-0.4699,,0.4502
2024-04-16,-98.5,极冷,0.6667,-0.8539,-0.8737,-0.4598,0.6605,-0.8626,,-0.2625
2024-04-17,-98.4,极冷,0.6667,-0.6505,-0.6882,-0.4191,-0.5921,-0.79,,0.4961
2024-04-18,-98.2,极冷,0.6667,-0.6905,-0.6536,-0.3822,0.0741,-0.6785,,-0.2638
2024-04-19,-89.8,极冷,0.6667,-0.6889,-0.5592,-0.3482,0.4442,-0.6268,,0.283
2024-04-22,-97.3,极冷,0.6667,-0.6983,-0.5127,-0.3164,-0.6482,-0.6193,,0.4701
2024-04-23,-94.0,极冷,0.6667,-0.4446,-0.4884,-0.2861,-0.3806,-0.5564,,0.297
2024-04-24,-92.3,极冷,0.6667,-0.2694,-0.415,-0.2568,-0.783,-0.4419,,0.4829
2024-04-25,-95.8,极冷,0.6667,-0.3393,-0.3797,-0.228,-0.722,-0.3118,,-0.1167
2024-04-26,-65.3,极冷,0.7083,-0.3384,-0.4108,0.5985,-0.7473,-0.2692,,0.4331
2024-04-29,20.9,微暖,0.7083,0.3285,-0.583,0.4907,0.8559,-0.3951,,-0.4023
2024-04-30,-27.6,偏冷,0.7083,0.2277,-0.6216,0.5137,0.665,-0.3544,,-0.6327
2024-05-06,-98.0,极冷,0.7083,0.4935,-0.5565,-0.7049,-0.6809,-0.3332,,-0.7071
2024-05-07,-15.4,偏冷,0.7083,0.4695,0.4658,-0.5854,0.7574,-0.2402,,-0.9107
2024-05-08,-92.8,极冷,0.7083,0.4055,-0.2185,-0.5507,-0.3416,-0.2451,,-0.7819
2024-05-09,41.2,偏热,0.7083,0.3767,-0.1812,0.753,0.5553,-0.2853,,-0.7109
2024-05-10,91.1,极热,0.7083,0.4743,0.3059,0.6348,0.3594,0.3878,,-0.6662
2024-05-13,29.6,微暖,0.7083,0.3774,-0.1351,0.5963,0.2566,-0.2165,,-0.5342
2024-05-14,70.7,极热,0.7083,0.4318,-0.1732,0.5302,0.4803,0.1181,,-0.4967
2024-05-15,88.1,极热,0.7083,0.5881,-0.113,0.4685,0.6338,0.2067,,-0.4359
2024-05-16,-47.9,冷,0.7083,0.7723,-0.8467,0.4262,-0.5529,0.1342,,-0.3665
2024-05-17,84.9,极热,0.7083,0.5272,-0.6952,0.3881,0.4638,0.922,,-0.3317
2024-05-20,55.9,偏热,0.7083,0.5045,-0.6604,0.3533,-0.0946,0.9074,,-0.3159
2024-05-21,79.6,极热,0.7083,0.493,-0.592,0.3209,0.4708,0.6761,,-0.268
2024-05-22,-1.1,中性,0.7083,0.4569,-0.4832,0.2901,-0.5954,0.6198,,-0.2338
2024-05-23,66.3,极热,0.7083,0.3669,-0.4491,0.2604,0.2745,0.6119,,-0.2542
2024-05-24,-73.8,极冷,0.7083,0.2831,-0.4135,-0.6162,-0.2832,0.2379,,-0.1603
2024-05-27,-66.2,极冷,0.7083,0.562,-0.3948,-0.5095,-0.4852,0.1991,,-0.1461
2024-05-28,-79.4,极冷,0.7083,0.3491,-0.3947,-0.4849,-0.1831,-0.2791,,-0.1204
2024-05-29,-53.5,冷,0.7083,0.5723,-0.3041,-0.4222,-0.4294,-0.1194,,0.1297
2024-05-30,-82.9,极冷,0.7083,-0.6321,-0.3073,-0.3611,-0.4744,0.455,,0.1158
2024-05-31,-66.8,极冷,0.6667,-0.4601,-0.3093,-0.387,-0.2535,0.528,,0.0824
2024-06-03,-39.0,冷,0.7083,0.2917,-0.3615,-0.6451,-0.6786,0.334,,0.7296
2024-06-04,81.9,极热,0.7083,0.5726,0.4438,-0.5387,-0.6234,0.7537,,0.5792
2024-06-05,-46.7,冷,0.6667,0.4938,0.4703,-0.6252,-0.7459,-0.5666,,0.5619
2024-06-06,-26.9,偏冷,0.6667,0.6942,0.4202,-0.5508,-0.6393,-0.5904,,0.4859
2024-06-07,-58.4,冷,0.6667,0.5388,0.324,-0.4801,-0.734,-0.7578,,0.5242
2024-06-11,64.0,极热,0.7083,-0.6888,0.4551,0.6771,-0.7853,0.4111,,0.7803
2024-06-12,92.9,极热,0.7083,0.5789,-0.1502,0.5714,-0.2095,0.2643,,0.5266
2024-06-13,97.6,极热,0.7083,0.7287,0.3606,0.5405,-0.4933,0.3198,,0.6195
2024-06-14,90.3,极热,0.7083,0.7402,-0.3164,0.4772,-0.2575,0.3675,,0.4344
2024-06-17,95.2,极热,0.7083,0.669,-0.818,0.4168,0.7031,0.2977,,0.5342
2024-06-18,64.3,极热,0.7083,0.5275,-0.7633,0.3769,-0.4017,0.554,,0.5234
2024-06-19,64.1,极热,0.7083,0.5948,-0.7165,0.3406,-0.2768,0.3991,,0.4589
2024-06-20,51.7,偏热,0.7083,0.4651,-0.564,0.3071,-0.4872,0.3668,,0.53
2024-06-21,-31.5,冷,0.6667,-0.4659,-0.6062,0.3372,-0.3548,0.4101,,0.4076
2024-06-24,-62.7,极冷,0.6667,-0.3904,-0.6353,0.3056,-0.8067,0.5033,,0.3479
2024-06-25,-82.9,极冷,0.7083,-0.2903,-0.6481,0.6184,-0.6411,-0.7442,,0.5628
2024-06-26,61.7,极热,0.7083,0.4077,-0.5558,0.512,-0.7627,0.6182,,0.5717
2024-06-27,-43.9,冷,0.7083,-0.4279,-0.6,0.4868,-0.7106,0.5109,,0.3445
2024-06-28,59.7,偏热,0.7083,0.3853,-0.388,0.424,-0.7188,0.5194,,0.515
2024-07-01,-0.7,中性,0.6667,-0.333,-0.5353,0.4446,-0.6587,0.3473,,0.8184
2024-07-02,5.8,中性,0.6667,-0.5657,0.5596,0.4013,-0.6279,-0.3255,,0.7043
2024-07-03,83.4,极热,0.6667,0.4496,-0.2772,0.3626,-0.552,0.4685,,0.7511
2024-07-04,74.1,极热,0.6667,0.471,-0.2967,0.3271,-0.6556,0.5011,,0.6328
2024-07-05,63.7,极热,0.6667,0.3416,-0.2441,0.2941,-0.6321,0.3775,,0.6463
2024-07-08,90.3,极热,0.6667,0.5949,-0.2298,0.3712,-0.5368,0.7697,,0.4945
2024-07-09,43.3,偏热,0.6667,0.5005,-0.176,0.745,-0.5639,-0.537,,0.5688
2024-07-10,97.2,极热,0.6667,0.4132,0.2335,0.6165,0.6398,-0.2695,,0.363
2024-07-11,72.9,极热,0.6667,0.6385,0.2047,0.5892,-0.4401,-0.44,,0.3963
2024-07-12,94.3,极热,0.625,0.5593,0.3391,0.5155,0.6145,-0.6122,,0.278
2024-07-15,70.1,极热,0.625,0.6297,0.3488,0.4446,-0.5185,-0.3077,,0.2918
2024-07-16,-69.8,极冷,0.6667,0.5458,-0.8201,0.4013,-0.644,-0.5995,,0.3214
2024-07-17,-62.8,极冷,0.6667,0.5533,-0.6865,0.3626,-0.4089,-0.6997,,0.199
2024-07-18,-96.0,极冷,0.6667,-0.776,-0.6414,0.3271,-0.5649,-0.6281,,0.2146
2024-07-19,-93.9,极冷,0.6667,-0.5056,-0.5619,0.2941,-0.462,-0.3855,,-0.2245
2024-07-22,-97.6,极冷,0.625,-0.6136,-0.4972,0.3712,-0.6875,-0.5355,,-0.4481
2024-07-23,-30.6,冷,0.625,0.2072,-0.6293,0.3387,-0.4293,0.715,,-0.4493
2024-07-24,-79.8,极冷,0.625,-0.3539,-0.4254,0.308,-0.414,-0.6967,,0.4954
2024-07-25,-98.5,极冷,0.6667,-0.728,-0.4611,-0.7324,-0.4736,-0.7058,,0.4008
2024-07-26,-98.1,极冷,0.6667,-0.6109,-0.5081,-0.6032,-0.5253,-0.6399,,0.3191
2024-07-29,-96.7,极冷,0.6667,-0.4406,-0.5352,-0.5769,-0.435,-0.5061,,0.2778
2024-07-30,-94.6,极冷,0.6667,-0.5013,-0.3836,-0.503,-0.5573,-0.4277,,0.4653
2024-07-31,-66.4,极冷,0.6667,-0.6123,-0.3801,-0.4316,-0.3056,0.6297,,0.3365
2024-08-01,73.3,极热,0.7083,0.4829,0.3975,-0.6575,0.7149,-0.8674,,0.9618
2024-08-02,35.5,偏热,0.7083,-0.7412,0.532,-0.5507,-0.1613,0.7828,,0.6056
2024-08-05,-87.0,极冷,0.7083,-0.8863,0.3986,-0.5633,-0.2367,-0.5899,,0.556
2024-08-06,-41.5,冷,0.7083,-0.856,0.387,-0.5072,0.595,-0.6436,,0.6982
2024-08-07,-18.3,偏冷,0.7083,-0.4869,0.3534,-0.4553,-0.5002,0.5283,,0.4394
2024-08-08,-29.2,偏冷,0.7083,-0.5817,0.2181,-0.4233,-0.469,0.514,,0.5034
2024-08-09,-13.7,偏冷,0.7083,0.2525,-0.0917,-0.3955,-0.2687,-0.1715,,0.5693
2024-08-12,6.4,中性,0.6667,0.3739,-0.2863,-0.3709,-0.4858,0.3101,,0.574
2024-08-13,-47.5,冷,0.6667,0.3241,-0.5828,-0.3489,-0.6147,0.3443,,0.4128
2024-08-14,6.1,中性,0.6667,0.4777,-0.2733,-0.329,-0.4809,0.3374,,0.3732
2024-08-15,4.6,中性,0.6667,0.3761,-0.4835,-0.3107,-0.4638,0.4341,,0.5519
2024-08-16,77.2,极热,0.7083,0.4172,0.8194,-0.2938,-0.5826,0.4289,,0.2567
2024-08-19,-52.4,冷,0.7083,0.4502,-0.6699,-0.2782,-0.6983,0.2835,,0.3902
2024-08-20,86.3,极热,0.7083,0.5675,0.7509,0.2634,-0.5698,-0.124,,0.4054
2024-08-21,63.5,极热,0.7083,0.4867,-0.5598,0.329,-0.5513,0.5699,,0.5217
2024-08-22,50.8,偏热,0.7083,0.5557,-0.5041,0.3229,-0.6493,0.4195,,0.4701
2024-08-23,-51.2,冷,0.7083,0.1956,-0.457,-0.6217,-0.6479,0.5562,,0.4763
2024-08-26,-87.5,极冷,0.7083,0.5749,-0.4354,-0.5227,-0.7053,-0.6444,,0.3823
2024-08-27,-45.8,冷,0.7083,0.293,-0.6345,-0.5042,-0.5569,0.5437,,0.431
2024-08-28,-28.6,偏冷,0.7083,0.4159,-0.3357,0.4982,-0.5987,-0.7424,,0.5538
2024-08-29,96.2,极热,0.7083,0.1409,0.4514,0.4553,-0.5507,0.8716,,0.5169
2024-08-30,75.8,极热,0.7083,0.2305,0.583,0.4323,-0.5249,0.6143,,-0.3265
2024-09-02,96.9,极热,0.7083,0.3657,0.412,-0.6757,0.7736,0.3961,,0.7114
2024-09-03,-76.9,极冷,0.7083,0.2163,0.3048,-0.5775,-0.2476,0.2175,,-0.9105
2024-09-04,-97.3,极冷,0.7083,-0.6039,0.3571,-0.5536,-0.3375,-0.3785,,-0.811
2024-09-05,-95.4,极冷,0.7083,-0.5518,0.3327,-0.4982,-0.3229,-0.238,,-0.7309
2024-09-06,-90.5,极冷,0.7083,-0.5588,0.2629,-0.4468,-0.3488,0.1762,,-0.6504
2024-09-09,-86.3,极冷,0.7083,-0.7616,0.2719,-0.6771,-0.4314,-0.2335,,0.5224
2024-09-10,-80.6,极冷,0.7083,-0.4561,-0.4491,-0.5714,-0.2773,0.1651,,0.4633
2024-09-11,-94.7,极冷,0.7083,-0.4809,-0.1829,-0.5405,-0.3336,0.043,,-0.4576
2024-09-12,-55.2,冷,0.7083,0.3518,0.309,-0.4772,-0.4153,0.0723,,-0.4394
2024-09-13,-22.9,偏冷,0.7083,0.2824,-0.3443,-0.4168,-0.4155,0.3339,,0.3642
2024-09-18,-60.2,极冷,0.7083,0.4519,-0.6386,-0.3769,-0.5954,0.1696,,0.3345
2024-09-19,-66.2,极冷,0.7083,0.3697,-0.6706,-0.3406,-0.5585,0.148,,0.282
2024-09-20,44.5,偏热,0.7083,0.5503,-0.6746,-0.3071,0.6529,0.617,,-0.2887
2024-09-23,-71.0,极冷,0.7083,0.2935,-0.5374,-0.6384,-0.5659,0.3545,,0.2344
2024-09-24,-36.8,冷,0.7083,0.3166,-0.407,-0.5329,-0.4788,0.5858,,0.1827
2024-09-25,-70.7,极冷,0.7083,0.5428,-0.5217,-0.5061,0.8344,-0.8251,,-0.3225
2024-09-26,-45.2,冷,0.7083,0.4039,-0.3618,-0.4436,0.8036,-0.6048,,-0.2164
2024-09-27,-61.4,极冷,0.7083,0.5797,-0.34,-0.3832,0.6484,-0.7382,,-0.4161
2024-09-30,-34.4,冷,0.7083,0.3679,0.4512,-0.3442,0.4798,-0.6562,,-0.5887
2024-10-08,-48.8,冷,0.7083,-0.7719,0.6129,0.6534,0.9913,-0.835,,-0.9869
2024-10-09,-70.6,极冷,0.7083,-0.5979,-0.3264,-0.7615,0.9599,0.8924,,-0.8941
2024-10-10,-97.0,极冷,0.7083,-0.6484,-0.3292,-0.6398,0.7658,-0.6406,,-0.7231
2024-10-11,-89.6,极冷,0.7083,-0.5674,0.4259,-0.5989,0.5914,-0.6512,,-0.6545
2024-10-14,-83.5,极冷,0.7083,-0.4977,0.5707,-0.5353,0.4826,-0.7229,,-0.4793
2024-10-15,-83.3,极冷,0.7083,-0.5555,0.321,-0.492,0.4627,-0.4269,,-0.5126
2024-10-16,42.8,偏热,0.7083,-0.4033,0.7648,-0.4469,0.4007,0.6015,,-0.3918
2024-10-17,-62.8,极冷,0.7083,-0.3916,0.5209,-0.4067,0.3637,-0.4528,,-0.3446
2024-10-18,27.7,微暖,0.7083,-0.4198,0.5812,-0.3703,0.3385,0.5357,,-0.3283
2024-10-21,77.5,极热,0.7083,0.3753,0.4716,-0.3366,0.4833,0.5291,,-0.4832
2024-10-22,-1.0,中性,0.7083,-0.4947,0.5104,-0.6432,0.4184,0.6811,,-0.3961
2024-10-23,12.3,微暖,0.7083,-0.4176,0.4757,-0.5307,0.3535,0.6415,,-0.3342
2024-10-24,-1.2,中性,0.7083,-0.4808,0.415,-0.5084,0.3538,0.5911,,-0.321
2024-10-25,13.1,微暖,0.7083,-0.3364,0.3843,-0.4506,0.4083,0.4192,,-0.2514
2024-10-28,-59.6,冷,0.7083,-0.4631,-0.4045,-0.3906,0.294,0.6103,,-0.3003
2024-10-29,26.0,微暖,0.7083,-0.3921,0.3127,-0.3517,0.3202,0.6275,,-0.2099
2024-10-30,32.4,偏热,0.7083,0.5661,-0.4581,-0.3162,0.305,0.4357,,-0.1569
2024-10-31,25.8,微暖,0.7083,-0.4986,0.3005,-0.2831,0.3282,0.5458,,-0.0914
2024-11-01,27.6,微暖,0.7083,-0.7424,-0.2514,0.5659,0.3969,0.5331,,-0.1546
2024-11-04,23.3,微暖,0.7083,-0.4882,0.5266,0.5199,0.2879,0.2622,,-0.7975
2024-11-05,66.4,极热,0.7083,-0.54,0.3662,0.5383,0.5277,0.6948,,-0.7245
2024-11-06,95.8,极热,0.7083,0.3909,0.3292,0.4836,0.7326,0.7,,-0.7799
2024-11-07,91.9,极热,0.7083,0.8744,0.3095,-0.4327,0.758,0.7115,,-0.6362
2024-11-08,57.5,偏热,0.7083,0.6381,-0.1299,-0.4022,0.7536,0.5389,,-0.675
2024-11-11,36.4,偏热,0.7083,0.646,-0.3854,-0.6534,0.7554,0.7069,,-0.5803
2024-11-12,-78.8,极冷,0.6667,-0.6138,-0.3848,-0.5476,0.6248,0.5511,,-0.6518
2024-11-13,-79.6,极冷,0.6667,-0.6683,-0.5052,-0.519,0.6067,0.4722,,-0.4407
2024-11-14,-41.9,冷,0.6667,-0.6748,0.2633,-0.4559,0.5777,0.4012,,-0.4919
2024-11-15,-92.4,极冷,0.6667,-0.5348,-0.4301,-0.3954,0.4671,-0.5262,,-0.28
2024-11-18,-56.0,冷,0.6667,-0.5857,0.8438,-0.4358,0.4122,-0.5678,,-0.225
2024-11-19,-59.3,冷,0.6667,-0.375,0.7099,-0.3963,0.3582,-0.7112,,-0.2134
2024-11-20,-44.3,冷,0.6667,-0.3199,0.6674,-0.3604,-0.5456,0.4027,,-0.2682
2024-11-21,-52.4,冷,0.6667,-0.4216,0.5747,-0.3271,-0.464,0.2839,,-0.1953
2024-11-22,-83.0,极冷,0.6667,-0.3596,0.4805,-0.2957,-0.4782,-0.3748,,-0.1927
2024-11-25,-22.8,偏冷,0.6667,-0.4123,0.4379,-0.2656,0.2041,-0.4343,,0.2731
2024-11-26,69.5,极热,0.7083,0.4508,0.5506,0.6074,-0.5285,-0.4105,,0.2167
2024-11-27,58.8,偏热,0.7083,0.3979,0.4285,0.5003,-0.5065,-0.3897,,0.2729
2024-11-28,71.1,极热,0.7083,0.4639,0.3615,0.5218,-0.3095,-0.4115,,0.27
2024-11-29,63.8,极热,0.7083,0.3623,0.4233,0.4676,-0.3864,-0.4272,,0.334
2024-12-02,86.4,极热,0.7083,0.4772,0.4097,0.6779,0.2019,0.2525,,-0.7197
2024-12-03,83.2,极热,0.7083,0.5235,0.3868,0.5706,0.2679,0.028,,-0.593
2024-12-04,89.6,极热,0.7083,0.4297,0.3081,0.5385,0.268,0.4284,,-0.5621
2024-12-05,72.4,极热,0.7083,0.5796,0.4311,0.4741,0.3136,-0.3769,,-0.4878
2024-12-06,86.9,极热,0.7083,0.5198,-0.4927,0.4651,0.5723,0.6806,,-0.4185
2024-12-09,96.4,极热,0.7083,0.5822,0.1696,0.6876,0.4074,0.4651,,-0.4228
2024-12-10,80.9,极热,0.7083,0.2749,-0.4792,0.5821,0.4509,0.6463,,-0.3442
2024-12-11,49.0,偏热,0.7083,-0.4075,-0.4976,0.5504,0.9126,0.4431,,-0.3895
2024-12-12,97.5,极热,0.7083,0.5635,0.0959,0.487,0.6895,0.4913,,-0.2885
2024-12-13,93.2,极热,0.6667,-0.3723,0.5717,0.4268,0.7038,0.595,,-0.3054
2024-12-16,93.7,极热,0.7083,0.614,-0.9593,0.3868,0.6406,0.5102,,0.498
2024-12-17,68.4,极热,0.7083,0.5825,-0.706,0.3505,-0.5423,0.6539,,0.5574
2024-12-18,-90.5,极冷,0.7083,-0.5136,-0.7522,0.3169,-0.4126,-0.6738,,0.509
2024-12-19,-94.1,极冷,0.7083,-0.8252,-0.6147,0.2852,-0.4899,-0.5228,,0.3448
2024-12-20,-63.6,极冷,0.7083,-0.6384,0.6857,0.2548,-0.3807,-0.4375,,-0.1948
2024-12-23,46.6,偏热,0.7083,-0.2584,0.5011,-0.6184,0.4271,0.6421,,-0.1382
2024-12-24,-75.3,极冷,0.7083,-0.58,0.6466,-0.512,0.0189,-0.793,,0.2824
2024-12-25,27.4,微暖,0.7083,0.585,0.5754,-0.4868,-0.5453,0.4614,,-0.2404
2024-12-26,-69.8,极冷,0.7083,0.4585,0.4442,-0.424,-0.3412,-0.7465,,-0.2242
2024-12-27,73.8,极热,0.7083,0.3974,0.396,0.4215,-0.4197,0.58,,-0.4162
2024-12-30,-34.3,冷,0.7083,-0.3678,-0.5435,0.3915,-0.1244,0.5996,,-0.2662
2024-12-31,-96.1,极冷,0.7083,-0.4524,-0.5899,0.3655,-0.4603,-0.6895,,-0.285
2025-01-02,-95.4,极冷,0.7083,-0.5233,-0.4808,-0.6349,-0.6499,-0.5285,,0.878
2025-01-03,-65.3,极冷,0.7083,-0.4948,0.4818,-0.5286,-0.5415,-0.4912,,0.8718
2025-01-06,-77.8,极冷,0.6667,0.4162,-0.1842,-0.6142,-0.7927,-0.603,,0.8015
2025-01-07,-24.7,偏冷,0.6667,0.4651,0.354,-0.5403,-0.7864,-0.3894,,0.7409
2025-01-08,-80.0,极冷,0.6667,-0.4624,0.3415,-0.4696,-0.6577,-0.3256,,0.4819
2025-01-09,4.5,中性,0.7083,-0.383,0.1478,0.6728,-0.5294,-0.3153,,0.5148
2025-01-10,-44.6,冷,0.7083,-0.3841,-0.0729,0.5669,-0.6568,-0.3501,,0.4702
2025-01-13,-19.4,偏冷,0.7083,-0.7009,0.3307,0.5364,-0.5121,-0.3503,,0.579
2025-01-14,-48.3,冷,0.7083,-0.5607,-0.5995,0.473,-0.683,0.4978,,0.4249
2025-01-15,-29.4,偏冷,0.7083,-0.4008,-0.5978,0.4125,0.553,-0.547,,0.3452
2025-01-16,95.5,极热,0.7083,0.4222,0.8948,0.3726,-0.5623,0.393,,0.282
2025-01-17,81.7,极热,0.7083,0.2825,0.7955,0.3363,-0.2578,-0.3258,,0.3074
2025-01-20,69.2,极热,0.7083,0.5579,0.6553,0.3709,-0.54,-0.3621,,0.1974
2025-01-21,70.2,极热,0.7083,0.3555,0.5941,0.3489,-0.3113,-0.2964,,0.1834
2025-01-22,97.0,极热,0.7083,0.6579,0.4805,0.329,-0.3179,0.6549,,0.1675
2025-01-23,91.6,极热,0.7083,0.5522,0.447,0.3107,-0.3572,0.4073,,0.1392
2025-01-24,99.7,极热,0.7083,0.5322,0.4993,0.6101,0.632,0.5407,,0.1314
2025-01-27,73.9,极热,0.7083,0.4976,0.3915,0.5032,-0.6187,0.4611,,-0.2668
2025-02-05,-43.6,冷,0.7083,-0.6161,0.426,0.7469,-0.727,0.2217,,-0.4324
2025-02-06,94.3,极热,0.7083,0.579,0.3294,0.628,0.5081,0.5315,,-0.8553
2025-02-07,40.2,偏热,0.7083,0.4326,0.3154,-0.5774,0.6132,0.5908,,-0.8577
2025-02-10,85.4,极热,0.7083,-0.4082,0.4188,0.51,0.6947,0.8033,,-0.7199
2025-02-11,94.4,极热,0.7083,0.3111,0.2284,0.447,0.5814,0.8552,,-0.7019
2025-02-12,63.5,极热,0.7083,0.2534,0.2178,-0.4043,0.4978,0.6933,,-0.4766
2025-02-13,41.8,偏热,0.7083,0.2404,0.1819,-0.424,0.5714,0.578,,-0.6472
2025-02-14,83.5,极热,0.7083,0.5687,0.2742,-0.3971,0.5883,0.4802,,-0.3187
2025-02-17,-37.5,冷,0.7083,0.5358,-0.7965,-0.3731,0.4128,0.371,,-0.47
2025-02-18,27.6,微暖,0.7083,0.4011,-0.6174,-0.3514,0.7729,0.6673,,-0.4986
2025-02-19,-40.4,冷,0.7083,0.3441,-0.7613,-0.3317,0.3077,0.2978,,-0.2396
2025-02-20,88.3,极热,0.7083,0.366,0.6293,-0.3136,0.5324,0.6715,,-0.509
2025-02-21,23.6,微暖,0.7083,0.4278,-0.5473,-0.2969,0.4872,0.5824,,-0.3532
2025-02-24,-82.1,极冷,0.7083,-0.751,-0.6173,-0.2812,0.777,0.4343,,-0.6699
2025-02-25,67.7,极热,0.7083,-0.7322,0.4597,0.6275,0.5494,0.4444,,-0.4711
2025-02-26,-57.5,冷,0.7083,-0.8191,-0.5967,0.5278,0.4686,0.2953,,-0.4566
2025-02-27,-28.2,偏冷,0.7083,-0.5914,-0.4319,0.5094,0.5502,0.3104,,-0.5633
2025-02-28,-47.4,冷,0.7083,-0.7728,-0.5303,0.4559,0.4799,0.3384,,-0.4164
2025-03-03,-72.2,极冷,0.7083,-0.4937,-0.2791,0.6971,0.2419,-0.3356,,-0.7072
2025-03-04,-78.2,极冷,0.7083,-0.8262,0.4679,0.6022,-0.4448,-0.2314,,-0.5775
2025-03-05,-41.2,冷,0.7083,-0.6813,0.4166,0.5748,-0.5529,0.4793,,-0.5881
2025-03-06,-69.3,极冷,0.7083,-0.4213,0.3053,0.5178,-0.4036,-0.3411,,-0.4922
2025-03-07,-46.1,冷,0.7083,-0.7668,0.3082,0.4651,0.6349,-0.3609,,-0.6916
2025-03-10,-57.7,冷,0.7083,-0.4542,0.3301,0.6876,-0.2693,-0.4777,,-0.4298
2025-03-11,-92.2,极冷,0.7083,-0.7656,0.1805,0.5821,-0.6445,-0.5835,,-0.4101
2025-03-12,-77.3,极冷,0.7083,-0.568,0.2122,0.5504,-0.4232,-0.4756,,-0.3177
2025-03-13,8.6,中性,0.7083,-0.3708,0.1997,0.487,0.4677,-0.3675,,-0.288
2025-03-14,-67.3,极冷,0.6667,-0.4892,-0.3551,0.4268,-0.3265,-0.4713,,0.4192
2025-03-17,-57.7,冷,0.6667,0.268,-0.7685,0.3868,0.56,-0.7454,,-0.2886
2025-03-18,-65.5,极冷,0.6667,0.3043,-0.5776,0.3505,-0.6414,-0.5756,,0.4015
2025-03-19,-55.8,冷,0.6667,-0.3531,-0.571,0.3169,0.6533,-0.4259,,-0.2066
2025-03-20,35.7,偏热,0.6667,0.3337,-0.5002,0.2852,0.6091,-0.6892,,0.398
2025-03-21,50.6,偏热,0.6667,0.2885,-0.4903,0.2548,0.6118,-0.6007,,0.5463
2025-03-24,4.8,中性,0.6667,0.2703,-0.439,0.3107,0.0335,-0.6871,,0.6202
2025-03-25,-24.0,偏冷,0.6667,0.5797,-0.4079,0.2938,-0.3569,-0.7283,,0.4456
2025-03-26,-37.5,冷,0.6667,0.3012,-0.3218,0.2782,-0.5216,-0.6073,,0.5311
2025-03-27,-92.2,极冷,0.6667,-0.5066,-0.4198,-0.2634,-0.5004,-0.4664,,0.4737
2025-03-28,-98.5,极冷,0.6667,-0.507,-0.6487,-0.329,-0.3811,-0.4723,,-0.4192
2025-03-31,-59.9,冷,0.6667,-0.6435,-0.363,-0.3229,-0.5042,0.6604,,0.5429
2025-04-01,-28.3,偏冷,0.6667,-0.5051,-0.655,0.6217,-0.0873,-0.3963,,0.8253
2025-04-02,12.1,微暖,0.6667,-0.5053,0.5735,0.5227,-0.5263,-0.4969,,0.6417
2025-04-03,76.9,极热,0.6667,0.3507,-0.1795,0.5042,-0.7104,0.4377,,0.6369
2025-04-07,61.7,极热,0.6667,-0.9739,0.6005,0.4982,-0.6041,0.7089,,0.5957
2025-04-08,-76.1,极冷,0.6667,-0.6113,0.3902,0.4553,-0.9633,-0.9488,,0.8013
2025-04-09,-97.2,极冷,0.6667,-0.7638,0.2508,-0.6876,-0.7814,-0.8232,,0.565
2025-04-10,-68.0,极冷,0.6667,0.5414,0.3729,-0.5887,-0.7682,-0.6986,,0.383
2025-04-11,-93.5,极冷,0.6667,-0.7539,0.3664,-0.5633,-0.5131,-0.6467,,0.351
2025-04-14,-84.0,极冷,0.6667,-0.5622,0.5621,-0.5072,-0.5419,-0.4688,,0.2971
2025-04-15,-69.0,极冷,0.6667,0.3841,-0.3418,-0.4553,-0.3909,-0.3061,,0.2655
2025-04-16,-65.4,极冷,0.6667,-0.2965,0.7289,-0.4233,-0.6016,-0.3928,,0.2442
2025-04-17,-71.5,极冷,0.6667,-0.4812,0.6094,-0.3955,-0.3908,-0.4628,,0.2445
2025-04-18,-63.9,极冷,0.6667,-0.3735,0.6518,-0.3709,-0.5367,-0.2947,,0.197
2025-04-21,-73.6,极冷,0.6667,-0.3269,0.5402,-0.3489,-0.5992,-0.3936,,0.1965
2025-04-22,-83.5,极冷,0.6667,-0.5474,0.439,-0.329,-0.2962,-0.2595,,-0.2482
2025-04-23,-0.5,中性,0.6667,-0.2518,0.4371,-0.3107,-0.3425,0.3211,,0.1718
2025-04-24,58.2,偏热,0.6667,0.213,0.4375,-0.2938,-0.2446,0.4428,,0.1175
2025-04-25,-30.8,冷,0.6667,0.4314,0.3142,-0.6027,-0.4056,-0.154,,0.1369
2025-04-28,36.0,偏热,0.6667,0.3939,0.4364,-0.4952,-0.3302,0.3402,,0.0648
2025-04-29,-53.2,冷,0.5833,0.416,-0.3936,-0.5769,-0.3064,0.1885,,0.1038
2025-04-30,-47.3,冷,0.5833,0.4109,-0.4451,-0.503,-0.3221,0.3821,,-0.0055
2025-05-06,-9.5,中性,0.6667,0.5574,-0.5195,-0.6753,-0.4509,0.3747,,0.713
2025-05-07,-19.5,偏冷,0.6667,0.381,0.2693,-0.5677,0.1998,0.5123,,-0.9096
2025-05-08,23.9,微暖,0.6667,0.4567,0.4604,-0.5358,0.2965,0.4434,,-0.8007
2025-05-09,28.7,微暖,0.6667,0.5684,0.6561,-0.7443,-0.3057,0.9764,,-0.7212
2025-05-12,22.5,微暖,0.6667,0.4306,0.6755,-0.6262,-0.3621,0.8026,,-0.589
2025-05-13,86.3,极热,0.6667,0.8447,0.5972,-0.5887,0.3333,0.6972,,-0.5508
2025-05-14,91.1,极热,0.6667,0.6601,0.5289,-0.5229,-0.2181,0.5743,,0.4765
2025-05-15,76.7,极热,0.6667,0.6751,0.4227,-0.4613,0.4504,0.4058,,-0.4623
2025-05-16,82.2,极热,0.7083,0.4936,0.8796,-0.4194,-0.5019,0.3566,,0.3706
2025-05-19,77.2,极热,0.7083,0.505,0.6727,-0.3816,-0.4494,0.3549,,0.3338
2025-05-20,86.3,极热,0.7083,0.4054,0.6512,-0.3469,-0.227,0.4775,,0.3178
2025-05-21,82.2,极热,0.7083,0.386,0.5799,-0.3146,-0.1463,0.3492,,0.2856
2025-05-22,75.8,极热,0.7083,0.4367,0.506,-0.2839,-0.2024,0.272,,0.2498
2025-05-23,-16.5,偏冷,0.7083,0.2835,0.5012,-0.2542,-0.4758,-0.3845,,0.2036
2025-05-26,66.0,极热,0.7083,0.3928,0.4002,0.6162,-0.524,-0.2354,,0.1631
2025-05-27,16.3,微暖,0.7083,0.3357,-0.363,0.5099,-0.5967,0.1698,,0.1523
2025-05-28,23.8,微暖,0.7083,0.4035,-0.3392,0.4849,-0.5485,0.1491,,0.1315
2025-05-29,42.0,偏热,0.7083,0.2162,0.3093,0.4222,-0.4382,-0.1499,,0.1047
2025-05-30,83.5,极热,0.7083,0.3766,-0.3075,0.3611,0.2779,0.3826,,0.0765
2025-06-03,-69.8,极冷,0.7083,0.4238,-0.305,0.66,-0.6202,-0.2309,,-0.7399
2025-06-04,68.5,极热,0.7083,0.4031,0.4932,0.5533,0.2174,-0.1779,,-0.6281
2025-06-05,-37.1,冷,0.7083,0.5808,-0.2287,0.5235,-0.2249,-0.3962,,-0.5884
2025-06-06,78.2,极热,0.7083,0.3073,0.2661,0.5072,0.66,-0.2004,,-0.4874
2025-06-09,-78.8,极冷,0.7083,0.626,0.4172,-0.7023,-0.5764,-0.3165,,-0.4805
2025-06-10,98.4,极热,0.7083,0.529,0.2862,0.5958,0.8789,0.4024,,-0.4539
2025-06-11,99.8,极热,0.7083,0.5694,0.2961,0.5622,0.7954,0.2927,,0.6277
2025-06-12,99.4,极热,0.7083,0.5549,0.2241,0.498,0.571,0.1767,,0.5815
2025-06-13,99.8,极热,0.625,0.6399,0.0516,0.4373,0.6909,0.7882,,0.556
2025-06-16,99.3,极热,0.7083,-0.4294,0.8596,0.3966,0.6901,0.529,,0.5509
2025-06-17,99.9,极热,0.7083,0.5821,0.6855,0.3598,0.7776,0.5111,,0.3804
2025-06-18,98.0,极热,0.7083,-0.5511,0.6705,0.3259,0.6276,0.5005,,0.5934
2025-06-19,99.4,极热,0.7083,0.3397,0.5943,0.294,0.5609,0.5217,,0.2978
2025-06-20,65.0,极热,0.7083,0.4786,-0.4819,-0.2634,0.1322,0.3259,,0.6025
2025-06-23,87.9,极热,0.7083,0.2523,0.4363,0.3171,-0.56,0.3339,,0.5549
2025-06-24,99.4,极热,0.7083,0.5123,0.5171,0.2999,0.1911,0.7019,,0.4007
2025-06-25,86.6,极热,0.7083,0.8064,-0.6647,0.2839,0.6264,-0.0695,,0.3319
2025-06-26,45.8,偏热,0.7083,0.6867,-0.5954,0.2689,0.7303,-0.3242,,-0.2081
2025-06-27,16.6,微暖,0.7083,0.7656,-0.5217,-0.5923,0.672,-0.2407,,0.1692
2025-06-30,18.0,微暖,0.625,0.5938,-0.4794,-0.5926,0.6483,-0.3266,,0.4164
2025-07-01,85.2,极热,0.7083,0.68,-0.5821,0.739,0.5934,0.6582,,-0.7758
2025-07-02,95.2,极热,0.7083,0.4579,0.5408,0.6194,0.5387,0.3171,,-0.6892
2025-07-03,98.4,极热,0.7083,0.5669,0.2841,0.5689,0.5118,-0.4912,,0.8045
2025-07-04,82.5,极热,0.7083,0.498,0.4068,-0.5452,0.5454,-0.4539,,0.7384
2025-07-07,62.2,极热,0.7083,0.4124,0.4106,-0.4901,0.4665,-0.6806,,0.6643
2025-07-08,-84.7,极冷,0.7083,-0.2986,0.2002,-0.4547,-0.6971,-0.6471,,0.6588
2025-07-09,-7.9,中性,0.7083,0.464,0.2561,-0.6824,0.6798,-0.3499,,-0.3737
2025-07-10,72.7,极热,0.7083,0.4752,0.1754,-0.5775,0.584,-0.2771,,0.5631
2025-07-11,64.6,极热,0.7083,0.3935,0.3291,-0.5466,0.6321,-0.5093,,0.5105
2025-07-14,88.1,极热,0.7083,0.4457,0.3351,-0.4836,0.8241,0.5332,,-0.2894
2025-07-15,-73.6,极冷,0.7083,-0.3525,-0.3067,-0.4237,0.5796,-0.1081,,-0.3312
2025-07-16,12.6,微暖,0.7083,-0.5874,0.8199,-0.384,0.649,-0.0726,,-0.2189
2025-07-17,91.6,极热,0.7083,0.3289,0.6864,-0.3479,0.5897,0.4514,,-0.197
2025-07-18,96.5,极热,0.7083,0.5775,0.6443,-0.3145,0.5627,0.7413,,-0.2918
2025-07-21,91.8,极热,0.7083,0.3755,0.574,-0.283,0.533,0.5734,,-0.2531
2025-07-22,92.6,极热,0.7083,0.3944,0.5125,-0.2527,0.8203,0.348,,-0.2513
2025-07-23,94.4,极热,0.7083,0.365,0.4749,-0.2229,0.8754,0.6605,,-0.4384
2025-07-24,87.0,极热,0.7083,0.5711,0.4208,-0.6074,0.7355,0.7046,,-0.4747
2025-07-25,78.2,极热,0.7083,0.4255,0.4663,-0.5003,0.6814,0.572,,-0.565
2025-07-28,58.0,偏热,0.6667,0.4717,0.5458,-0.5218,0.6032,0.5568,,-0.9063
2025-07-29,76.6,极热,0.6667,0.6669,0.4563,-0.4676,0.5728,0.5464,,-0.7194
2025-07-30,53.5,偏热,0.6667,0.5513,0.2828,-0.4168,0.6487,0.414,,-0.8147
2025-07-31,76.9,极热,0.6667,0.6581,0.3002,-0.387,0.568,0.3704,,-0.4772
2025-08-01,-96.0,极冷,0.7083,-0.6658,0.2371,-0.6451,0.5584,-0.7483,,-0.767
2025-08-04,-86.2,极冷,0.7083,-0.8136,0.4728,-0.5387,-0.5085,0.7198,,-0.5993
2025-08-05,62.5,极热,0.7083,0.5499,0.3688,-0.5536,0.5063,0.5976,,-0.677
2025-08-06,-86.0,极冷,0.7083,-0.5798,0.3552,-0.4982,0.4422,-0.4482,,-0.5798
2025-08-07,68.8,极热,0.7083,0.5622,0.2574,-0.4468,0.4086,0.6094,,-0.5157
2025-08-08,62.7,极热,0.7083,0.3789,0.3038,-0.4154,0.4022,0.5354,,-0.4447
2025-08-11,2.3,中性,0.7083,0.5355,0.2381,-0.3881,0.3417,-0.3186,,-0.3439
2025-08-12,76.2,极热,0.7083,0.3115,0.3875,-0.364,0.4735,0.5668,,-0.3716
2025-08-13,76.2,极热,0.7083,0.6981,0.3648,-0.3424,0.4389,0.4646,,-0.5996
2025-08-14,85.1,极热,0.7083,0.6134,0.3546,-0.3229,0.7027,0.4162,,-0.5078
2025-08-15,11.5,微暖,0.7083,0.4476,0.377,-0.3049,0.7107,-0.4099,,-0.6313
2025-08-18,90.3,极热,0.7083,0.3333,0.8211,-0.2883,0.6544,0.5574,,-0.6022
2025-08-19,90.0,极热,0.7083,0.3259,0.6716,-0.2729,0.8831,0.4956,,-0.6361
2025-08-20,73.3,极热,0.7083,-0.2793,0.6955,-0.3357,0.68,0.5723,,-0.3637
2025-08-21,51.2,偏热,0.7083,-0.2328,0.6154,-0.329,0.6368,0.5895,,-0.6483
2025-08-22,-42.8,冷,0.7083,-0.3852,0.4852,-0.3229,0.5268,-0.204,,-0.5128
2025-08-25,78.9,极热,0.7083,0.6946,0.4656,0.6217,0.6877,-0.6467,,-0.6949
2025-08-26,11.7,微暖,0.7083,-0.2281,0.4446,0.5227,0.8393,-0.7171,,-0.6386
2025-08-27,57.2,偏热,0.7083,0.4317,0.3844,0.5042,0.508,-0.6347,,-0.4933
2025-08-28,59.1,偏热,0.6667,0.3607,0.4667,0.4982,0.7797,-0.6746,,-0.6739
2025-08-29,-52.0,冷,0.6667,0.5855,-0.5504,0.4553,0.5676,-0.6821,,-0.846
2025-09-01,-46.1,冷,0.7083,-0.4529,0.331,0.6876,0.5414,-0.7071,,-0.7963
2025-09-02,52.5,偏热,0.7083,0.3828,0.5104,0.5887,0.5758,-0.6348,,-0.7591
2025-09-03,-65.4,极冷,0.7083,-0.7171,0.3364,0.5633,0.4804,-0.7291,,-0.6348
2025-09-04,47.1,偏热,0.7083,0.5186,0.3199,0.5072,0.492,-0.7234,,-0.5356
2025-09-05,39.6,偏热,0.7083,0.5909,0.2641,0.4553,0.3776,-0.7669,,-0.4361
2025-09-08,-28.7,偏冷,0.7083,0.6226,0.3244,0.4233,-0.491,-0.6589,,-0.4408
2025-09-09,69.6,极热,0.7083,0.66,0.1724,0.665,0.3745,-0.6079,,-0.3665
2025-09-10,-62.1,极冷,0.7083,0.4512,-0.1901,0.5598,-0.5979,-0.5901,,-0.3141
2025-09-11,-18.3,偏冷,0.7083,0.6183,0.2429,0.5304,-0.6364,-0.5376,,-0.3274
2025-09-12,14.0,微暖,0.7083,0.7083,-0.3212,0.4676,0.3882,-0.5085,,-0.52
2025-09-15,62.5,极热,0.7083,0.5273,0.3253,0.4075,0.3883,-0.5087,,-0.3795
2025-09-16,85.5,极热,0.7083,0.6915,0.6188,0.368,0.5465,-0.523,,-0.4225
2025-09-17,82.5,极热,0.7083,0.6847,0.5245,0.3321,0.4804,-0.396,,-0.4493
2025-09-18,-34.7,冷,0.7083,0.4214,-0.7024,0.2987,0.4418,-0.3349,,-0.4287
2025-09-19,10.2,微暖,0.6667,0.5336,-0.6,0.3271,0.7493,-0.3769,,-0.45
2025-09-22,8.8,中性,0.6667,0.4191,0.4143,0.2957,-0.6626,-0.1031,,-0.2295
2025-09-23,44.8,偏热,0.7083,0.5851,0.3996,-0.6155,0.5407,0.1688,,-0.5361
2025-09-24,11.3,微暖,0.7083,0.456,0.3681,-0.5089,0.3923,-0.2291,,-0.3207
2025-09-25,-85.8,极冷,0.7083,-0.4299,-0.6552,-0.4838,0.5151,0.3068,,-0.5474
2025-09-26,-86.5,极冷,0.7083,-0.5677,-0.5027,-0.4723,0.4592,0.2996,,-0.5498
2025-09-29,65.5,极热,0.7083,0.4973,0.3712,0.4215,-0.423,0.3256,,-0.3903
2025-09-30,-0.9,中性,0.7083,0.3911,-0.4368,0.3915,0.3573,-0.1896,,-0.4783
2025-10-09,96.2,极热,0.7083,0.7121,0.601,0.8355,-0.12,0.7035,,-0.8067
2025-10-10,3.4,中性,0.7083,-0.6197,-0.4719,0.6592,0.8173,0.5189,,-0.7441
2025-10-13,70.0,极热,0.7083,-0.6779,0.5755,0.6526,0.274,0.664,,-0.5616
2025-10-14,89.2,极热,0.7083,0.5981,-0.2561,0.5989,0.385,0.6444,,-0.5548
2025-10-15,61.8,极热,0.7083,-0.5229,0.4231,0.5187,0.6245,0.2475,,-0.5255
2025-10-16,81.7,极热,0.7083,0.4864,0.8639,0.4708,-0.6535,0.4069,,-0.3977
2025-10-17,21.7,微暖,0.7083,0.6056,0.6936,0.4284,-0.5898,-0.4248,,-0.4107
2025-10-20,86.9,极热,0.7083,0.3166,0.6869,0.3903,-0.3992,-0.2881,,0.6014
2025-10-21,15.7,微暖,0.7083,0.5597,0.594,0.3554,-0.5637,-0.3173,,-0.4038
2025-10-22,80.5,极热,0.7083,0.4413,0.5016,0.3229,0.3503,-0.2499,,-0.2716
2025-10-23,-42.4,冷,0.7083,0.3028,0.4743,0.292,-0.6114,-0.6053,,-0.2525
2025-10-24,-14.3,偏冷,0.7083,0.4668,0.4387,0.2623,-0.4621,-0.5355,,-0.2627
2025-10-27,39.9,偏热,0.7083,0.5153,0.4038,0.2332,0.359,-0.4797,,-0.5623
2025-10-28,0.0,中性,0.7083,0.5915,-0.6048,0.2959,0.7441,-0.4955,,-0.4414
2025-10-29,27.0,微暖,0.7083,0.5198,-0.3586,0.2804,0.6068,-0.4547,,-0.2664
2025-10-30,17.3,微暖,0.7083,0.628,-0.3214,0.2658,0.5879,-0.5144,,-0.4062
2025-10-31,-80.3,极冷,0.7083,-0.4427,-0.2523,-0.252,0.5269,-0.586,,-0.1163
2025-11-03,-59.8,冷,0.7083,-0.529,0.3466,-0.6165,0.2829,-0.8487,,0.7655
2025-11-04,97.5,极热,0.7083,0.5519,0.3547,-0.5065,0.4803,0.579,,0.5896
2025-11-05,-24.8,偏冷,0.7083,-0.4538,0.2414,-0.5454,-0.4528,0.382,,0.6393
2025-11-06,41.6,偏热,0.7083,-0.5929,0.1863,-0.4982,0.4468,0.4211,,0.532
2025-11-07,-29.5,偏冷,0.7083,-0.2744,0.1788,-0.4553,0.5105,0.3978,,-0.6098
2025-11-10,85.2,极热,0.7083,-0.2363,0.1402,0.6876,-0.3147,0.5577,,0.408
2025-11-11,62.8,极热,0.7083,0.4794,-0.4034,-0.5887,0.4949,0.4278,,0.3628
2025-11-12,31.7,偏热,0.7083,-0.2835,-0.459,-0.5633,0.5308,0.7081,,0.4676
2025-11-13,59.4,偏热,0.7083,0.2052,-0.3047,-0.5072,0.2921,0.633,,0.3922
2025-11-14,-41.8,冷,0.7083,-0.6615,-0.3382,-0.4553,0.1897,0.5949,,0.2786
2025-11-17,-56.0,冷,0.7083,-0.4267,-0.8152,-0.4233,-0.2719,0.8118,,0.582
2025-11-18,-81.0,极冷,0.7083,-0.6514,-0.7818,-0.3955,-0.3906,0.6241,,0.5099
2025-11-19,-81.1,极冷,0.7083,-0.6573,-0.695,-0.3709,-0.4189,0.6462,,0.3959
2025-11-20,-80.7,极冷,0.7083,-0.5681,-0.5597,-0.3489,-0.5312,0.4361,,0.4649
2025-11-21,-83.6,极冷,0.7083,-0.7194,-0.5079,-0.329,-0.5459,0.4433,,0.4592
2025-11-24,-92.9,极冷,0.7083,-0.5019,-0.6035,-0.3107,-0.6882,-0.1981,,0.5813
2025-11-25,-24.3,偏冷,0.7083,0.3795,-0.3988,-0.2938,-0.7901,0.5502,,0.3769
2025-11-26,-21.6,偏冷,0.7083,0.5161,-0.4578,-0.2782,-0.5565,0.2201,,0.3889
2025-11-27,-15.5,偏冷,0.7083,0.4867,-0.349,-0.2634,-0.5184,0.3115,,0.218
2025-11-28,-3.8,中性,0.6667,0.3791,-0.4498,-0.3056,-0.4768,0.4704,,0.3972
2025-12-01,88.8,极热,0.7083,0.4679,-0.2776,0.6246,-0.5978,0.4744,,0.7105
2025-12-02,86.1,极热,0.7083,0.3355,-0.2643,0.5258,0.36,-0.2683,,0.5773
2025-12-03,65.7,极热,0.7083,0.4507,-0.3635,0.507,-0.6341,0.2548,,0.6106
2025-12-04,41.2,偏热,0.7083,0.6021,-0.3188,0.4527,-0.3291,-0.4594,,0.5428
2025-12-05,86.1,极热,0.7083,0.4772,-0.3097,0.4553,-0.446,0.6826,,0.4251
2025-12-08,94.2,极热,0.7083,0.5453,0.3626,0.4323,-0.2338,0.1701,,0.3806
2025-12-09,-21.2,偏冷,0.7083,0.4912,-0.192,-0.6757,0.6654,0.1371,,-0.5667
2025-12-10,-6.9,中性,0.7083,0.4445,-0.1625,-0.5775,0.4171,-0.5441,,0.4133
2025-12-11,11.3,微暖,0.7083,0.5363,-0.0745,-0.5536,0.3803,0.2978,,-0.4233
2025-12-12,94.2,极热,0.7083,0.523,0.3413,-0.4982,0.3613,0.6528,,0.3005
2025-12-15,-48.5,冷,0.7083,-0.4695,-0.3546,-0.4468,0.6533,0.6817,,-0.5193
2025-12-16,-93.9,极冷,0.7083,0.3959,-0.8527,-0.4154,-0.5024,-0.7458,,0.3314
2025-12-17,-33.1,冷,0.7083,0.2933,-0.6774,-0.3881,0.5117,-0.5184,,0.5058
2025-12-18,-96.5,极冷,0.7083,-0.4912,-0.6605,-0.364,0.3826,-0.5047,,-0.5378
2025-12-19,-20.8,偏冷,0.7083,0.1984,-0.5966,-0.3424,-0.3686,0.2559,,0.7008
2025-12-22,89.8,极热,0.7083,0.4688,-0.4824,-0.3229,0.3756,0.9523,,0.4574
2025-12-23,66.7,极热,0.7083,0.5147,-0.6353,-0.3049,0.627,0.5088,,0.1305
2025-12-24,81.0,极热,0.7083,0.5697,-0.655,-0.2883,0.6813,0.685,,0.1578
2025-12-25,98.5,极热,0.7083,0.4845,0.6333,-0.2729,0.5832,0.7786,,0.0644
2025-12-26,74.8,极热,0.6667,0.4127,-0.3846,-0.3357,0.4725,0.6842,,0.1294
2025-12-29,59.8,偏热,0.6667,0.3413,-0.6035,-0.329,0.6887,0.3633,,0.2662
2025-12-30,59.2,偏热,0.6667,0.2947,-0.6358,-0.3229,0.6204,0.669,,0.1008
2025-12-31,-1.5,中性,0.6667,0.1375,-0.5803,-0.3173,0.6007,0.5192,,-0.3157
2026-01-05,36.5,偏热,0.7083,-0.5421,0.5339,0.6191,-0.0619,0.6622,,-0.742
2026-01-06,84.9,极热,0.7083,0.3006,-0.2071,0.5199,0.8649,0.6401,,-0.8343
2026-01-07,49.9,偏热,0.7083,0.5542,-0.2456,0.5454,0.8585,-0.3241,,-0.757
2026-01-08,86.1,极热,0.7083,0.4437,-0.1966,0.4982,0.8465,0.4316,,-0.718
2026-01-09,54.2,偏热,0.7083,-0.5456,-0.1919,0.7023,0.7642,0.6763,,-0.7041
2026-01-12,95.0,极热,0.7083,0.613,-0.1398,0.6022,0.7831,0.6142,,-0.6878
2026-01-13,57.0,偏热,0.7083,-0.4788,-0.2026,0.5748,0.863,0.6538,,-0.6783
2026-01-14,7.8,中性,0.6667,-0.5478,-0.5792,0.5178,0.7317,0.4018,,-0.3608
2026-01-15,2.0,中性,0.6667,-0.5322,-0.5556,0.4651,0.777,0.5559,,-0.5877
2026-01-16,90.3,极热,0.7083,-0.4951,0.8223,0.4323,0.5813,0.5354,,-0.4024
2026-01-19,-7.5,中性,0.7083,-0.6259,-0.6661,0.4038,0.6792,0.7161,,-0.4727
2026-01-20,77.1,极热,0.7083,-0.6463,0.6414,0.3786,0.4451,0.6445,,-0.4094
2026-01-21,-45.1,冷,0.7083,-0.7671,-0.5707,0.3561,0.3643,0.4032,,-0.2113
2026-01-22,60.7,极热,0.7083,0.4062,-0.49,0.3357,0.4364,0.5847,,-0.5304
2026-01-23,70.2,极热,0.7083,0.448,-0.46,0.3171,0.3771,0.5611,,-0.3563
2026-01-26,76.1,极热,0.7083,0.445,-0.3991,0.2999,0.4781,0.5309,,-0.3523
2026-01-27,70.2,极热,0.7083,0.4805,-0.5564,0.2839,0.526,0.2984,,-0.1502
2026-01-28,68.0,极热,0.7083,0.6607,-0.4945,0.2689,0.2911,0.4099,,-0.2887
2026-01-29,55.3,偏热,0.7083,0.5887,-0.3056,-0.2548,0.5113,0.3064,,-0.1989
2026-01-30,62.0,极热,0.7083,0.4647,-0.5503,-0.3229,0.5136,0.2584,,0.3882
2026-02-02,-98.4,极冷,0.7083,-0.4079,-0.4416,-0.6217,-0.4247,-0.0788,,-0.7149
2026-02-03,34.1,偏热,0.7083,0.4428,0.477,-0.5227,-0.4338,-0.3859,,0.857
2026-02-04,-92.6,极冷,0.7083,-0.5538,0.2075,-0.5042,-0.4496,0.3228,,-0.727
2026-02-05,-80.3,极冷,0.7083,-0.6529,0.3519,-0.4982,-0.5136,-0.5212,,0.7658
2026-02-06,-89.2,极冷,0.7083,-0.7123,0.3314,-0.4553,-0.6246,-0.6574,,0.6911
2026-02-09,70.2,极热,0.7083,0.4381,0.4481,0.6876,-0.6896,-0.5789,,0.6257
2026-02-10,-97.3,极冷,0.7083,0.3669,-0.3467,-0.5887,-0.5156,-0.8287,,-0.408
2026-02-11,-94.3,极冷,0.7083,0.4742,-0.254,-0.5633,-0.6494,-0.5061,,-0.3722
2026-02-12,-66.7,极冷,0.6667,0.4312,0.2928,-0.5072,-0.7358,-0.6783,,0.4512
2026-02-13,-95.7,极冷,0.6667,-0.7164,0.2856,-0.4553,-0.4225,-0.4775,,-0.2738
2026-02-24,-83.9,极冷,0.7083,-0.634,0.9944,-0.4233,-0.7748,-0.6593,,0.351
2026-02-25,28.7,微暖,0.7083,0.4616,0.8651,-0.3955,-0.2471,-0.6585,,0.3497
2026-02-26,21.2,微暖,0.7083,0.4613,0.7146,-0.3709,0.1831,-0.4939,,-0.2228
2026-02-27,-73.4,极冷,0.7083,-0.4628,0.6103,-0.3489,-0.0687,-0.467,,-0.1955
2026-03-02,-75.9,极冷,0.7083,-0.4899,0.5137,-0.4958,-0.025,-0.4162,,-0.0832
2026-03-03,-60.1,极冷,0.7083,-0.5328,0.5156,-0.3871,0.5366,-0.6532,,-0.1233
2026-03-04,-35.3,冷,0.7083,-0.7455,0.4584,-0.3848,0.5237,-0.7268,,0.6073
2026-03-05,-56.8,冷,0.7083,-0.2448,0.5083,-0.3657,-0.3544,-0.6323,,0.4875
2026-03-06,-74.3,极冷,0.7083,-0.6167,0.4286,-0.3543,-0.0589,-0.5969,,0.2517
2026-03-09,-0.7,中性,0.7083,-0.7005,0.3928,0.6537,-0.3527,-0.4217,,0.5025
2026-03-10,17.7,微暖,0.7083,-0.3174,0.3144,-0.517,0.4827,-0.3839,,0.661
2026-03-11,-21.8,偏冷,0.7083,-0.3175,0.2709,-0.508,-0.3134,0.3664,,0.3169
2026-03-12,-38.9,冷,0.7083,-0.404,0.2514,-0.4705,0.1508,-0.427,,0.5282
2026-03-13,-12.3,偏冷,0.7083,-0.7609,0.2076,-0.437,0.2996,0.1262,,0.4995
2026-03-16,1.9,中性,0.7083,-0.6602,0.5427,-0.4233,-0.0357,0.1495,,0.5049
2026-03-17,-64.5,极冷,0.7083,-0.2265,0.4085,-0.3955,0.3536,-0.3265,,-0.5625
2026-03-18,-73.0,极冷,0.7083,-0.2432,0.4214,-0.3709,-0.3128,-0.8091,,0.4091
2026-03-19,-72.3,极冷,0.7083,-0.5992,0.3797,-0.3489,-0.4501,0.3766,,-0.2617
2026-03-20,-48.0,冷,0.7083,-0.3435,0.3434,-0.329,-0.1587,-0.4707,,0.4632
2026-03-23,-81.2,极冷,0.6667,-0.7294,0.4261,-0.3107,-0.3674,-0.6201,,0.4851
2026-03-24,-80.6,极冷,0.6667,-0.3077,0.3811,-0.2938,-0.5957,-0.9086,,0.6461
2026-03-25,-89.7,极冷,0.6667,-0.541,0.429,-0.2782,-0.7496,-0.601,,0.2478
2026-03-26,-84.2,极冷,0.6667,-0.3027,0.3343,-0.2634,-0.5064,-0.697,,0.1793
2026-03-27,-91.5,极冷,0.5833,-0.7511,0.2656,-0.3056,-0.6876,-0.7029,,0.6004
2026-03-30,-94.8,极冷,0.5833,-0.7717,0.3127,-0.2957,-0.7352,-0.6212,,0.1998
2026-03-31,-73.0,极冷,0.5833,-0.7094,0.3983,-0.2865,-0.3935,-0.3902,,0.4763
2026-04-01,48.5,偏热,0.6667,0.3693,-0.4511,0.6191,-0.5082,-0.3025,,0.8774
2026-04-02,76.2,极热,0.6667,0.2851,0.4712,0.5199,-0.4246,-0.4439,,0.6069
2026-04-03,81.4,极热,0.6667,0.3746,0.5609,0.5454,-0.7129,-0.3762,,0.7794
2026-04-07,-22.6,偏冷,0.6667,0.3374,0.7071,-0.4982,-0.8085,-0.4528,,0.5873
2026-04-08,-4.1,中性,0.6667,0.329,0.6199,-0.4553,-0.6127,-0.2751,,0.4195
2026-04-09,86.7,极热,0.6667,0.7805,0.5475,0.6876,0.6795,-0.607,,-0.7225
2026-04-10,88.3,极热,0.6667,0.6993,0.5003,0.5887,-0.4521,-0.4261,,0.4674
2026-04-13,75.2,极热,0.6667,0.6629,0.509,0.5633,0.3435,-0.4761,,-0.59
2026-04-14,83.3,极热,0.6667,0.6733,-0.2626,0.5072,0.2754,0.5723,,-0.5637
2026-04-15,22.4,微暖,0.6667,0.7201,-0.3297,0.4553,0.6044,-0.5237,,-0.6112
2026-04-16,73.9,极热,0.7083,0.605,-0.8167,0.4233,0.6059,0.7042,,-0.509
2026-04-17,58.9,偏热,0.7083,0.5364,-0.7457,0.3955,0.5427,0.5677,,-0.5518
2026-04-20,76.7,极热,0.7083,0.6688,-0.7004,0.3709,0.5901,0.6464,,-0.5143
2026-04-21,80.7,极热,0.7083,0.4868,-0.6036,0.3489,0.7886,0.6622,,-0.5279
2026-04-22,83.7,极热,0.7083,0.3586,-0.5175,0.329,0.5576,0.8153,,-0.3272
2026-04-23,77.3,极热,0.7083,0.4402,-0.4831,0.3107,0.7364,0.5024,,-0.4581
2026-04-24,81.1,极热,0.7083,0.4014,-0.4255,0.2938,0.7667,0.4072,,-0.3139
2026-04-27,66.4,极热,0.7083,0.4772,-0.413,0.2782,0.425,0.5058,,-0.4507
2026-04-28,22.7,微暖,0.7083,0.5277,-0.3964,-0.2634,0.5906,0.3674,,-0.5348
2026-04-29,64.0,极热,0.7083,0.3992,-0.3267,0.329,0.4242,0.3705,,-0.4244
2026-04-30,-19.8,偏冷,0.7083,-0.5254,-0.3961,0.3229,0.4932,0.4303,,-0.4677
2026-05-06,-45.0,冷,0.7083,0.6473,-0.5147,-0.6217,0.5992,0.4286,,-0.9083
2026-05-07,38.3,偏热,0.7083,0.5645,-0.228,-0.5227,0.8213,0.5545,,-0.6932
2026-05-08,15.3,微暖,0.7083,0.5298,-0.4691,-0.5042,0.6113,0.6733,,-0.5933
2026-05-11,98.5,极热,0.7083,0.6535,0.5536,-0.7308,0.6315,0.5145,,0.6889
2026-05-12,57.3,偏热,0.7083,0.6023,-0.2254,-0.619,0.8464,0.6061,,-0.4801
2026-05-13,78.6,极热,0.7083,0.4957,0.5071,-0.5887,0.5697,0.477,,-0.382
2026-05-14,81.1,极热,0.7083,0.5295,0.4141,-0.5302,0.6378,0.5922,,-0.4919
2026-05-15,67.9,极热,0.7083,0.6666,0.2768,-0.4766,0.6298,0.1945,,-0.4322
2026-05-18,75.1,极热,0.7083,-0.6552,0.8344,-0.4427,0.5336,0.3178,,0.4297
2026-05-19,36.8,偏热,0.7083,-0.4494,0.6683,-0.4132,0.4911,0.4324,,-0.2868
2026-05-20,2.7,中性,0.7083,-0.5299,0.657,-0.3873,0.3992,0.3591,,-0.4061
2026-05-21,-39.9,冷,0.7083,0.4556,-0.5883,-0.3641,0.4304,0.2387,,-0.541
2026-05-22,79.5,极热,0.7083,0.5314,0.4943,-0.3431,0.657,-0.5366,,0.2932
2026-05-25,-82.5,极冷,0.7083,0.5071,-0.5999,-0.324,-0.5857,0.1595,,-0.3378
2026-05-26,-80.1,极冷,0.7083,0.4573,-0.6259,-0.3064,0.6022,-0.5465,,-0.6509
2026-05-27,-62.3,极冷,0.7083,0.4668,-0.3744,-0.2901,0.3904,-0.475,,-0.4232
2026-05-28,-42.1,冷,0.7083,0.493,-0.3773,-0.2748,0.3927,-0.531,,-0.1149
2026-05-29,-30.6,冷,0.7083,0.5476,-0.306,-0.2605,0.4247,-0.3051,,-0.3768
2026-06-01,-91.4,极冷,0.7083,0.5038,-0.4574,-0.624,0.5358,-0.6253,,-0.8898
2026-06-02,-96.7,极冷,0.7083,0.4765,-0.2731,-0.5258,-0.6148,-0.4563,,-0.7997
2026-06-03,-88.6,极冷,0.7083,0.5781,0.2457,-0.507,-0.4156,-0.7197,,-0.6
2026-06-04,-43.0,冷,0.7083,0.4643,0.2059,-0.4527,0.4132,-0.5479,,-0.4928
2026-06-05,-94.2,极冷,0.7083,0.4467,-0.1811,-0.4553,-0.6257,-0.6034,,-0.4366
2026-06-08,-95.3,极冷,0.7083,-0.8307,-0.4317,-0.4323,-0.2541,-0.6328,,0.6249
2026-06-09,-71.0,极冷,0.7083,-0.4324,-0.4171,0.6757,-0.6966,-0.6011,,0.6556
2026-06-10,-96.2,极冷,0.7083,-0.5545,-0.4529,0.5775,-0.6915,-0.6246,,-0.3596
2026-06-11,-79.5,极冷,0.7083,-0.6584,-0.3098,0.5536,-0.559,-0.5801,,0.5012
2026-06-12,-95.2,极冷,0.6667,0.5066,-0.6371,-0.4982,-0.613,-0.382,,-0.35
2026-06-15,-72.1,极冷,0.6667,0.2784,-0.5833,-0.4468,0.762,-0.5454,,-0.3315
2026-06-16,-63.6,极冷,0.7083,0.5577,0.7392,-0.4154,-0.2567,-0.6424,,-0.6601
2026-06-17,13.9,微暖,0.7083,0.3603,0.7006,-0.3881,0.343,-0.4573,,-0.3591
2026-06-18,-75.3,极冷,0.7083,-0.5385,0.5488,-0.364,0.5687,-0.5548,,-0.5974
2026-06-22,89.3,极热,0.7083,0.6727,0.5346,-0.3424,0.7687,0.4046,,-0.6035
2026-06-23,-68.0,极冷,0.7083,-0.5919,0.5248,-0.3229,0.8336,-0.6757,,-0.5172
2026-06-24,-77.9,极冷,0.7083,-0.6012,0.5405,-0.3049,0.4809,-0.7309,,-0.3945
2026-06-25,34.3,偏热,0.7083,-0.5869,0.5995,-0.2883,0.5115,0.7308,,-0.5258
2026-06-26,-69.0,极冷,0.7083,-0.5331,0.3883,-0.2729,0.7166,-0.5804,,-0.5162
2026-06-29,-84.8,极冷,0.625,-0.5328,0.3179,-0.3164,0.4423,-0.6672,,-0.5015
2026-06-30,72.8,极热,0.625,0.397,0.3036,-0.3056,0.4843,0.7331,,-0.6563
2026-07-01,93.2,极热,0.7083,0.4521,0.298,0.6246,0.4396,0.6955,,-0.8677
2026-07-02,80.9,极热,0.7083,-0.3818,0.2868,0.5258,0.6303,0.7296,,-0.6416
2026-07-03,69.0,极热,0.7083,-0.4033,0.3314,0.507,0.2504,0.7528,,-0.5554
2026-07-06,-56.9,冷,0.7083,-0.3289,0.4983,0.4527,-0.1668,-0.5572,,-0.5041
2026-07-07,-54.0,冷,0.7083,0.3289,0.4384,-0.4553,-0.1347,-0.3135,,-0.4438
2026-07-08,-93.1,极冷,0.7083,-0.5632,0.4599,-0.4323,-0.6009,-0.2217,,-0.4005
2026-07-09,-41.4,冷,0.7083,-0.3116,0.4173,0.6757,-0.4802,-0.306,,-0.3831
2026-07-10,19.8,微暖,0.7083,0.4228,0.3952,0.5775,-0.2041,-0.3512,,-0.5842
2026-07-13,10.7,微暖,0.7083,0.4733,0.3519,0.5536,-0.5591,-0.3611,,-0.293
2026-07-14,-89.0,极冷,0.6667,-0.6195,0.3094,0.4982,-0.7584,-0.588,,-0.2812
2026-07-15,-34.2,冷,0.6667,0.35,0.3351,0.4468,-0.6441,-0.5478,,-0.2408
2026-07-16,-62.5,极冷,0.7083,0.5505,-0.8153,0.4154,-0.699,-0.6278,,0.5383
2026-07-17,-89.6,极冷,0.7083,-0.4709,-0.6719,0.3881,-0.7806,-0.5194,,0.5996
2026-07-20,-93.0,极冷,0.7083,-0.6044,-0.6414,0.364,-0.6544,-0.8077,,0.6646
2026-07-21,-89.3,极冷,0.7083,-0.483,-0.5594,0.3424,-0.6351,-0.6333,,0.5151
2026-07-22,-96.1,极冷,0.7083,-0.3938,-0.5475,0.3229,-0.5203,-0.7618,,-0.2147
2026-07-23,-87.9,极冷,0.7083,-0.3981,-0.4552,0.3049,-0.5964,-0.6402,,0.3836
2026-07-24,-92.1,极冷,0.7083,-0.7568,-0.4685,0.2883,-0.7244,-0.4059,,0.427
2026-07-27,-95.8,极冷,0.7083,-0.6291,-0.3681,-0.2729,-0.6925,-0.4249,,0.3271
2026-07-28,-74.3,极冷,0.6667,-0.6026,-0.4937,0.3357,-0.3849,-0.1566,,0.3492
2026-07-29,-79.9,极冷,0.6667,-0.5307,-0.5593,0.329,-0.6244,-0.4338,,0.7615
2026-07-30,-87.4,极冷,0.6667,-0.8312,-0.6129,0.3229,-0.3922,-0.4157,,0.5817
2026-07-31,41.7,偏热,0.6667,0.5875,-0.2563,0.3173,-0.4516,-0.4556,,0.7651
2026-08-03,-14.6,偏冷,0.7083,0.6132,-0.349,-0.6191,-0.3386,-0.1455,,0.7724
2026-08-04,-19.4,偏冷,0.7083,0.4574,-0.2222,-0.5199,-0.6568,0.052,,0.7704
2026-08-05,77.0,极热,0.7083,0.5513,0.4528,-0.5454,-0.2988,0.2698,,0.6045
2026-08-06,93.4,极热,0.7083,0.4241,0.3673,-0.4982,0.3644,0.4647,,0.491
2026-08-07,85.6,极热,0.7083,0.4634,0.277,-0.4553,-0.1833,0.7187,,0.4417
2026-08-10,88.1,极热,0.7083,0.5749,0.2043,-0.6876,0.2765,0.6102,,0.381
2026-08-11,69.5,极热,0.7083,0.4496,-0.1104,-0.5887,-0.0478,0.8357,,0.3488
2026-08-12,74.0,极热,0.625,0.3539,0.35,-0.5633,-0.3239,0.7968,,0.3603
2026-08-13,58.9,偏热,0.625,0.4512,0.1766,-0.5072,-0.414,0.712,,0.295
2026-08-14,93.4,极热,0.625,0.4792,0.1981,-0.4553,0.4096,0.7013,,0.2889
2026-08-17,-22.8,偏冷,0.6667,0.4765,-0.7526,-0.4233,-0.5382,0.8635,,0.2445
2026-08-18,29.1,微暖,0.6667,0.4531,-0.6257,-0.3955,0.5641,0.7855,,-0.3974
2026-08-19,-39.8,冷,0.6667,-0.2479,-0.6239,-0.3709,0.4204,0.7661,,-0.2992
2026-08-20,81.8,极热,0.6667,0.5347,-0.5131,-0.3489,0.512,0.4245,,0.544
2026-08-21,-67.5,极冷,0.6667,-0.3514,-0.4359,-0.329,-0.5547,0.5344,,0.3417
2026-08-24,-18.2,偏冷,0.6667,0.4909,-0.5147,-0.3107,-0.5998,0.5251,,0.2911
2026-08-25,-32.5,冷,0.6667,-0.3165,-0.4022,-0.2938,-0.2117,0.3701,,0.5545
2026-08-26,-14.2,偏冷,0.6667,0.4359,-0.5548,-0.2782,-0.5879,0.5876,,0.3224
2026-08-27,-52.8,冷,0.6667,-0.203,-0.2997,-0.2634,-0.4264,0.414,,0.2051
2026-08-28,78.5,极热,0.6667,0.4676,0.4519,-0.329,0.2574,0.5575,,-0.3509
2026-08-31,-73.4,极冷,0.6667,-0.6201,0.365,-0.3229,-0.3925,0.3715,,-0.3298
2026-09-01,74.6,极热,0.6667,-0.3824,-0.4759,0.6217,0.1223,0.3805,,0.7197
2026-09-02,76.4,极热,0.6667,-0.7595,0.4585,0.5227,-0.3896,0.3644,,0.8586
2026-09-03,74.1,极热,0.6667,-0.466,0.4422,0.5042,-0.5882,0.3497,,0.7471
2026-09-04,97.4,极热,0.625,0.6187,0.3944,0.5508,-0.5505,0.3688,,0.665
