date,open,high,low,close
2010-06-01,986.015,994.793,948.118,973.233
2010-06-02,967.609,997.119,952.611,997.119
2010-06-03,1002.355,1026.702,997.775,998.394
2010-06-04,989.681,1027.681,986.504,1027.681
2010-06-07,1005.028,1075.225,1001.702,1069.468
2010-06-08,1067.324,1075.503,1050.965,1067.154
2010-06-09,1070.852,1102.098,1069.431,1077.823
2010-06-10,1077.675,1119.106,1076.281,1117.478
2010-06-11,1122.443,1128.228,1118.706,1122.199
2010-06-17,1126.13,1129.685,1064.839,1064.839
2010-06-18,1052.067,1053.138,993.174,1000.277
2010-06-21,991.957,1043.156,976.414,1040.802
2010-06-22,1037.039,1057.365,1033.647,1034.995
2010-06-23,1026.865,1056.348,1023.737,1047.337
2010-06-24,1046.759,1059.754,1041.539,1050.601
2010-06-25,1046.212,1046.212,999.163,1016.283
2010-06-28,1009.223,1014.413,984.216,987.827
2010-06-29,985.572,992.227,912.54,913.309
2010-06-30,898.291,921.81,881.36,919.314
2010-07-01,914.395,921.214,882.19,882.19
2010-07-02,878.951,885.338,832.623,873.12
2010-07-05,857.369,870.863,842.733,862.268
2010-07-06,859.258,898.445,857.797,893.718
2010-07-07,896.532,908.549,890.336,908.549
2010-07-08,911.997,914.296,887.027,905.509
2010-07-09,903.496,936.53,896.886,932.147
2010-07-12,931.535,941.071,924.058,930.173
2010-07-13,924.948,936.644,906.304,931.08
2010-07-14,929.749,937.932,916.074,922.362
2010-07-15,920.046,930.555,892.557,892.557
2010-07-16,885.067,895.056,869.022,892.298
2010-07-19,881.656,910.176,878.065,908.049
2010-07-20,909.543,937.545,909.543,937.017
2010-07-21,940.097,959.038,938.16,941.25
2010-07-22,938.218,950.209,932.019,950.209
2010-07-23,951.84,964.743,948.126,960.588
2010-07-26,962.76,966.732,954.759,966.154
2010-07-27,963.544,968.04,955.731,957.967
2010-07-28,955.188,972.534,954.521,972.534
2010-07-29,974.295,982.015,965.606,975.362
2010-07-30,971.663,971.663,955.918,968.431
2010-08-02,968.45,994.228,968.45,994.228
2010-08-03,995.195,996.263,975.645,975.645
2010-08-04,971.407,978.014,955.93,978.014
2010-08-05,980.27,998.101,978.333,987.351
2010-08-06,987.967,1011.39,985.63,1011.39
2010-08-09,1013.245,1032.339,1013.245,1032.339
2010-08-10,1031.978,1034.332,993.992,993.992
2010-08-11,991.278,1006.448,990.94,1004.637
2010-08-12,994.052,1007.576,987.978,991.777
2010-08-13,992.626,1007.52,986.623,1007.206
2010-08-16,1007.498,1031.052,1005.052,1030.217
2010-08-17,1031.075,1036.821,1023.079,1033.581
2010-08-18,1033.707,1035.611,1018.496,1026.722
2010-08-19,1026.983,1033.248,1021.704,1025.526
2010-08-20,1021.458,1022.448,993.56,995.944
2010-08-23,994.938,1001.183,991.518,995.613
2010-08-24,993.576,1007.76,987.224,1004.985
2010-08-25,1000.269,1002.329,976.555,976.878
2010-08-26,978.598,984.868,973.002,980.63
2010-08-27,978.514,1000.861,975.72,999.456
2010-08-30,1002.987,1025.153,1002.987,1024.928
2010-08-31,1020.747,1029.802,1015.133,1025.57
2010-09-01,1025.678,1029.805,987.588,995.586
2010-09-02,1001.597,1018.275,996.524,1014.922
2010-09-03,1017.637,1045.213,1017.51,1036.703
2010-09-06,1039.464,1043.24,1007.426,1010.764
2010-09-07,1010.115,1022.622,1007.637,1022.622
2010-09-08,1020.229,1027.637,1016.836,1026.327
2010-09-09,1029.106,1040.67,1019.688,1021.832
2010-09-10,1021.874,1037.511,1016.191,1034.939
2010-09-13,1034.39,1045.39,1033.254,1042.482
2010-09-14,1044.302,1046.132,1028.769,1031.219
2010-09-15,1029.52,1030.021,987.049,990.103
2010-09-16,989.488,994.954,964.528,972.602
2010-09-17,976.071,981.728,967.555,972.229
2010-09-20,972.445,975.262,947.414,949.195
2010-09-21,952.072,953.834,930.248,934.461
2010-09-27,936.213,951.837,930.865,950.671
2010-09-28,949.631,949.889,939.631,942.049
2010-09-29,941.268,944.174,924.415,926.758
2010-09-30,923.825,942.539,921.357,942.539
2010-10-08,946.469,963.18,945.618,959.863
2010-10-11,960.913,961.173,941.912,947.11
2010-10-12,946.626,959.976,945.011,951.79
2010-10-13,951.326,962.738,940.645,962.738
2010-10-14,963.286,975.907,956.864,958.495
2010-10-15,954.117,957.769,937.12,944.254
2010-10-18,941.874,941.874,913.816,932.359
2010-10-19,932.826,1005.591,932.323,995.922
2010-10-20,986.654,1024.579,986.033,1004.542
2010-10-21,1001.682,1001.682,983.656,991.842
2010-10-22,991.135,1023.703,991.135,1013.448
2010-10-25,1018.084,1043.087,1018.084,1039.054
2010-10-26,1041.532,1041.914,1020.942,1036.007
2010-10-27,1034.864,1048.556,1028.696,1030.593
2010-10-28,1024.697,1038.622,1023.492,1038.622
2010-10-29,1042.401,1069.754,1042.401,1064.522
2010-11-01,1071.628,1113.623,1071.628,1107.523
2010-11-02,1108.093,1108.093,1074.58,1075.151
2010-11-03,1063.2,1063.2,1040.548,1040.621
2010-11-04,1041.419,1057.714,1037.239,1057.714
2010-11-05,1067.873,1072.219,1058.259,1072.219
2010-11-08,1077.504,1107.061,1077.504,1107.061
2010-11-09,1110.434,1117.521,1102.014,1115.648
2010-11-10,1115.743,1147.481,1113.754,1141.582
2010-11-11,1137.079,1163.698,1132.358,1132.722
2010-11-12,1126.854,1140.634,1080.266,1082.24
2010-11-15,1087.807,1148.539,1086.517,1148.539
2010-11-16,1154.409,1175.311,1111.496,1126.175
2010-11-17,1115.12,1132.862,1080.933,1085.349
2010-11-18,1090.138,1102.845,1077.059,1102.845
2010-11-19,1106.753,1153.171,1105.594,1153.171
2010-11-22,1153.264,1194.196,1151.764,1174.938
2010-11-23,1172.06,1183.842,1148.814,1183.502
2010-11-24,1176.424,1208.45,1174.675,1208.45
2010-11-25,1212.768,1215.741,1177.826,1186.358
2010-11-26,1184.803,1200.498,1179.278,1196.019
2010-11-29,1195.313,1221.745,1193.414,1220.11
2010-11-30,1219.076,1219.117,1146.975,1181.504
2010-12-01,1176.613,1182.573,1169.892,1177.175
2010-12-02,1187.103,1192.798,1177.813,1177.84
2010-12-03,1177.169,1178.674,1148.088,1157.939
2010-12-06,1157.72,1159.297,1124.935,1134.383
2010-12-07,1132.328,1162.582,1123.762,1161.692
2010-12-08,1160.923,1176.42,1158.101,1160.239
2010-12-09,1158.817,1160.912,1144.181,1144.531
2010-12-10,1139.828,1167.677,1136.33,1166.801
2010-12-13,1175.509,1210.753,1175.509,1209.271
2010-12-14,1211.463,1219.711,1204.664,1218.52
2010-12-15,1217.808,1224.045,1209.289,1211.804
2010-12-16,1209.62,1233.617,1209.344,1225.03
2010-12-17,1222.927,1233.389,1222.927,1232.982
2010-12-20,1235.668,1239.602,1180.529,1212.337
2010-12-21,1212.086,1222.3,1204.478,1215.022
2010-12-22,1214.772,1215.789,1199.676,1201.647
2010-12-23,1198.737,1200.755,1175.861,1176.364
2010-12-24,1170.695,1170.695,1140.134,1144.502
2010-12-27,1145.699,1154.525,1100.517,1105.296
2010-12-28,1098.939,1099.182,1080.398,1091.483
2010-12-29,1091.818,1113.31,1091.818,1113.31
2010-12-30,1113.559,1122.406,1106.429,1117.214
2010-12-31,1117.36,1138.472,1117.36,1137.662
2011-01-04,1142.166,1155.518,1140.04,1155.106
2011-01-05,1153.909,1159.117,1146.38,1155.349
2011-01-06,1153.633,1159.405,1134.089,1134.792
2011-01-07,1132.733,1139.779,1119.614,1126.517
2011-01-10,1124.337,1124.337,1089.056,1093.765
2011-01-11,1089.988,1089.988,1068.399,1078.365
2011-01-12,1083.117,1095.516,1071.086,1089.673
2011-01-13,1094.826,1097.098,1089.672,1093.856
2011-01-14,1092.093,1092.093,1065.746,1067.418
2011-01-17,1066.435,1066.991,1025.663,1028.161
2011-01-18,1021.836,1029.863,1014.631,1025.716
2011-01-19,1025.93,1048.598,1023.148,1048.535
2011-01-20,1047.768,1051.516,1020.286,1020.389
2011-01-21,1014.716,1033.518,1013.269,1024.505
2011-01-24,1024.792,1029.329,994.261,994.967
2011-01-25,992.573,992.573,968.324,978.998
2011-01-26,978.068,995.785,977.854,995.744
2011-01-27,991.059,1015.046,984.793,1013.024
2011-01-28,1013.639,1023.633,1011.305,1020.938
2011-01-31,1021.626,1030.185,1014.396,1029.12
2011-02-01,1029.67,1034.137,1026.899,1032.604
2011-02-09,1026.446,1037.843,1021.788,1025.152
2011-02-10,1026.253,1063.946,1024.714,1063.946
2011-02-11,1067.19,1075.592,1065.152,1071.582
2011-02-14,1072.311,1087.306,1072.311,1086.558
2011-02-15,1086.796,1097.555,1082.265,1087.725
2011-02-16,1086.766,1107.24,1083.854,1107.24
2011-02-17,1108.627,1116.963,1103.892,1115.334
2011-02-18,1114.447,1114.69,1098.585,1100.461
2011-02-21,1096.165,1117.672,1094.425,1117.672
2011-02-22,1118.61,1122.179,1087.007,1088.266
2011-02-23,1088.08,1117.288,1087.863,1114.052
2011-02-24,1112.431,1112.716,1094.617,1101.953
2011-02-25,1098.11,1098.726,1085.799,1095.098
2011-02-28,1096.337,1099.776,1087.587,1099.776
2011-03-01,1100.809,1102.548,1091.984,1098.003
2011-03-02,1094.972,1096.09,1077.652,1088.897
2011-03-03,1088.891,1091.887,1062.371,1064.307
2011-03-04,1063.43,1071.86,1056.56,1071.86
2011-03-07,1073.926,1078.111,1069.933,1078.111
2011-03-08,1079.528,1085.307,1074.104,1084.821
2011-03-09,1084.703,1087.299,1075.462,1087.299
2011-03-10,1088.344,1103.535,1087.565,1093.904
2011-03-11,1090.212,1113.012,1088.653,1101.76
2011-03-14,1099.318,1107.537,1095.9,1107.537
2011-03-15,1108.197,1108.197,1078.228,1094.954
2011-03-16,1094.124,1102.674,1094.124,1102.215
2011-03-17,1096.223,1096.223,1074.866,1078.371
2011-03-18,1081.601,1088.308,1079.561,1083.597
2011-03-21,1083.146,1084.548,1068.315,1070.601
2011-03-22,1072.387,1074.082,1057.864,1067.285
2011-03-23,1066.172,1076.563,1064.59,1076.563
2011-03-24,1078.018,1081.586,1074.039,1077.988
2011-03-25,1077.343,1078.018,1069.379,1072.343
2011-03-28,1072.889,1074.409,1051.016,1052.113
2011-03-29,1050.29,1050.29,1017.881,1019.04
2011-03-30,1017.165,1019.174,1004.377,1006.366
2011-03-31,1006.721,1019.32,1005.374,1008.296
2011-04-01,1006.038,1015.076,1002.859,1015.076
2011-04-06,1011.676,1011.823,992.311,994.261
2011-04-07,993.375,1004.412,992.434,1004.412
2011-04-08,1004.136,1019.142,1002.379,1019.142
2011-04-11,1021.305,1022.558,1002.434,1002.804
2011-04-12,1000.767,1007.251,997.75,1000.165
2011-04-13,999.534,1020.747,998.517,1020.747
2011-04-14,1021.101,1021.463,1013.991,1016.616
2011-04-15,1015.966,1016.15,1002.64,1010.058
2011-04-18,1008.484,1010.662,1000.179,1003.258
2011-04-19,1000.879,1000.879,986.897,994.299
2011-04-20,993.937,1009.501,991.878,1008.18
2011-04-21,1007.979,1017.703,1006.907,1010.56
2011-04-22,1008.166,1008.298,1000.92,1004.646
2011-04-25,1001.083,1001.083,974.985,975.175
2011-04-26,970.958,973.561,954.984,958.292
2011-04-27,956.771,961.644,936.988,942.543
2011-04-28,941.196,944.704,903.029,904.147
2011-04-29,901.156,912.715,897.201,912.715
2011-05-03,911.792,923.058,907.277,922.072
2011-05-04,919.667,919.667,901.918,903.985
2011-05-05,901.475,919.604,900.348,914.593
2011-05-06,910.139,920.774,904.743,918.282
2011-05-09,920.12,935.901,920.12,931.77
2011-05-10,932.876,933.236,925.038,931.205
2011-05-11,931.509,933.28,923.257,929.953
2011-05-12,927.152,927.152,909.14,909.255
2011-05-13,909.245,912.609,897.798,909.774
2011-05-16,911.335,916.017,906.081,906.337
2011-05-17,903.978,904.477,890.358,895.149
2011-05-18,891.994,894.888,888.175,890.794
2011-05-19,891.479,895.539,883.867,884.89
2011-05-20,884.061,884.334,873.867,875.43
2011-05-23,873.314,873.587,840.653,840.898
2011-05-24,836.789,876.596,828.497,870.939
2011-05-25,867.681,867.681,842.124,842.35
2011-05-26,843.624,852.982,830.639,830.921
2011-05-27,830.605,835.866,819.87,822.944
2011-05-30,819.868,844.968,816.392,834.316
2011-05-31,836.347,846.315,828.656,846.315
2011-06-01,846.476,852.657,843.293,851.166
2011-06-02,841.519,841.519,823.098,833.737
2011-06-03,833.439,849.727,832.525,847.545
2011-06-07,845.254,848.222,842.461,847.709
2011-06-08,846.672,846.925,836.987,844.978
2011-06-09,843.584,843.584,828.016,828.016
2011-06-10,825.548,826.536,811.09,824.03
2011-06-13,820.241,833.249,811.385,829.359
2011-06-14,829.514,840.688,829.273,838.474
2011-06-15,837.535,840.535,826.942,827.533
2011-06-16,822.366,822.546,809.933,810.709
2011-06-17,809.156,813.207,801.305,802.637
2011-06-20,800.618,800.618,787.565,791.758
2011-06-21,791.995,796.852,786.327,795.608
2011-06-22,797.418,798.237,788.558,791.513
2011-06-23,790.704,815.783,783.86,814.444
2011-06-24,812.305,835.302,810.578,832.324
2011-06-27,832.616,850.391,832.616,843.859
2011-06-28,843.983,844.961,836.94,844.177
2011-06-29,844.846,850.36,836.376,836.384
2011-06-30,834.824,846.877,834.824,845.919
2011-07-01,847.537,862.344,847.537,855.27
2011-07-04,856.504,876.168,856.504,876.168
2011-07-05,877.522,885.775,876.899,883.417
2011-07-06,881.602,894.277,877.824,894.277
2011-07-07,893.599,911.874,891.728,899.798
2011-07-08,899.468,902.049,888.219,894.909
2011-07-11,894.073,903.904,889.823,903.31
2011-07-12,895.491,898.985,888.575,891.516
2011-07-13,890.299,913.085,890.299,913.085
2011-07-14,913.494,932.775,913.494,932.775
2011-07-15,935.542,951.395,933.49,951.138
2011-07-18,952.026,959.273,944.1,946.118
2011-07-19,940.424,940.424,924.09,927.297
2011-07-20,932.211,937.754,920.219,930.828
2011-07-21,930.259,930.886,915.368,915.368
2011-07-22,917.631,929.928,917.631,923.995
2011-07-25,920.852,920.852,884.101,887.063
2011-07-26,884.015,892.54,878.164,892.54
2011-07-27,890.026,917.158,883.969,915.548
2011-07-28,907.249,920.031,902.499,919.395
2011-07-29,919.525,924.839,910.241,913.278
2011-08-01,911.939,931.372,910.98,927.384
2011-08-02,923.087,932.121,905.007,932.121
2011-08-03,922.806,951.586,918.642,945.509
2011-08-04,944.832,950.027,935.415,937.475
2011-08-05,905.163,926.624,899.317,919.185
2011-08-08,908.075,913.32,859.162,877.443
2011-08-09,848.997,884.837,835.282,878.761
2011-08-10,891.223,901.861,889.863,891.752
2011-08-11,873.124,915.489,870.291,915.489
2011-08-12,920.288,932.775,920.288,926.297
2011-08-15,928.98,946.801,928.98,942.485
2011-08-16,942.945,944.869,929.789,933.139
2011-08-17,932.006,941.45,926.016,936.159
2011-08-18,934.578,935.108,915.259,915.684
2011-08-19,895.646,912.421,891.796,912.421
2011-08-22,913.605,925.394,907.859,910.606
2011-08-23,912.352,936.416,912.352,936.416
2011-08-24,940.423,954.231,939.28,940.196
2011-08-25,942.643,943.722,927.364,942.944
2011-08-26,940.526,954.722,937.969,952.806
2011-08-29,951.549,959.666,947.725,954.029
2011-08-30,957.29,960.147,933.819,934.185
2011-08-31,931.788,936.103,911.822,921.495
2011-09-01,921.966,930.194,913.157,917.751
2011-09-02,916.072,918.591,902.483,909.853
2011-09-05,902.367,902.367,883.457,883.873
2011-09-06,876.705,884.61,869.807,874.738
2011-09-07,877.866,899.614,877.781,899.614
2011-09-08,903.25,909.877,891.519,891.932
2011-09-09,889.465,895.844,877.531,881.577
2011-09-13,870.038,870.038,858.908,861.916
2011-09-14,864.08,877.039,855.337,876.949
2011-09-15,877.927,885.706,875.675,875.861
2011-09-16,878.564,883.103,873.554,874.883
2011-09-19,871.877,871.877,854.64,854.712
2011-09-20,850.97,861.179,846.033,856.812
2011-09-21,856.804,881.558,854.287,881.031
2011-09-22,876.254,879.102,852.92,852.92
2011-09-23,840.175,848.268,833.77,843.479
2011-09-26,842.001,848.824,826.83,829.347
2011-09-27,833.64,839.193,822.84,830.884
2011-09-28,834.031,838.329,814.344,817.515
2011-09-29,813.261,813.261,791.052,791.894
2011-09-30,792.763,796.484,781.788,791.134
2011-10-10,792.971,796.864,786.839,790.042
2011-10-11,806.7,812.451,778.054,786.151
2011-10-12,783.429,817.017,773.925,816.138
2011-10-13,816.531,835.626,814.63,833.021
2011-10-14,830.479,833.026,819.976,830.197
2011-10-17,832.86,839.262,826.808,832.289
2011-10-18,826.528,828.175,806.0,806.6
2011-10-19,807.214,813.949,798.796,804.436
2011-10-20,801.025,801.025,771.152,778.954
2011-10-21,777.03,779.46,760.158,763.295
2011-10-24,761.43,772.964,741.333,772.41
2011-10-25,770.843,799.097,769.285,797.858
2011-10-26,794.294,820.807,790.996,811.134
2011-10-27,810.716,821.288,807.124,810.922
2011-10-28,820.419,833.727,813.926,833.423
2011-10-31,834.297,852.798,831.5,852.798
2011-11-01,843.8,855.353,840.055,853.359
2011-11-02,837.065,881.047,833.903,881.047
2011-11-03,885.866,898.313,877.658,877.658
2011-11-04,881.616,887.666,876.441,882.253
2011-11-07,880.151,889.338,876.54,878.758
2011-11-08,878.446,879.896,861.375,862.36
2011-11-09,866.911,891.123,860.753,891.123
2011-11-10,881.691,911.73,878.99,895.272
2011-11-11,893.721,901.798,885.586,891.193
2011-11-14,899.11,917.271,899.11,915.977
2011-11-15,916.622,922.809,912.807,920.974
2011-11-16,921.298,922.07,888.879,893.508
2011-11-17,893.788,911.895,890.819,898.339
2011-11-18,892.632,892.745,868.264,869.19
2011-11-21,866.981,868.307,849.557,863.134
2011-11-22,856.198,868.478,852.037,868.432
2011-11-23,868.776,874.304,863.059,864.811
2011-11-24,856.671,874.922,852.0,868.142
2011-11-25,866.986,874.475,860.629,863.495
2011-11-28,864.381,871.277,858.457,866.837
2011-11-29,872.2,880.313,866.741,880.313
2011-11-30,878.676,878.676,824.95,838.108
2011-12-01,861.545,872.335,852.872,852.872
2011-12-02,849.18,849.18,825.077,829.176
2011-12-05,825.604,826.093,790.295,792.495
2011-12-06,788.435,801.933,783.279,798.096
2011-12-07,797.177,806.42,794.365,802.625
2011-12-08,799.485,819.968,788.623,809.431
2011-12-09,802.13,812.17,796.188,798.837
2011-12-12,798.806,803.737,789.789,790.792
2011-12-13,787.081,787.081,765.044,768.924
2011-12-14,766.18,773.774,754.322,755.762
2011-12-15,751.549,756.813,743.272,746.555
2011-12-16,745.523,778.775,745.523,778.775
2011-12-19,774.654,793.44,767.073,793.44
2011-12-20,791.819,799.658,780.921,781.418
2011-12-21,786.982,791.228,760.92,761.337
2011-12-22,754.483,767.315,727.739,757.896
2011-12-23,754.893,770.377,750.962,761.442
2011-12-26,760.672,769.916,751.607,753.049
2011-12-27,749.606,749.924,725.111,727.173
2011-12-28,721.838,721.838,700.109,717.554
2011-12-29,714.581,722.197,710.648,716.549
2011-12-30,718.029,730.532,718.029,729.504
2012-01-04,734.738,737.906,707.107,707.107
2012-01-05,700.323,701.043,665.411,666.905
2012-01-06,662.652,672.134,645.797,669.017
2012-01-09,667.855,692.418,657.183,692.418
2012-01-10,691.652,718.287,690.499,716.453
2012-01-11,715.044,728.662,710.526,717.936
2012-01-12,715.817,724.078,708.675,709.89
2012-01-13,709.049,709.626,665.256,666.078
2012-01-16,657.801,657.801,633.307,633.908
2012-01-17,630.784,664.698,623.636,662.69
2012-01-18,662.94,665.601,621.666,624.911
2012-01-19,621.649,637.023,612.279,632.799
2012-01-20,634.829,648.14,634.565,646.383
2012-01-30,649.423,660.063,644.882,651.246
2012-01-31,649.367,650.489,637.433,648.681
2012-02-01,647.492,663.27,644.582,650.776
2012-02-02,652.058,665.402,652.058,665.402
2012-02-03,665.347,681.886,663.008,680.045
2012-02-06,681.04,689.961,680.699,686.508
2012-02-07,683.876,683.876,669.543,673.679
2012-02-08,673.067,692.303,669.625,692.303
2012-02-09,692.362,705.7,690.678,697.79
2012-02-10,696.533,703.089,693.75,698.854
2012-02-13,694.235,718.668,690.531,714.956
2012-02-14,714.752,717.773,707.965,712.296
2012-02-15,711.616,724.751,707.142,724.751
2012-02-16,723.428,731.445,714.402,721.832
2012-02-17,722.622,726.942,709.226,717.797
2012-02-20,726.875,731.406,720.965,721.099
2012-02-21,719.294,736.882,713.647,736.882
2012-02-22,737.777,759.562,737.777,759.562
2012-02-23,760.67,765.415,748.615,756.897
2012-02-24,756.157,764.742,755.189,762.29
2012-02-27,763.963,771.295,760.239,760.373
2012-02-28,757.453,758.17,737.367,747.768
2012-02-29,747.221,748.086,734.24,735.336
2012-03-01,734.249,748.796,733.779,743.148
2012-03-02,743.847,757.669,743.847,757.669
2012-03-05,759.65,766.753,758.825,759.369
2012-03-06,758.08,758.718,743.605,750.837
2012-03-07,743.047,759.453,740.612,749.266
2012-03-08,751.984,764.001,751.984,761.703
2012-03-09,764.478,777.694,763.724,777.694
2012-03-12,779.513,786.049,778.505,786.049
2012-03-13,785.531,792.378,782.94,792.378
2012-03-14,795.12,799.834,750.125,756.459
2012-03-15,754.534,759.532,735.089,746.441
2012-03-16,748.046,765.562,745.35,765.562
2012-03-19,764.945,779.557,763.362,779.557
2012-03-20,777.393,777.393,755.399,755.583
2012-03-21,758.886,761.336,737.992,751.791
2012-03-22,750.451,756.349,744.894,750.851
2012-03-23,748.869,750.688,735.148,737.892
2012-03-26,735.162,742.263,731.31,737.213
2012-03-27,739.443,745.828,733.839,735.734
2012-03-28,732.68,732.68,697.51,698.486
2012-03-29,692.372,695.958,676.994,683.959
2012-03-30,682.284,686.499,673.486,678.519
2012-04-05,677.757,698.296,676.51,697.751
2012-04-06,697.864,705.378,695.654,701.901
2012-04-09,699.871,701.591,689.715,689.715
2012-04-10,686.475,697.165,672.985,697.165
2012-04-11,689.851,701.926,685.751,698.487
2012-04-12,699.422,713.253,697.744,713.124
2012-04-13,715.036,723.891,714.239,718.959
2012-04-16,714.85,719.882,712.02,716.229
2012-04-17,716.532,718.46,708.398,709.139
2012-04-18,710.142,724.029,710.1,723.462
2012-04-19,723.833,728.459,721.586,725.12
2012-04-20,724.128,728.718,720.83,728.718
2012-04-23,724.903,724.903,689.443,690.432
2012-04-24,680.612,689.883,663.921,681.534
2012-04-25,679.753,684.482,674.545,682.524
2012-04-26,683.019,685.815,673.943,678.444
2012-04-27,677.552,689.097,676.07,685.131
2012-05-02,692.346,696.421,686.18,693.609
2012-05-03,693.401,699.409,690.759,699.306
2012-05-04,699.878,713.844,699.878,713.186
2012-05-07,710.977,733.045,709.866,733.045
2012-05-08,733.828,738.521,730.554,731.723
2012-05-09,727.6,727.698,718.719,719.35
2012-05-10,718.243,730.777,718.243,727.285
2012-05-11,726.561,730.833,720.933,721.078
2012-05-14,725.521,729.667,717.937,719.872
2012-05-15,714.583,720.21,709.629,720.115
2012-05-16,718.71,722.208,709.876,709.956
2012-05-17,709.498,718.438,703.925,716.17
2012-05-18,711.686,717.268,705.249,706.216
2012-05-21,705.864,709.682,698.805,704.803
2012-05-22,706.923,714.912,706.923,714.662
2012-05-23,715.033,717.201,705.203,713.017
2012-05-24,711.685,718.021,710.074,712.577
2012-05-25,713.043,714.901,700.622,702.724
2012-05-28,699.637,707.494,686.074,706.47
2012-05-29,705.785,721.725,704.201,720.454
2012-05-30,720.572,731.282,719.143,727.188
2012-05-31,724.46,740.487,721.708,734.454
2012-06-01,733.623,739.931,729.999,734.257
2012-06-04,721.68,734.26,717.037,717.101
2012-06-05,718.113,721.565,713.579,715.93
2012-06-06,717.128,722.361,711.19,715.24
2012-06-07,721.561,725.291,709.168,711.428
2012-06-08,716.419,721.357,710.268,713.921
2012-06-11,714.122,734.504,714.122,734.504
2012-06-12,731.041,739.021,729.707,735.294
2012-06-13,735.603,746.505,735.603,746.505
2012-06-14,745.759,750.284,739.911,740.966
2012-06-15,742.384,747.297,733.326,742.268
2012-06-18,744.049,753.771,744.049,752.978
2012-06-19,751.266,752.766,746.087,747.492
2012-06-20,747.642,751.901,746.028,748.388
2012-06-21,746.606,746.606,732.172,739.047
2012-06-25,736.183,736.183,720.467,720.6
2012-06-26,716.3,719.332,703.026,715.924
2012-06-27,715.518,728.539,715.384,718.928
2012-06-28,719.087,723.065,710.898,711.144
2012-06-29,708.109,726.684,705.859,726.684
2012-07-02,730.771,744.957,730.759,741.186
2012-07-03,742.203,751.361,739.917,743.902
2012-07-04,744.703,747.839,736.899,739.624
2012-07-05,738.488,738.488,721.361,724.313
2012-07-06,727.685,737.694,712.441,737.289
2012-07-09,733.657,737.794,721.599,722.281
2012-07-10,719.891,721.807,710.73,713.526
2012-07-11,710.887,719.299,706.715,719.299
2012-07-12,718.624,735.704,717.196,734.323
2012-07-13,731.488,736.459,722.652,725.788
2012-07-16,722.821,722.821,691.23,691.385
2012-07-17,687.742,697.003,686.113,697.003
2012-07-18,695.918,702.171,684.302,702.138
2012-07-19,701.226,714.921,698.475,709.166
2012-07-20,707.833,714.147,704.867,706.25
2012-07-23,703.2,708.209,697.69,704.573
2012-07-24,700.577,712.104,698.386,706.396
2012-07-25,704.704,715.966,703.349,708.301
2012-07-26,707.771,717.758,704.974,706.725
2012-07-27,707.968,711.568,698.178,703.581
2012-07-30,703.704,707.632,685.836,688.474
2012-07-31,686.538,687.692,672.284,676.96
2012-08-01,677.531,694.543,676.344,689.489
2012-08-02,688.327,694.832,684.204,690.982
2012-08-03,691.794,711.931,690.257,711.925
2012-08-06,708.26,731.387,706.825,730.419
2012-08-07,729.626,737.578,729.439,736.012
2012-08-08,734.88,734.88,723.982,730.065
2012-08-09,729.501,743.228,727.7,743.199
2012-08-10,743.285,744.842,736.55,743.073
2012-08-13,742.382,742.382,726.933,727.637
2012-08-14,726.835,736.449,714.645,736.347
2012-08-15,734.867,736.279,728.494,729.73
2012-08-16,728.659,730.134,720.715,723.53
2012-08-17,721.334,723.195,714.021,721.049
2012-08-20,718.141,732.672,713.15,730.866
2012-08-21,730.289,752.779,729.991,748.935
2012-08-22,748.996,756.533,743.609,746.853
2012-08-23,745.468,751.705,741.384,750.561
2012-08-24,747.725,750.355,733.309,733.309
2012-08-27,731.671,731.671,721.201,722.574
2012-08-28,720.825,733.127,717.526,727.616
2012-08-29,726.695,736.738,722.818,726.941
2012-08-30,727.208,729.047,692.135,704.035
2012-08-31,701.367,710.016,698.623,706.625
2012-09-03,703.808,725.171,701.698,723.871
2012-09-04,724.704,732.36,721.52,722.721
2012-09-05,721.074,732.771,719.342,730.616
2012-09-06,732.457,739.741,731.243,739.741
2012-09-07,744.652,764.451,744.238,759.46
2012-09-10,759.689,765.313,756.026,762.313
2012-09-11,761.554,762.512,756.767,761.731
2012-09-12,763.044,766.52,754.316,762.511
2012-09-13,761.778,764.358,749.892,749.892
2012-09-14,753.596,756.198,738.95,744.464
2012-09-17,742.694,742.694,724.145,724.145
2012-09-18,722.375,730.363,720.454,723.61
2012-09-19,724.894,730.3,723.641,728.251
2012-09-20,727.964,727.964,704.911,706.693
2012-09-21,703.417,706.522,689.534,691.138
2012-09-24,685.987,695.188,678.351,690.338
2012-09-25,688.21,693.759,680.646,682.335
2012-09-26,680.473,682.669,660.119,661.49
2012-09-27,662.776,680.477,662.776,676.957
2012-09-28,674.189,691.058,671.607,689.64
2012-10-08,690.354,693.638,686.269,690.767
2012-10-09,691.389,712.784,691.389,712.702
2012-10-10,712.148,722.521,709.923,721.848
2012-10-11,720.393,724.698,711.627,711.797
2012-10-12,711.832,721.262,700.97,708.868
2012-10-15,706.231,707.128,694.124,701.964
2012-10-16,700.944,711.873,698.971,705.388
2012-10-17,706.093,711.41,701.636,709.094
2012-10-18,709.288,721.684,709.288,720.524
2012-10-19,720.847,722.612,715.921,719.448
2012-10-22,716.53,724.29,714.697,724.278
2012-10-23,723.825,725.377,710.55,711.262
2012-10-24,707.305,713.959,704.411,707.753
2012-10-25,707.882,710.983,696.45,697.436
2012-10-26,695.889,697.457,680.911,685.333
2012-10-29,684.344,691.596,682.755,688.12
2012-10-30,688.511,694.674,687.791,689.61
2012-10-31,689.625,691.653,685.047,691.653
2012-11-01,692.059,702.954,692.059,701.778
2012-11-02,702.03,703.128,697.059,701.38
2012-11-05,700.111,703.464,690.938,692.868
2012-11-06,693.359,693.374,679.956,690.497
2012-11-07,689.794,692.578,686.613,689.746
2012-11-08,684.885,685.453,675.763,675.849
2012-11-09,674.591,679.021,671.686,672.67
2012-11-12,674.758,681.298,671.628,676.597
2012-11-13,676.263,676.377,666.337,667.327
2012-11-14,666.404,667.783,657.584,665.185
2012-11-15,662.9,667.865,657.349,659.211
2012-11-16,659.376,660.105,653.021,656.196
2012-11-19,654.776,657.384,647.867,656.936
2012-11-20,657.401,661.244,656.079,656.606
2012-11-21,656.44,661.889,646.637,660.032
2012-11-22,659.132,659.199,650.391,651.826
2012-11-23,652.943,656.364,650.269,651.43
2012-11-26,651.058,651.058,638.379,638.878
2012-11-27,635.264,635.264,615.59,616.284
2012-11-28,611.913,611.913,605.686,607.67
2012-11-29,607.165,611.886,601.183,603.17
2012-11-30,602.951,608.536,601.049,606.766
2012-12-03,605.596,607.249,593.197,593.66
2012-12-04,592.403,601.495,585.444,600.801
2012-12-05,599.447,627.854,597.761,624.824
2012-12-06,625.162,630.219,619.492,624.318
2012-12-07,624.154,638.166,622.222,637.487
2012-12-10,638.24,647.543,636.171,646.319
2012-12-11,645.254,646.794,640.694,641.167
2012-12-12,639.909,640.926,631.136,639.509
2012-12-13,638.088,641.171,631.193,632.181
2012-12-14,631.445,656.59,631.222,656.217
2012-12-17,656.748,658.391,646.27,649.612
2012-12-18,648.563,654.351,643.051,646.046
2012-12-19,645.136,654.405,644.966,652.101
2012-12-20,652.036,658.311,648.489,658.311
2012-12-21,658.54,670.811,655.625,668.089
2012-12-24,666.276,679.759,665.877,679.759
2012-12-25,679.574,695.912,678.821,694.116
2012-12-26,693.287,709.075,691.986,709.075
2012-12-27,709.913,712.848,699.366,699.569
2012-12-28,698.907,707.668,694.767,707.668
2012-12-31,708.244,713.863,703.624,713.863
2013-01-04,717.303,718.387,699.169,705.342
2013-01-07,704.372,718.114,702.389,718.114
2013-01-08,718.431,735.343,716.297,733.138
2013-01-09,732.011,740.635,727.913,734.506
2013-01-10,734.309,743.551,734.309,741.18
2013-01-11,740.896,746.036,730.401,731.587
2013-01-14,735.653,761.729,735.181,760.55
2013-01-15,763.625,781.421,763.625,778.603
2013-01-16,777.038,779.925,762.044,774.485
2013-01-17,773.791,775.824,767.485,768.308
2013-01-18,771.311,787.496,771.311,787.386
2013-01-21,788.069,793.232,783.415,792.6
2013-01-22,792.312,792.545,769.09,775.135
2013-01-23,773.739,779.558,765.363,778.478
2013-01-24,778.636,784.321,750.358,757.869
2013-01-25,757.611,766.781,756.608,762.848
2013-01-28,764.087,784.76,764.087,784.76
2013-01-29,785.758,795.068,785.758,791.671
2013-01-30,791.962,792.767,778.302,783.682
2013-01-31,784.108,784.108,771.152,776.005
2013-02-01,775.113,785.52,772.941,782.363
2013-02-04,783.743,786.562,767.847,771.902
2013-02-05,768.412,781.568,765.967,780.981
2013-02-06,781.319,794.504,781.319,791.263
2013-02-07,792.855,806.308,789.368,805.586
2013-02-08,804.956,824.311,804.956,823.028
2013-02-18,829.662,835.664,825.947,835.277
2013-02-19,834.969,835.411,816.958,819.709
2013-02-20,819.031,850.863,819.031,850.863
2013-02-21,846.639,853.268,829.596,839.298
2013-02-22,837.131,848.16,836.867,838.763
2013-02-25,838.877,857.848,838.877,855.694
2013-02-26,853.28,865.797,849.938,851.217
2013-02-27,852.126,856.116,835.935,846.09
2013-02-28,846.339,861.095,844.2,861.095
2013-03-01,860.801,885.18,859.83,884.891
2013-03-04,880.246,888.793,855.05,863.5
2013-03-05,861.225,888.318,857.541,888.099
2013-03-06,890.233,905.164,890.233,902.903
2013-03-07,902.407,902.407,867.87,877.337
2013-03-08,877.73,882.138,861.808,864.699
2013-03-11,863.122,872.18,858.037,869.15
2013-03-12,869.724,873.473,828.037,839.836
2013-03-13,835.456,836.276,821.352,834.049
2013-03-14,832.292,845.595,831.568,842.036
2013-03-15,841.713,867.865,839.582,853.906
2013-03-18,852.152,862.822,850.098,852.117
2013-03-19,850.061,854.245,829.189,842.685
2013-03-20,842.714,866.267,842.584,866.267
2013-03-21,867.901,885.981,866.679,882.734
2013-03-22,881.899,884.235,876.916,882.001
2013-03-25,882.746,884.854,874.007,881.756
2013-03-26,878.556,879.848,862.666,876.361
2013-03-27,876.547,885.772,874.248,882.752
2013-03-28,877.85,877.85,861.654,867.511
2013-03-29,868.093,872.777,860.963,866.455
2013-04-01,866.654,879.924,865.984,877.001
2013-04-02,875.325,883.154,843.207,845.163
2013-04-03,842.364,845.49,827.27,835.138
2013-04-08,824.776,853.623,817.347,853.484
2013-04-09,854.513,864.116,853.944,861.991
2013-04-10,861.27,861.911,843.099,850.533
2013-04-11,853.142,855.957,847.389,847.782
2013-04-12,847.204,854.217,845.853,846.612
2013-04-15,844.11,845.754,834.008,836.342
2013-04-16,828.937,846.054,824.841,846.054
2013-04-17,845.093,867.511,844.922,867.511
2013-04-18,862.698,875.995,860.717,873.481
2013-04-19,874.884,895.873,874.884,892.21
2013-04-22,890.932,916.021,889.258,916.021
2013-04-23,916.42,916.54,892.109,893.79
2013-04-24,894.694,925.012,894.694,923.406
2013-04-25,924.223,937.558,903.613,903.634
2013-04-26,901.995,904.3,886.402,889.381
2013-05-02,887.076,914.171,883.788,913.651
2013-05-03,916.007,940.28,916.007,939.21
2013-05-06,941.088,962.631,941.088,958.022
2013-05-07,956.415,964.714,949.839,957.44
2013-05-08,960.977,980.083,960.696,980.083
2013-05-09,978.942,994.269,978.069,992.161
2013-05-10,989.151,996.587,977.426,988.3
2013-05-13,989.372,995.254,978.715,995.109
2013-05-14,992.617,992.617,971.352,976.333
2013-05-15,976.948,1012.673,976.948,1012.656
2013-05-16,1010.946,1034.352,999.493,1009.526
2013-05-17,1006.474,1029.11,1004.42,1023.403
2013-05-20,1025.173,1052.703,1025.173,1051.653
2013-05-21,1049.597,1074.89,1045.46,1073.583
2013-05-22,1067.437,1067.498,1036.311,1039.811
2013-05-23,1035.309,1061.527,1033.124,1042.897
2013-05-24,1044.294,1073.782,1044.294,1073.782
2013-05-27,1075.825,1091.253,1075.825,1089.724
2013-05-28,1089.765,1090.159,1055.637,1059.002
2013-05-29,1055.597,1067.026,1053.177,1065.96
2013-05-30,1062.999,1078.464,1059.827,1073.869
2013-05-31,1074.476,1086.327,1068.066,1073.023
2013-06-03,1070.732,1074.821,1050.213,1052.136
2013-06-04,1049.102,1049.256,1011.403,1022.46
2013-06-05,1021.023,1038.025,1021.023,1032.756
2013-06-06,1027.053,1031.358,1020.831,1022.13
2013-06-07,1022.559,1039.654,1018.452,1030.139
2013-06-13,1019.472,1029.275,986.05,1029.275
2013-06-14,1029.933,1069.807,1029.933,1068.147
2013-06-17,1074.53,1091.906,1068.611,1073.691
2013-06-18,1073.308,1078.533,1053.325,1072.93
2013-06-19,1064.736,1070.348,1053.798,1067.625
2013-06-20,1060.383,1067.946,1027.839,1029.528
2013-06-21,1007.866,1030.126,988.215,1025.497
2013-06-24,1023.223,1023.223,961.837,971.454
2013-06-25,958.35,991.644,903.668,984.746
2013-06-26,984.941,1039.013,984.883,1038.976
2013-06-27,1043.664,1063.019,1020.462,1022.503
2013-06-28,1012.642,1037.415,1002.193,1011.658
2013-07-01,1011.265,1055.839,1005.798,1055.839
2013-07-02,1056.907,1086.4,1056.907,1083.248
2013-07-03,1079.646,1108.485,1065.512,1104.578
2013-07-04,1097.772,1105.792,1085.395,1087.904
2013-07-05,1087.685,1091.817,1057.132,1057.273
2013-07-08,1035.944,1057.04,1015.668,1030.604
2013-07-09,1028.564,1051.512,1026.46,1050.715
2013-07-10,1049.213,1069.394,1048.726,1068.857
2013-07-11,1066.699,1082.781,1057.443,1080.782
2013-07-12,1079.327,1117.685,1077.312,1096.296
2013-07-15,1096.185,1139.567,1096.185,1139.567
2013-07-16,1141.574,1153.072,1129.742,1143.195
2013-07-17,1140.73,1149.468,1118.852,1129.48
2013-07-18,1124.794,1138.09,1118.626,1127.966
2013-07-19,1125.765,1156.088,1116.005,1116.005
2013-07-22,1109.955,1153.772,1107.335,1153.772
2013-07-23,1161.079,1179.459,1160.453,1178.588
2013-07-24,1181.361,1208.132,1177.594,1203.308
2013-07-25,1205.623,1207.23,1148.813,1150.387
2013-07-26,1150.247,1166.206,1133.158,1158.354
2013-07-29,1155.81,1168.474,1136.401,1136.984
2013-07-30,1137.15,1147.015,1095.652,1124.102
2013-07-31,1126.102,1143.37,1117.336,1134.015
2013-08-01,1135.451,1191.122,1135.451,1190.113
2013-08-02,1196.174,1208.325,1187.312,1188.851
2013-08-05,1186.732,1202.832,1182.541,1202.832
2013-08-06,1202.091,1219.119,1200.694,1211.782
2013-08-07,1208.497,1209.368,1173.261,1175.702
2013-08-08,1172.085,1195.92,1165.323,1185.955
2013-08-09,1185.639,1194.783,1153.45,1172.519
2013-08-12,1174.09,1185.367,1146.017,1161.872
2013-08-13,1161.486,1180.607,1151.675,1172.329
2013-08-14,1175.625,1186.293,1160.022,1180.656
2013-08-15,1177.854,1184.399,1165.769,1167.094
2013-08-16,1158.962,1178.843,1131.444,1132.086
2013-08-19,1126.635,1172.029,1125.586,1171.402
2013-08-20,1170.987,1180.986,1164.376,1175.783
2013-08-21,1173.609,1185.537,1169.492,1181.34
2013-08-22,1180.185,1204.592,1178.407,1197.134
2013-08-23,1200.678,1225.894,1188.82,1219.825
2013-08-26,1220.975,1241.47,1220.581,1238.172
2013-08-27,1238.27,1251.044,1226.378,1250.751
2013-08-28,1244.005,1253.395,1227.995,1227.995
2013-08-29,1224.613,1236.455,1217.523,1226.296
2013-08-30,1221.873,1226.36,1181.889,1185.145
2013-09-02,1179.321,1210.531,1178.006,1210.185
2013-09-03,1217.772,1234.587,1214.3,1234.587
2013-09-04,1233.497,1245.777,1227.323,1236.35
2013-09-05,1233.822,1267.525,1233.259,1267.26
2013-09-06,1267.841,1288.262,1261.575,1282.746
2013-09-09,1282.654,1283.701,1258.127,1275.912
2013-09-10,1277.869,1278.043,1254.008,1263.589
2013-09-11,1256.655,1256.655,1216.367,1220.705
2013-09-12,1215.693,1236.59,1211.603,1220.633
2013-09-13,1221.148,1256.035,1210.396,1253.448
2013-09-16,1254.472,1297.643,1254.472,1278.798
2013-09-17,1279.263,1285.633,1267.713,1269.36
2013-09-18,1268.341,1292.333,1262.329,1289.642
2013-09-23,1292.762,1326.41,1291.327,1326.091
2013-09-24,1325.891,1340.522,1310.331,1328.404
2013-09-25,1324.193,1344.394,1320.114,1323.04
2013-09-26,1318.521,1332.123,1301.138,1306.344
2013-09-27,1305.506,1330.69,1301.478,1323.759
2013-09-30,1329.559,1368.658,1329.559,1367.912
2013-10-08,1376.365,1389.729,1363.897,1387.663
2013-10-09,1385.959,1418.483,1382.103,1415.833
2013-10-10,1422.355,1423.965,1377.318,1378.148
2013-10-11,1377.976,1386.537,1357.488,1379.9
2013-10-14,1374.472,1394.337,1370.721,1393.602
2013-10-15,1397.212,1409.496,1378.812,1389.749
2013-10-16,1393.005,1393.098,1323.872,1335.1
2013-10-17,1339.314,1355.651,1317.747,1322.988
2013-10-18,1327.095,1353.974,1327.095,1349.937
2013-10-21,1358.884,1403.109,1358.884,1400.967
2013-10-22,1401.469,1408.455,1348.686,1350.473
2013-10-23,1336.227,1336.227,1293.823,1311.231
2013-10-24,1307.114,1319.373,1287.876,1295.932
2013-10-25,1298.719,1304.492,1255.594,1269.171
2013-10-28,1264.137,1286.004,1262.341,1279.05
2013-10-29,1276.265,1292.966,1205.002,1261.684
2013-10-30,1256.236,1274.344,1251.013,1273.291
2013-10-31,1266.556,1266.556,1232.402,1235.555
2013-11-01,1227.692,1233.57,1198.812,1221.962
2013-11-04,1217.278,1240.879,1216.848,1222.456
2013-11-05,1217.636,1260.373,1208.346,1260.025
2013-11-06,1255.474,1277.427,1241.757,1241.789
2013-11-07,1234.24,1250.569,1219.306,1224.05
2013-11-08,1215.68,1226.317,1204.523,1211.11
2013-11-11,1208.259,1223.768,1191.182,1212.689
2013-11-12,1213.31,1233.192,1209.538,1228.346
2013-11-13,1226.529,1236.392,1210.662,1212.08
2013-11-14,1207.448,1251.769,1200.714,1249.667
2013-11-15,1248.259,1287.08,1248.074,1269.052
2013-11-18,1275.551,1295.206,1275.551,1291.151
2013-11-19,1293.057,1312.065,1289.906,1298.166
2013-11-20,1299.682,1303.452,1283.661,1299.264
2013-11-21,1295.931,1304.739,1288.21,1298.953
2013-11-22,1298.468,1300.959,1283.88,1295.067
2013-11-25,1290.842,1305.232,1283.66,1293.795
2013-11-26,1291.624,1299.669,1280.008,1291.854
2013-11-27,1290.188,1336.171,1288.584,1329.477
2013-11-28,1333.048,1342.819,1331.45,1336.661
2013-11-29,1335.626,1369.121,1335.626,1366.834
2013-12-02,1296.703,1317.693,1253.343,1253.929
2013-12-03,1223.382,1261.769,1198.058,1255.329
2013-12-04,1249.593,1276.055,1240.077,1240.287
2013-12-05,1234.504,1236.101,1200.458,1202.066
2013-12-06,1196.321,1215.492,1194.745,1206.783
2013-12-09,1211.393,1241.772,1211.393,1241.715
2013-12-10,1244.574,1249.355,1227.057,1231.921
2013-12-11,1230.783,1255.064,1226.576,1244.505
2013-12-12,1242.153,1285.268,1238.947,1279.318
2013-12-13,1274.166,1286.72,1268.645,1278.143
2013-12-16,1279.063,1293.936,1266.942,1279.958
2013-12-17,1278.53,1282.171,1248.822,1267.673
2013-12-18,1267.772,1267.772,1245.962,1256.0
2013-12-19,1253.43,1281.816,1253.43,1256.084
2013-12-20,1255.824,1266.031,1246.388,1253.714
2013-12-23,1251.41,1253.668,1224.988,1242.806
2013-12-24,1242.002,1264.721,1241.906,1258.823
2013-12-25,1261.996,1288.849,1258.406,1288.341
2013-12-26,1290.869,1297.474,1268.138,1269.535
2013-12-27,1265.083,1297.621,1265.083,1294.302
2013-12-30,1294.417,1307.988,1292.829,1307.988
2013-12-31,1302.671,1309.344,1288.94,1304.444
2014-01-02,1302.298,1333.103,1299.336,1333.003
2014-01-03,1332.352,1355.121,1331.973,1352.84
2014-01-06,1350.312,1354.15,1322.716,1323.328
2014-01-07,1315.436,1355.4,1312.269,1352.276
2014-01-08,1363.306,1409.21,1363.306,1405.023
2014-01-09,1401.797,1423.837,1379.648,1380.244
2014-01-10,1373.517,1385.855,1347.61,1353.302
2014-01-13,1352.007,1374.145,1349.246,1362.788
2014-01-14,1364.801,1400.916,1364.801,1400.916
2014-01-15,1399.666,1417.416,1397.945,1415.323
2014-01-16,1415.568,1423.118,1392.006,1395.163
2014-01-17,1395.029,1411.547,1391.619,1395.509
2014-01-20,1393.876,1400.944,1362.45,1372.736
2014-01-21,1370.686,1407.452,1370.686,1407.152
2014-01-22,1407.464,1431.997,1407.464,1431.741
2014-01-23,1433.701,1472.336,1433.171,1461.525
2014-01-24,1458.206,1493.637,1455.95,1484.432
2014-01-27,1477.46,1500.457,1465.144,1477.669
2014-01-28,1476.589,1486.423,1448.474,1471.34
2014-01-29,1472.542,1497.716,1469.583,1496.527
2014-01-30,1494.117,1507.874,1486.821,1495.978
2014-02-07,1489.054,1532.817,1483.685,1532.687
2014-02-10,1536.991,1557.029,1525.94,1553.415
2014-02-11,1550.618,1559.774,1506.04,1527.151
2014-02-12,1527.1,1540.329,1513.91,1539.966
2014-02-13,1537.26,1539.657,1484.423,1485.131
2014-02-14,1484.563,1516.426,1475.953,1515.784
2014-02-17,1521.166,1559.124,1521.166,1558.616
2014-02-18,1558.742,1561.773,1539.209,1545.341
2014-02-19,1544.642,1551.883,1524.391,1544.402
2014-02-20,1545.255,1545.506,1504.167,1515.164
2014-02-21,1512.168,1526.026,1503.813,1519.665
2014-02-24,1517.966,1542.307,1510.457,1540.026
2014-02-25,1543.966,1571.398,1460.412,1472.691
2014-02-26,1452.056,1468.003,1415.246,1465.985
2014-02-27,1467.272,1496.619,1410.966,1414.657
2014-02-28,1410.399,1436.876,1393.002,1434.894
2014-03-03,1433.901,1466.234,1431.141,1465.139
2014-03-04,1462.261,1475.502,1446.272,1460.452
2014-03-05,1467.062,1471.04,1454.936,1464.578
2014-03-06,1461.115,1464.413,1426.997,1462.528
2014-03-07,1463.933,1477.96,1453.625,1460.611
2014-03-10,1446.063,1446.063,1404.586,1407.073
2014-03-11,1399.9,1410.382,1380.967,1395.813
2014-03-12,1390.86,1418.612,1378.89,1399.266
2014-03-13,1401.549,1437.148,1401.431,1436.856
2014-03-14,1433.463,1450.383,1424.008,1434.021
2014-03-17,1436.105,1477.68,1435.32,1477.415
2014-03-18,1479.38,1493.392,1478.721,1485.64
2014-03-19,1481.493,1482.302,1456.898,1466.217
2014-03-20,1463.072,1466.415,1417.17,1417.658
2014-03-21,1405.9,1427.923,1379.739,1419.84
2014-03-24,1411.776,1416.858,1392.511,1397.294
2014-03-25,1392.143,1410.478,1385.003,1394.824
2014-03-26,1396.907,1424.254,1396.907,1417.614
2014-03-27,1415.551,1417.358,1367.964,1367.964
2014-03-28,1363.873,1364.257,1317.412,1330.5
2014-03-31,1327.234,1340.47,1315.492,1327.8
2014-04-01,1327.175,1355.735,1326.248,1355.051
2014-04-02,1356.679,1360.883,1316.903,1327.983
2014-04-03,1326.809,1344.318,1318.823,1326.176
2014-04-04,1323.413,1347.053,1316.949,1346.738
2014-04-08,1335.392,1351.827,1327.799,1351.183
2014-04-09,1355.366,1376.694,1355.366,1370.462
2014-04-10,1374.612,1395.036,1374.612,1381.142
2014-04-11,1370.398,1370.398,1352.129,1363.899
2014-04-14,1367.746,1378.321,1367.746,1372.728
2014-04-15,1375.693,1380.863,1367.227,1369.889
2014-04-16,1365.831,1367.91,1353.777,1359.304
2014-04-17,1360.749,1373.848,1360.749,1367.591
2014-04-18,1365.357,1377.842,1362.613,1377.419
2014-04-21,1367.927,1384.685,1363.008,1363.851
2014-04-22,1361.578,1367.63,1317.102,1336.187
2014-04-23,1332.93,1338.67,1318.235,1326.438
2014-04-24,1325.856,1326.959,1303.228,1319.505
2014-04-25,1316.374,1318.067,1290.356,1291.903
2014-04-28,1283.639,1283.866,1256.123,1257.263
2014-04-29,1253.237,1274.207,1248.318,1266.543
2014-04-30,1266.344,1287.768,1266.344,1283.209
2014-05-05,1281.163,1302.675,1279.31,1302.146
2014-05-06,1301.594,1327.799,1301.594,1316.858
2014-05-07,1313.377,1313.377,1289.562,1290.025
2014-05-08,1284.438,1300.829,1279.292,1279.837
2014-05-09,1279.678,1282.82,1249.564,1258.584
2014-05-12,1263.915,1281.097,1250.942,1278.282
2014-05-13,1274.57,1293.818,1273.328,1276.244
2014-05-14,1273.207,1282.345,1269.241,1278.661
2014-05-15,1276.642,1283.429,1253.616,1253.879
2014-05-16,1250.375,1252.387,1210.812,1226.473
2014-05-19,1224.649,1233.84,1213.991,1228.371
2014-05-20,1239.65,1261.943,1239.65,1244.647
2014-05-21,1241.017,1257.796,1231.865,1257.796
2014-05-22,1259.874,1287.87,1259.874,1269.513
2014-05-23,1269.176,1296.835,1262.102,1295.998
2014-05-26,1301.865,1323.843,1301.865,1320.759
2014-05-27,1319.664,1319.664,1303.148,1306.284
2014-05-28,1306.285,1339.032,1306.285,1338.971
2014-05-29,1338.299,1341.574,1312.421,1314.212
2014-05-30,1312.303,1323.594,1300.092,1318.127
2014-06-03,1317.99,1332.783,1317.99,1319.625
2014-06-04,1318.327,1321.718,1303.364,1321.718
2014-06-05,1320.143,1356.531,1317.532,1355.482
2014-06-06,1354.905,1362.978,1340.826,1350.447
2014-06-09,1348.765,1349.915,1326.629,1326.675
2014-06-10,1327.105,1356.967,1316.84,1353.871
2014-06-11,1350.375,1371.246,1348.404,1367.388
2014-06-12,1364.414,1375.975,1358.083,1363.739
2014-06-13,1361.087,1386.348,1359.652,1382.733
2014-06-16,1384.157,1397.63,1384.157,1395.611
2014-06-17,1396.38,1396.38,1377.404,1377.431
2014-06-18,1377.577,1384.866,1363.749,1363.991
2014-06-19,1363.453,1370.31,1310.492,1320.655
2014-06-20,1319.108,1335.646,1313.139,1333.982
2014-06-23,1335.18,1366.591,1335.18,1361.283
2014-06-24,1360.078,1372.155,1359.13,1369.439
2014-06-25,1368.664,1368.664,1347.819,1358.708
2014-06-26,1360.199,1391.295,1360.199,1386.273
2014-06-27,1388.38,1397.965,1382.071,1388.815
2014-06-30,1388.474,1404.71,1374.298,1404.71
2014-07-01,1405.439,1415.331,1398.148,1411.736
2014-07-02,1413.173,1425.297,1402.217,1419.937
2014-07-03,1419.814,1428.672,1412.155,1422.603
2014-07-04,1421.677,1423.89,1406.207,1411.638
2014-07-07,1411.989,1411.989,1381.941,1393.889
2014-07-08,1392.347,1410.725,1379.493,1410.725
2014-07-09,1410.393,1418.682,1384.256,1384.579
2014-07-10,1384.454,1387.889,1362.352,1363.882
2014-07-11,1361.569,1372.124,1351.77,1359.342
2014-07-14,1358.173,1367.818,1342.564,1367.07
2014-07-15,1364.081,1366.163,1332.874,1341.269
2014-07-16,1338.921,1344.364,1310.861,1318.615
2014-07-17,1315.093,1323.238,1304.579,1312.809
2014-07-18,1309.957,1321.928,1300.757,1305.922
2014-07-21,1304.721,1313.557,1287.235,1306.965
2014-07-22,1306.317,1330.291,1305.027,1329.349
2014-07-23,1330.139,1332.362,1287.644,1293.094
2014-07-24,1291.485,1291.485,1255.69,1271.879
2014-07-25,1271.427,1288.672,1270.365,1285.768
2014-07-28,1289.103,1316.037,1286.66,1314.527
2014-07-29,1315.749,1337.53,1310.841,1331.764
2014-07-30,1330.191,1345.347,1329.074,1342.738
2014-07-31,1342.734,1346.221,1334.264,1344.544
2014-08-01,1339.982,1343.581,1324.191,1325.938
2014-08-04,1325.009,1331.804,1324.256,1329.821
2014-08-05,1330.321,1363.12,1321.203,1360.692
2014-08-06,1357.528,1368.526,1353.949,1365.74
2014-08-07,1365.184,1381.457,1361.333,1362.028
2014-08-08,1368.06,1381.441,1368.06,1377.445
2014-08-11,1379.473,1397.969,1379.473,1397.784
2014-08-12,1398.148,1402.75,1393.114,1396.438
2014-08-13,1396.262,1397.098,1370.077,1384.309
2014-08-14,1384.717,1394.516,1378.954,1380.303
2014-08-15,1382.872,1392.486,1377.932,1392.451
2014-08-18,1394.638,1429.001,1394.638,1428.739
2014-08-19,1436.424,1446.792,1427.055,1436.396
2014-08-20,1438.288,1438.288,1421.924,1427.404
2014-08-21,1428.628,1447.912,1421.244,1447.881
2014-08-22,1450.101,1465.665,1446.038,1461.722
2014-08-25,1461.207,1461.492,1439.855,1443.806
2014-08-26,1440.704,1443.596,1406.336,1411.15
2014-08-27,1411.76,1427.315,1411.76,1420.54
2014-08-28,1423.343,1424.291,1398.56,1403.795
2014-08-29,1400.839,1424.469,1400.83,1424.469
2014-09-01,1428.365,1453.124,1427.927,1452.843
2014-09-02,1457.505,1465.038,1452.707,1465.033
2014-09-03,1468.093,1479.832,1461.234,1477.673
2014-09-04,1478.328,1495.811,1472.894,1495.513
2014-09-05,1497.992,1498.257,1482.039,1489.835
2014-09-09,1492.445,1497.424,1479.055,1494.017
2014-09-10,1491.413,1506.473,1484.707,1504.914
2014-09-11,1506.004,1532.305,1502.389,1513.014
2014-09-12,1512.397,1524.325,1506.875,1524.121
2014-09-15,1522.57,1528.57,1517.304,1526.135
2014-09-16,1527.065,1529.397,1471.61,1473.13
2014-09-17,1473.522,1481.064,1456.502,1479.118
2014-09-18,1477.314,1492.614,1474.654,1490.787
2014-09-19,1492.099,1501.385,1486.283,1499.124
2014-09-22,1496.959,1496.959,1480.182,1483.353
2014-09-23,1485.505,1502.04,1483.037,1500.99
2014-09-24,1501.039,1517.421,1497.889,1517.421
2014-09-25,1520.099,1523.25,1505.651,1508.416
2014-09-26,1506.313,1512.798,1502.498,1511.357
2014-09-29,1515.376,1526.363,1515.376,1526.175
2014-09-30,1527.26,1540.952,1527.26,1540.874
2014-10-08,1543.593,1557.568,1537.01,1557.568
2014-10-09,1562.102,1569.055,1541.673,1561.166
2014-10-10,1559.928,1563.874,1546.223,1554.217
2014-10-13,1548.177,1548.878,1527.704,1548.327
2014-10-14,1546.666,1560.059,1532.444,1539.119
2014-10-15,1539.347,1545.754,1527.188,1545.623
2014-10-16,1539.858,1551.842,1526.537,1526.56
2014-10-17,1527.457,1529.548,1488.472,1511.054
2014-10-20,1513.422,1532.38,1513.422,1532.38
2014-10-21,1535.066,1537.673,1515.929,1517.483
2014-10-22,1518.803,1524.802,1503.817,1504.552
2014-10-23,1500.547,1501.724,1474.04,1477.837
2014-10-24,1478.339,1493.527,1473.059,1477.588
2014-10-27,1473.662,1492.01,1465.956,1492.01
2014-10-28,1495.694,1522.052,1495.694,1522.052
2014-10-29,1525.983,1535.797,1524.076,1530.084
2014-10-30,1532.909,1539.207,1522.637,1525.767
2014-10-31,1527.605,1529.553,1502.245,1513.267
2014-11-03,1513.253,1529.899,1513.199,1529.892
2014-11-04,1531.821,1538.175,1514.465,1516.396
2014-11-05,1514.77,1517.015,1505.978,1512.487
2014-11-06,1513.722,1532.868,1510.78,1532.52
2014-11-07,1535.494,1543.717,1517.286,1522.625
2014-11-10,1525.198,1526.375,1506.803,1514.818
2014-11-11,1513.529,1514.372,1452.032,1461.508
2014-11-12,1457.239,1476.03,1455.094,1475.753
2014-11-13,1473.739,1473.739,1434.269,1442.859
2014-11-14,1438.966,1449.098,1435.5,1441.213
2014-11-17,1444.064,1474.36,1437.992,1471.685
2014-11-18,1471.082,1483.141,1470.509,1481.86
2014-11-19,1488.456,1509.728,1488.456,1505.552
2014-11-20,1504.584,1504.584,1491.646,1494.591
2014-11-21,1493.159,1508.217,1493.159,1504.833
2014-11-24,1513.428,1515.843,1497.849,1507.811
2014-11-25,1510.622,1541.922,1510.247,1541.922
2014-11-26,1544.687,1561.304,1544.099,1554.22
2014-11-27,1557.771,1566.834,1548.287,1563.409
2014-11-28,1562.829,1582.483,1558.309,1570.851
2014-12-01,1569.65,1569.65,1544.184,1552.306
2014-12-02,1554.464,1567.541,1552.126,1565.417
2014-12-03,1568.474,1604.88,1540.423,1604.447
2014-12-04,1604.891,1631.314,1604.891,1621.845
2014-12-05,1626.118,1626.118,1544.465,1581.907
2014-12-08,1575.303,1600.865,1554.785,1567.163
2014-12-09,1557.017,1577.748,1504.227,1504.623
2014-12-10,1499.33,1576.888,1499.33,1572.685
2014-12-11,1572.605,1593.382,1563.315,1587.665
2014-12-12,1588.241,1626.339,1586.751,1623.569
2014-12-15,1623.603,1664.26,1619.702,1657.498
2014-12-16,1665.298,1674.977,1636.176,1649.582
2014-12-17,1639.154,1652.975,1623.696,1644.212
2014-12-18,1641.577,1663.667,1633.256,1634.052
2014-12-19,1627.8,1627.8,1568.983,1596.811
2014-12-22,1583.955,1583.955,1510.047,1517.928
2014-12-23,1501.527,1543.348,1489.118,1496.534
2014-12-24,1502.667,1524.268,1501.228,1519.798
2014-12-25,1521.995,1531.636,1514.227,1529.468
2014-12-26,1531.2,1539.16,1524.008,1536.082
2014-12-29,1531.117,1531.117,1491.21,1499.4
2014-12-30,1491.1,1493.437,1450.049,1460.108
2014-12-31,1455.679,1479.856,1451.287,1471.764
2015-01-05,1470.578,1470.578,1429.084,1464.774
2015-01-06,1458.573,1542.151,1454.137,1539.828
2015-01-07,1542.4,1547.249,1517.371,1523.387
2015-01-08,1516.833,1565.774,1516.833,1541.887
2015-01-09,1535.328,1583.75,1534.607,1553.239
2015-01-12,1552.054,1587.182,1550.62,1586.124
2015-01-13,1587.691,1611.125,1578.398,1601.168
2015-01-14,1598.723,1605.155,1579.554,1588.007
2015-01-15,1584.677,1606.558,1578.224,1586.335
2015-01-16,1586.71,1641.533,1586.636,1639.555
2015-01-19,1608.251,1691.136,1599.661,1630.065
2015-01-20,1635.572,1700.941,1635.572,1700.852
2015-01-21,1704.101,1729.84,1701.871,1722.581
2015-01-22,1723.244,1744.082,1716.389,1744.037
2015-01-23,1742.087,1742.087,1693.52,1697.288
2015-01-26,1698.985,1740.366,1698.985,1739.79
2015-01-27,1742.465,1754.207,1715.525,1743.675
2015-01-28,1741.07,1759.003,1727.923,1731.413
2015-01-29,1717.398,1733.631,1709.36,1711.372
2015-01-30,1712.854,1721.143,1679.692,1680.58
2015-02-02,1667.119,1708.706,1660.046,1696.829
2015-02-03,1703.927,1762.728,1703.927,1750.906
2015-02-04,1753.769,1770.2,1743.024,1757.739
2015-02-05,1757.234,1809.719,1741.959,1774.312
2015-02-06,1772.352,1783.618,1725.642,1730.966
2015-02-09,1727.223,1753.5,1702.562,1708.845
2015-02-10,1707.262,1747.862,1700.875,1747.675
2015-02-11,1748.23,1783.237,1748.23,1772.845
2015-02-12,1777.216,1799.455,1776.347,1788.809
2015-02-13,1798.54,1828.235,1796.41,1825.488
2015-02-16,1836.714,1897.661,1836.714,1896.628
2015-02-17,1908.183,1909.906,1873.17,1894.306
2015-02-25,1899.389,1909.653,1872.103,1876.745
2015-02-26,1875.332,1891.782,1847.73,1880.388
2015-02-27,1880.63,1928.044,1880.63,1928.044
2015-03-02,1944.106,1987.798,1940.32,1986.986
2015-03-03,1987.332,2004.033,1961.006,1961.743
2015-03-04,1960.536,2011.078,1960.536,2009.827
2015-03-05,2015.703,2032.218,1997.457,2014.786
2015-03-06,2016.813,2018.182,1949.287,1951.398
2015-03-09,1941.42,1996.895,1932.82,1994.39
2015-03-10,2001.185,2048.302,2001.185,2045.322
2015-03-11,2050.76,2054.774,2022.319,2035.829
2015-03-12,2034.621,2054.392,1984.914,2018.132
2015-03-13,2020.656,2070.953,2011.172,2069.072
2015-03-16,2088.199,2144.777,2088.199,2142.672
2015-03-17,2149.369,2164.49,2117.78,2137.462
2015-03-18,2138.366,2186.023,2124.979,2182.919
2015-03-19,2184.763,2192.553,2160.986,2183.878
2015-03-20,2187.468,2232.078,2187.013,2213.766
2015-03-23,2225.848,2293.918,2221.713,2293.649
2015-03-24,2310.513,2363.055,2253.203,2357.969
2015-03-25,2364.941,2405.559,2344.109,2385.014
2015-03-26,2362.446,2370.295,2270.787,2291.789
2015-03-27,2274.677,2326.418,2267.868,2323.818
2015-03-30,2319.307,2332.603,2266.846,2290.476
2015-03-31,2294.317,2358.206,2288.311,2335.171
2015-04-01,2346.996,2407.49,2345.75,2404.909
2015-04-02,2434.764,2475.325,2420.187,2475.325
2015-04-03,2469.847,2515.575,2460.938,2510.16
2015-04-07,2530.072,2557.874,2522.262,2556.698
2015-04-08,2566.937,2568.087,2442.816,2488.158
2015-04-09,2481.688,2501.296,2346.888,2496.487
2015-04-10,2475.555,2567.683,2457.821,2552.829
2015-04-13,2558.186,2596.922,2545.258,2577.776
2015-04-14,2584.586,2593.7,2539.938,2558.848
2015-04-15,2548.992,2548.992,2441.739,2441.739
2015-04-16,2420.931,2532.305,2407.851,2484.33
2015-04-17,2507.472,2511.981,2453.281,2463.99
2015-04-20,2462.406,2493.196,2411.34,2424.848
2015-04-21,2443.12,2566.091,2443.12,2566.091
2015-04-22,2610.738,2655.373,2610.738,2634.931
2015-04-23,2656.177,2718.263,2656.177,2706.185
2015-04-24,2689.907,2747.624,2672.203,2734.75
2015-04-27,2781.597,2806.755,2737.148,2747.497
2015-04-28,2764.406,2779.2,2650.425,2687.974
2015-04-29,2693.481,2798.515,2674.757,2797.524
2015-04-30,2825.161,2918.745,2825.161,2857.89
2015-05-04,2868.102,2884.442,2803.817,2845.252
2015-05-05,2830.794,2845.711,2753.87,2783.443
2015-05-06,2806.299,2927.026,2806.299,2846.558
2015-05-07,2824.82,2879.682,2801.465,2806.047
2015-05-08,2838.97,2974.367,2838.97,2973.596
2015-05-11,3015.433,3150.492,2991.328,3146.83
2015-05-12,3176.543,3254.99,3133.964,3250.296
2015-05-13,3185.342,3271.175,3123.918,3192.147
2015-05-14,3174.448,3228.031,3137.275,3141.593
2015-05-15,3109.114,3176.115,3059.859,3145.335
2015-05-18,3178.369,3286.408,3178.369,3278.483
2015-05-19,3310.091,3340.42,3206.778,3322.774
2015-05-20,3339.17,3471.949,3339.17,3406.284
2015-05-21,3421.611,3531.842,3421.447,3527.413
2015-05-22,3594.589,3618.236,3438.566,3516.627
2015-05-25,3415.668,3499.535,3370.836,3467.916
2015-05-26,3471.795,3619.485,3471.795,3618.231
2015-05-27,3638.21,3662.98,3546.584,3628.673
2015-05-28,3618.339,3677.325,3432.982,3432.982
2015-05-29,3444.062,3595.168,3328.457,3542.844
2015-06-01,3580.077,3722.864,3580.077,3718.753
2015-06-02,3757.104,3912.481,3756.092,3901.543
2015-06-03,3949.284,4011.039,3838.224,3982.251
2015-06-04,3991.797,4015.203,3695.826,3943.467
2015-06-05,3994.44,4037.959,3841.415,3885.832
2015-06-08,3862.801,3862.801,3643.035,3704.553
2015-06-09,3664.372,3793.365,3633.724,3705.536
2015-06-10,3695.064,3876.851,3676.761,3834.699
2015-06-11,3843.98,3884.371,3815.06,3862.138
2015-06-12,3889.155,3922.698,3850.591,3899.705
2015-06-15,3919.356,3919.356,3688.89,3696.027
2015-06-16,3636.787,3669.818,3475.354,3590.669
2015-06-17,3586.371,3754.369,3511.11,3741.357
2015-06-18,3734.91,3752.179,3497.732,3504.554
2015-06-19,3408.526,3476.033,3304.65,3314.976
2015-06-23,3314.885,3397.266,3154.602,3393.94
2015-06-24,3425.569,3459.46,3304.672,3383.404
2015-06-25,3403.628,3408.232,3172.368,3206.381
2015-06-26,3078.398,3078.398,2915.939,2920.703
2015-06-29,2943.504,2950.129,2663.438,2689.76
2015-06-30,2566.017,2875.09,2485.456,2858.606
2015-07-01,2842.166,3008.194,2743.606,2759.408
2015-07-02,2756.245,2825.153,2591.05,2649.316
2015-07-03,2559.025,2788.763,2458.285,2605.276
2015-07-06,2795.671,2795.671,2417.558,2493.828
2015-07-07,2398.103,2415.681,2350.966,2352.01
2015-07-08,2304.761,2364.08,2304.761,2364.049
2015-07-09,2338.109,2435.755,2338.109,2435.755
2015-07-10,2487.388,2535.889,2478.865,2535.889
2015-07-13,2612.768,2683.074,2592.196,2683.074
2015-07-14,2725.043,2827.551,2715.975,2726.048
2015-07-15,2750.655,2750.655,2583.462,2590.031
2015-07-16,2526.647,2698.155,2439.239,2627.076
2015-07-17,2651.44,2805.798,2646.501,2783.324
2015-07-20,2820.723,2907.148,2777.914,2848.303
2015-07-21,2802.022,2917.407,2779.533,2882.897
2015-07-22,2882.061,2932.06,2828.447,2897.373
2015-07-23,2896.249,2969.347,2864.428,2967.952
2015-07-24,2976.935,3014.177,2879.264,2897.824
2015-07-27,2822.374,2924.08,2683.051,2683.446
2015-07-28,2546.406,2705.184,2492.189,2581.962
2015-07-29,2617.938,2693.99,2483.916,2693.865
2015-07-30,2671.455,2707.759,2556.093,2561.191
2015-07-31,2507.265,2605.344,2499.245,2539.844
2015-08-03,2475.328,2494.801,2371.479,2399.273
2015-08-04,2396.408,2546.162,2380.281,2546.162
2015-08-05,2542.269,2584.191,2480.445,2502.041
2015-08-06,2441.955,2517.991,2430.53,2480.926
2015-08-07,2509.963,2586.529,2505.274,2576.993
2015-08-10,2606.735,2726.9,2593.414,2706.718
2015-08-11,2705.037,2747.832,2675.147,2698.912
2015-08-12,2658.843,2700.401,2622.188,2622.188
2015-08-13,2608.74,2684.258,2578.907,2684.258
2015-08-14,2713.784,2725.466,2664.416,2674.022
2015-08-17,2665.373,2676.715,2613.784,2666.287
2015-08-18,2674.422,2720.575,2488.608,2504.172
2015-08-19,2427.937,2584.36,2359.166,2570.691
2015-08-20,2556.772,2610.895,2508.349,2508.817
2015-08-21,2452.615,2480.675,2340.917,2341.954
2015-08-24,2222.542,2246.55,2152.614,2152.614
2015-08-25,1996.043,2048.026,1987.124,1990.706
2015-08-26,1975.923,2044.656,1875.029,1890.036
2015-08-27,1924.778,1959.982,1843.186,1959.494
2015-08-28,1990.345,2086.872,1960.393,2082.124
2015-08-31,2056.286,2058.852,1987.576,1996.865
2015-09-01,1959.455,1959.455,1877.361,1889.491
2015-09-02,1787.709,1953.914,1779.181,1855.032
2015-09-07,1882.859,1953.397,1878.263,1893.521
2015-09-08,1875.674,2004.81,1859.205,2001.156
2015-09-09,2023.305,2102.225,2017.098,2071.717
2015-09-10,2030.032,2078.423,2024.892,2039.118
2015-09-11,2039.012,2084.051,2029.811,2060.505
2015-09-14,2068.202,2075.671,1905.203,1906.214
2015-09-15,1843.23,1892.809,1794.292,1797.557
2015-09-16,1813.727,1928.778,1808.748,1926.245
2015-09-17,1943.285,2020.554,1922.799,1933.297
2015-09-18,1948.116,1995.497,1922.142,1983.298
2015-09-21,1950.328,2080.219,1945.354,2079.06
2015-09-22,2082.336,2108.559,2042.133,2078.718
2015-09-23,2039.487,2103.224,2036.063,2077.99
2015-09-24,2090.557,2130.465,2084.31,2106.594
2015-09-25,2091.854,2106.954,2002.45,2020.972
2015-09-28,2024.892,2124.062,2007.916,2122.257
2015-09-29,2089.538,2135.512,2075.972,2098.567
2015-09-30,2111.987,2124.289,2049.425,2082.673
2015-10-08,2153.118,2210.035,2138.541,2190.311
2015-10-09,2190.839,2230.028,2184.552,2216.656
2015-10-12,2233.605,2344.207,2232.271,2316.782
2015-10-13,2297.932,2351.521,2290.639,2342.039
2015-10-14,2330.083,2350.594,2295.597,2305.003
2015-10-15,2300.617,2406.208,2296.795,2404.533
2015-10-16,2424.62,2452.94,2401.093,2449.03
2015-10-19,2465.11,2466.477,2398.34,2433.599
2015-10-20,2430.183,2520.084,2427.784,2511.164
2015-10-21,2504.784,2527.771,2335.663,2344.74
2015-10-22,2355.157,2465.104,2355.157,2458.138
2015-10-23,2488.306,2549.763,2461.492,2538.383
2015-10-26,2570.128,2570.128,2481.589,2527.477
2015-10-27,2497.155,2586.948,2423.597,2563.958
2015-10-28,2551.701,2583.819,2473.465,2485.235
2015-10-29,2504.854,2528.704,2436.777,2485.276
2015-10-30,2475.229,2534.472,2439.158,2478.277
2015-11-02,2416.1,2513.323,2408.779,2432.038
2015-11-03,2444.051,2461.331,2407.553,2429.27
2015-11-04,2451.227,2584.317,2451.227,2584.317
2015-11-05,2587.819,2630.826,2542.848,2564.722
2015-11-06,2571.656,2666.399,2571.656,2661.412
2015-11-09,2653.309,2747.787,2612.263,2724.619
2015-11-10,2710.899,2783.118,2700.286,2746.609
2015-11-11,2738.584,2806.536,2730.52,2804.677
2015-11-12,2818.568,2827.711,2743.26,2783.298
2015-11-13,2751.386,2772.815,2681.606,2710.161
2015-11-16,2656.574,2797.162,2654.636,2797.162
2015-11-17,2834.98,2847.899,2711.583,2717.052
2015-11-18,2727.61,2741.327,2655.061,2661.165
2015-11-19,2678.355,2770.752,2676.755,2770.752
2015-11-20,2783.036,2817.961,2757.839,2800.15
2015-11-23,2797.122,2839.843,2759.306,2770.577
2015-11-24,2767.723,2816.048,2739.517,2816.048
2015-11-25,2813.51,2906.796,2806.819,2897.569
2015-11-26,2911.853,2915.95,2831.381,2833.198
2015-11-27,2819.364,2844.053,2629.125,2649.55
2015-11-30,2658.972,2687.047,2507.381,2672.581
2015-12-01,2669.302,2700.346,2621.167,2655.345
2015-12-02,2653.237,2660.115,2525.342,2613.263
2015-12-03,2622.486,2710.807,2622.486,2708.123
2015-12-04,2702.563,2749.179,2679.351,2692.161
2015-12-07,2699.337,2751.239,2687.022,2738.149
2015-12-08,2723.619,2731.715,2678.661,2691.658
2015-12-09,2677.587,2699.636,2650.445,2667.912
2015-12-10,2665.275,2729.238,2663.374,2695.507
2015-12-11,2686.305,2701.686,2666.887,2671.292
2015-12-14,2642.817,2709.265,2622.473,2709.265
2015-12-15,2718.251,2764.795,2718.251,2745.7
2015-12-16,2760.256,2789.276,2749.795,2763.114
2015-12-17,2784.97,2835.701,2784.97,2835.701
2015-12-18,2836.916,2850.693,2801.635,2830.259
2015-12-21,2825.315,2836.608,2800.349,2829.921
2015-12-22,2836.957,2849.36,2811.606,2839.852
2015-12-23,2845.434,2848.829,2779.926,2783.942
2015-12-24,2775.984,2801.565,2735.969,2795.78
2015-12-25,2807.514,2820.532,2777.457,2794.73
2015-12-28,2809.519,2823.748,2735.485,2735.485
2015-12-29,2732.554,2749.822,2710.199,2749.822
2015-12-30,2758.25,2781.84,2749.289,2779.513
2015-12-31,2780.539,2785.656,2713.689,2714.048
2016-01-04,2706.275,2710.299,2490.469,2491.24
2016-01-05,2353.233,2481.202,2333.608,2416.725
2016-01-06,2433.358,2472.19,2388.69,2468.366
2016-01-07,2415.329,2415.329,2254.496,2256.524
2016-01-08,2297.592,2318.123,2142.326,2248.99
2016-01-11,2188.188,2230.423,2105.771,2106.358
2016-01-12,2117.251,2179.088,2087.272,2147.531
2016-01-13,2160.323,2174.227,2059.776,2059.776
2016-01-14,1991.232,2179.379,1989.865,2175.012
2016-01-15,2160.174,2184.563,2096.186,2112.902
2016-01-18,2074.858,2206.835,2074.858,2174.934
2016-01-19,2170.094,2244.785,2148.72,2241.696
2016-01-20,2222.601,2249.355,2190.505,2204.648
2016-01-21,2173.315,2241.471,2112.404,2112.404
2016-01-22,2140.281,2161.236,2078.117,2149.586
2016-01-25,2165.726,2185.213,2136.875,2158.824
2016-01-26,2132.217,2135.565,1990.514,1994.047
2016-01-27,1997.316,2012.296,1888.25,1997.465
2016-01-28,1969.309,1990.916,1900.882,1906.461
2016-01-29,1908.262,2011.057,1907.289,1994.065
2016-02-01,1989.207,2011.679,1956.92,1992.695
2016-02-02,1996.594,2089.214,1996.594,2075.287
2016-02-03,2049.324,2105.38,2034.602,2090.513
2016-02-04,2095.617,2142.869,2095.617,2126.534
2016-02-05,2127.347,2141.556,2096.986,2096.986
2016-02-15,2029.556,2130.362,2029.556,2116.838
2016-02-16,2128.056,2208.572,2128.056,2201.925
2016-02-17,2197.925,2219.783,2170.998,2215.341
2016-02-18,2230.799,2239.91,2188.187,2190.911
2016-02-19,2186.015,2230.216,2182.959,2211.006
2016-02-22,2235.17,2245.564,2216.156,2245.564
2016-02-23,2245.75,2249.691,2189.527,2218.119
2016-02-24,2212.589,2230.006,2154.274,2203.741
2016-02-25,2198.928,2198.928,2030.42,2037.143
2016-02-26,2045.51,2057.802,1980.166,2014.92
2016-02-29,2000.572,2000.572,1866.25,1880.66
2016-03-01,1881.321,1952.432,1841.224,1934.919
2016-03-02,1930.842,2022.863,1925.023,2017.604
2016-03-03,2014.179,2063.531,2006.707,2007.076
2016-03-04,1994.061,2003.689,1895.396,1907.041
2016-03-07,1935.093,1995.937,1935.093,1953.332
2016-03-08,1944.648,2002.191,1865.65,2002.191
2016-03-09,1962.277,2015.706,1947.045,1970.813
2016-03-10,1968.766,1991.357,1935.119,1936.968
2016-03-11,1911.325,1948.601,1903.924,1934.87
2016-03-14,1962.105,2048.497,1962.105,2023.128
2016-03-15,2016.807,2034.702,1995.456,1996.92
2016-03-16,2029.919,2039.486,1961.418,1977.538
2016-03-17,1986.144,2089.136,1986.144,2087.293
2016-03-18,2102.19,2194.355,2102.079,2177.87
2016-03-21,2214.913,2234.35,2191.662,2227.034
2016-03-22,2201.194,2248.186,2189.935,2221.702
2016-03-23,2214.87,2259.106,2205.072,2259.106
2016-03-24,2234.215,2277.917,2217.843,2219.77
2016-03-25,2209.26,2232.073,2183.601,2216.086
2016-03-28,2233.131,2259.131,2192.35,2199.685
2016-03-29,2190.875,2194.885,2130.851,2152.548
2016-03-30,2172.741,2248.783,2172.741,2248.783
2016-03-31,2256.431,2271.964,2232.302,2238.286
2016-04-01,2223.377,2226.998,2171.341,2205.369
2016-04-05,2207.464,2285.201,2205.438,2279.52
2016-04-06,2274.772,2305.409,2271.502,2297.041
2016-04-07,2310.923,2316.629,2248.684,2248.684
2016-04-08,2230.951,2239.805,2194.234,2229.934
2016-04-11,2255.069,2301.412,2255.069,2283.143
2016-04-12,2283.211,2289.545,2236.442,2264.016
2016-04-13,2278.522,2330.055,2278.522,2294.015
2016-04-14,2310.596,2325.378,2289.567,2324.394
2016-04-15,2328.312,2328.312,2297.675,2309.676
2016-04-18,2288.42,2288.42,2249.339,2265.593
2016-04-19,2278.307,2289.049,2253.592,2272.52
2016-04-20,2279.758,2284.104,2119.424,2145.239
2016-04-21,2135.932,2160.258,2106.968,2110.162
2016-04-22,2093.781,2136.924,2090.95,2136.924
2016-04-25,2128.655,2130.06,2083.635,2126.834
2016-04-26,2123.874,2155.697,2119.379,2155.697
2016-04-27,2162.762,2176.333,2142.462,2146.611
2016-04-28,2149.102,2158.492,2108.268,2155.229
2016-04-29,2141.58,2162.194,2138.738,2138.738
2016-05-03,2138.963,2217.23,2126.874,2217.23
2016-05-04,2210.13,2233.591,2206.264,2211.018
2016-05-05,2208.397,2226.553,2198.762,2224.095
2016-05-06,2226.444,2235.959,2129.194,2129.194
2016-05-09,2107.334,2107.334,2045.122,2053.597
2016-05-10,2051.376,2067.618,2044.282,2054.222
2016-05-11,2067.69,2073.834,2032.296,2034.925
2016-05-12,2006.258,2039.318,1975.065,2034.566
2016-05-13,2030.941,2058.657,2013.863,2025.224
2016-05-16,2017.844,2057.857,2008.541,2057.857
2016-05-17,2059.515,2107.731,2036.885,2081.441
2016-05-18,2062.812,2062.812,2000.526,2020.476
2016-05-19,2023.959,2076.485,2023.959,2037.403
2016-05-20,2018.382,2065.302,2013.532,2065.302
2016-05-23,2072.998,2107.05,2072.998,2098.234
2016-05-24,2094.211,2094.211,2061.517,2075.51
2016-05-25,2091.972,2111.261,2062.64,2067.254
2016-05-26,2060.427,2086.49,2019.297,2086.008
2016-05-27,2076.297,2090.168,2065.375,2069.885
2016-05-30,2054.617,2083.83,2033.666,2058.519
2016-05-31,2061.84,2160.527,2060.141,2159.801
2016-06-01,2164.727,2188.885,2163.05,2168.82
2016-06-02,2163.589,2188.558,2160.251,2188.558
2016-06-03,2176.359,2236.578,2175.815,2204.974
2016-06-06,2212.458,2219.275,2181.986,2199.302
2016-06-07,2202.041,2204.184,2181.295,2196.727
2016-06-08,2191.271,2201.527,2166.965,2186.544
2016-06-13,2150.393,2165.283,2054.707,2054.707
2016-06-14,2045.211,2070.152,2032.438,2058.314
2016-06-15,2033.6,2143.453,2031.668,2128.8
2016-06-16,2124.156,2137.183,2097.347,2101.417
2016-06-17,2109.574,2154.518,2105.238,2122.89
2016-06-20,2117.986,2127.677,2088.286,2119.63
2016-06-21,2135.463,2153.229,2083.692,2092.001
2016-06-22,2085.981,2144.819,2085.65,2144.819
2016-06-23,2144.583,2153.581,2115.84,2137.486
2016-06-24,2131.154,2157.942,2060.196,2127.365
2016-06-27,2111.1,2194.128,2110.603,2191.806
2016-06-28,2181.413,2221.463,2173.532,2216.71
2016-06-29,2228.506,2238.353,2203.489,2209.788
2016-06-30,2213.603,2233.279,2206.805,2227.791
2016-07-01,2231.183,2241.628,2203.934,2211.178
2016-07-04,2195.623,2254.151,2193.844,2248.713
2016-07-05,2253.69,2259.287,2229.001,2246.024
2016-07-06,2239.759,2246.731,2229.267,2241.561
2016-07-07,2240.896,2247.585,2212.414,2233.922
2016-07-08,2231.969,2257.318,2220.205,2239.003
2016-07-11,2242.26,2252.665,2216.568,2218.589
2016-07-12,2218.02,2247.355,2182.031,2247.355
2016-07-13,2258.264,2299.859,2250.64,2285.369
2016-07-14,2282.158,2295.588,2273.421,2293.079
2016-07-15,2289.104,2293.085,2260.163,2263.784
2016-07-18,2257.418,2268.79,2234.21,2249.872
2016-07-19,2249.735,2273.719,2236.996,2273.719
2016-07-20,2272.644,2288.647,2268.527,2268.535
2016-07-21,2266.083,2289.668,2259.202,2265.128
2016-07-22,2262.102,2269.552,2248.303,2249.999
2016-07-25,2245.864,2264.439,2235.446,2245.885
2016-07-26,2245.937,2279.55,2245.937,2279.55
2016-07-27,2282.066,2284.283,2138.781,2155.386
2016-07-28,2150.318,2166.603,2109.869,2139.744
2016-07-29,2144.272,2147.195,2109.132,2122.412
2016-08-01,2113.674,2118.091,2066.175,2099.179
2016-08-02,2096.551,2114.954,2094.116,2113.214
2016-08-03,2110.234,2117.618,2096.732,2108.315
2016-08-04,2107.623,2133.177,2102.272,2129.652
2016-08-05,2128.74,2129.329,2107.438,2109.056
2016-08-08,2102.242,2130.594,2083.98,2130.594
2016-08-09,2128.64,2154.505,2128.219,2154.505
2016-08-10,2155.386,2164.625,2136.832,2137.001
2016-08-11,2134.604,2139.196,2103.396,2103.396
2016-08-12,2098.774,2123.865,2097.909,2123.841
2016-08-15,2126.791,2200.919,2112.25,2193.212
2016-08-16,2195.024,2211.008,2192.969,2201.096
2016-08-17,2200.236,2218.29,2195.368,2208.195
2016-08-18,2204.955,2213.305,2191.934,2201.594
2016-08-19,2200.681,2211.063,2194.111,2204.556
2016-08-22,2205.576,2213.41,2167.401,2167.401
2016-08-23,2168.338,2186.737,2160.296,2174.159
2016-08-24,2178.528,2204.799,2176.347,2192.17
2016-08-25,2179.015,2183.729,2152.113,2180.66
2016-08-26,2186.004,2211.628,2182.107,2189.75
2016-08-29,2187.723,2209.252,2183.812,2193.201
2016-08-30,2197.486,2210.397,2193.071,2195.531
2016-08-31,2194.607,2198.251,2175.839,2191.758
2016-09-01,2192.941,2201.284,2181.327,2181.327
2016-09-02,2176.391,2187.695,2160.116,2170.858
2016-09-05,2178.635,2199.655,2178.095,2182.694
2016-09-06,2183.227,2225.255,2161.926,2222.837
2016-09-07,2223.019,2232.121,2208.833,2212.053
2016-09-08,2211.394,2223.469,2207.116,2223.469
2016-09-09,2223.584,2228.538,2202.968,2202.968
2016-09-12,2163.451,2179.982,2145.031,2145.563
2016-09-13,2157.945,2165.577,2139.34,2145.868
2016-09-14,2137.396,2156.976,2131.715,2144.558
2016-09-19,2149.372,2174.403,2149.372,2165.213
2016-09-20,2164.42,2167.641,2153.94,2158.432
2016-09-21,2158.062,2170.085,2157.381,2162.132
2016-09-22,2174.299,2178.532,2166.615,2168.423
2016-09-23,2171.63,2173.494,2156.036,2156.51
2016-09-26,2154.399,2161.764,2122.9,2122.9
2016-09-27,2118.949,2140.803,2112.702,2140.803
2016-09-28,2143.725,2143.725,2132.547,2139.629
2016-09-29,2141.336,2155.416,2140.979,2146.184
2016-09-30,2144.473,2154.4,2143.343,2149.901
2016-10-10,2165.853,2208.469,2163.406,2208.469
2016-10-11,2207.435,2210.862,2201.311,2210.862
2016-10-12,2202.363,2216.522,2198.89,2209.685
2016-10-13,2211.756,2216.092,2200.524,2208.567
2016-10-14,2203.874,2203.874,2178.914,2194.227
2016-10-17,2199.182,2200.472,2160.006,2167.863
2016-10-18,2164.601,2198.142,2164.601,2198.142
2016-10-19,2200.532,2201.162,2180.469,2184.911
2016-10-20,2187.406,2199.065,2184.351,2193.256
2016-10-21,2196.846,2202.488,2167.83,2180.997
2016-10-24,2184.11,2204.358,2176.924,2200.804
2016-10-25,2202.792,2207.807,2196.568,2200.208
2016-10-26,2203.479,2204.842,2179.756,2184.493
2016-10-27,2182.905,2184.317,2171.243,2182.478
2016-10-28,2182.56,2192.903,2165.03,2165.433
2016-10-31,2158.565,2162.672,2145.574,2159.76
2016-11-01,2160.39,2177.834,2159.707,2176.447
2016-11-02,2170.811,2171.662,2145.074,2146.399
2016-11-03,2137.131,2167.931,2135.284,2153.185
2016-11-04,2151.925,2168.341,2142.41,2145.229
2016-11-07,2141.299,2145.822,2126.952,2130.301
2016-11-08,2138.454,2154.571,2136.246,2150.302
2016-11-09,2150.623,2154.854,2098.56,2123.844
2016-11-10,2143.564,2149.088,2138.939,2143.321
2016-11-11,2143.582,2147.107,2125.494,2147.107
2016-11-14,2146.83,2175.253,2146.83,2161.686
2016-11-15,2161.573,2179.3,2152.375,2179.3
2016-11-16,2187.504,2208.98,2182.116,2182.467
2016-11-17,2176.122,2176.122,2157.545,2163.042
2016-11-18,2164.711,2170.79,2155.235,2157.96
2016-11-21,2156.46,2162.368,2147.049,2152.602
2016-11-22,2156.515,2177.651,2146.62,2177.651
2016-11-23,2182.098,2191.261,2163.001,2165.708
2016-11-24,2159.614,2172.176,2142.949,2146.626
2016-11-25,2145.969,2167.528,2123.738,2167.528
2016-11-28,2172.973,2175.51,2159.731,2166.045
2016-11-29,2161.775,2178.189,2153.721,2160.345
2016-11-30,2157.539,2201.555,2155.241,2183.049
2016-12-01,2181.729,2188.09,2175.495,2181.929
2016-12-02,2180.385,2186.689,2143.21,2143.452
2016-12-05,2129.245,2162.304,2124.753,2143.878
2016-12-06,2149.752,2156.693,2121.248,2122.26
2016-12-07,2123.552,2134.987,2116.541,2134.987
2016-12-08,2135.792,2136.259,2114.038,2114.711
2016-12-09,2114.447,2118.628,2097.094,2099.888
2016-12-12,2095.583,2096.401,1981.172,1984.395
2016-12-13,1982.078,1995.351,1961.907,1985.043
2016-12-14,1982.98,1988.458,1958.038,1963.08
2016-12-15,1957.714,1991.319,1956.551,1975.854
2016-12-16,1977.864,2005.276,1972.215,1998.113
2016-12-19,1995.003,1995.003,1976.77,1980.41
2016-12-20,1981.693,1989.986,1974.928,1982.297
2016-12-21,1987.758,1996.103,1985.054,1991.696
2016-12-22,1993.037,1993.037,1978.745,1986.274
2016-12-23,1987.728,1992.207,1964.232,1964.541
2016-12-26,1959.185,1974.01,1933.523,1974.01
2016-12-27,1972.506,1977.315,1968.566,1968.62
2016-12-28,1968.146,1971.514,1954.957,1957.155
2016-12-29,1956.72,1971.943,1955.624,1959.24
2016-12-30,1961.218,1964.701,1952.684,1962.059
2017-01-03,1965.041,1971.913,1959.139,1963.255
2017-01-04,1963.024,1992.759,1959.574,1991.565
2017-01-05,1990.696,1993.709,1983.84,1983.971
2017-01-06,1980.84,1982.4,1963.323,1965.03
2017-01-09,1962.205,1968.87,1951.486,1961.619
2017-01-10,1960.097,1967.474,1951.178,1951.677
2017-01-11,1947.423,1959.297,1932.462,1937.547
2017-01-12,1935.516,1946.586,1929.048,1930.145
2017-01-13,1930.11,1934.478,1899.106,1899.943
2017-01-16,1897.447,1897.818,1783.74,1830.848
2017-01-17,1824.096,1875.799,1805.39,1867.868
2017-01-18,1860.244,1862.826,1845.573,1845.787
2017-01-19,1842.661,1853.111,1833.496,1844.14
2017-01-20,1844.367,1892.358,1842.623,1880.748
2017-01-23,1879.974,1897.099,1879.706,1887.324
2017-01-24,1885.238,1885.948,1859.712,1861.216
2017-01-25,1857.318,1874.628,1856.217,1870.703
2017-01-26,1872.142,1887.666,1872.142,1886.232
2017-02-03,1886.969,1888.806,1872.696,1876.761
2017-02-06,1877.141,1903.329,1874.71,1900.447
2017-02-07,1897.869,1900.349,1881.73,1889.134
2017-02-08,1887.344,1903.629,1881.135,1903.628
2017-02-09,1903.674,1916.405,1901.884,1914.082
2017-02-10,1913.23,1915.427,1900.707,1904.685
2017-02-13,1902.46,1919.2,1894.147,1913.681
2017-02-14,1914.138,1918.795,1906.415,1909.395
2017-02-15,1911.037,1920.286,1890.089,1892.357
2017-02-16,1891.871,1900.974,1886.407,1897.63
2017-02-17,1896.697,1904.865,1881.001,1882.869
2017-02-20,1884.991,1894.962,1876.669,1894.962
2017-02-21,1896.859,1924.028,1895.429,1921.077
2017-02-22,1921.546,1925.297,1909.123,1919.973
2017-02-23,1919.243,1925.951,1906.813,1925.951
2017-02-24,1925.098,1939.393,1921.299,1938.444
2017-02-27,1937.559,1943.982,1923.53,1926.771
2017-02-28,1926.138,1931.825,1918.322,1927.16
2017-03-01,1925.696,1938.678,1923.754,1931.968
2017-03-02,1936.082,1937.901,1919.744,1920.405
2017-03-03,1916.198,1932.214,1908.318,1928.289
2017-03-06,1931.617,1962.77,1931.617,1962.77
2017-03-07,1967.179,1977.853,1957.292,1977.853
2017-03-08,1976.851,1976.851,1960.065,1964.628
2017-03-09,1962.644,1962.644,1948.789,1953.943
2017-03-10,1952.501,1957.714,1945.573,1950.008
2017-03-13,1948.518,1972.079,1939.032,1970.879
2017-03-14,1967.473,1970.478,1952.097,1958.023
2017-03-15,1951.708,1964.426,1943.609,1957.82
2017-03-16,1959.054,1968.435,1959.054,1966.727
2017-03-17,1968.153,1981.69,1949.351,1949.661
2017-03-20,1948.604,1953.816,1939.647,1953.816
2017-03-21,1953.558,1961.645,1948.893,1961.063
2017-03-22,1952.8,1959.715,1939.287,1948.58
2017-03-23,1951.873,1960.335,1930.44,1948.369
2017-03-24,1948.27,1966.423,1946.121,1965.137
2017-03-27,1964.625,1967.105,1947.528,1947.528
2017-03-28,1946.332,1953.239,1940.376,1944.363
2017-03-29,1945.141,1948.723,1926.603,1929.196
2017-03-30,1924.512,1926.531,1893.298,1893.701
2017-03-31,1895.812,1908.527,1895.812,1907.338
2017-04-05,1914.907,1943.433,1914.907,1943.16
2017-04-06,1947.085,1951.226,1939.372,1944.234
2017-04-07,1942.107,1953.569,1939.318,1946.048
2017-04-10,1940.301,1940.301,1911.108,1912.451
2017-04-11,1907.104,1920.776,1887.889,1917.633
2017-04-12,1913.783,1915.017,1896.854,1897.506
2017-04-13,1896.486,1920.233,1896.486,1910.476
2017-04-14,1910.992,1910.992,1887.349,1887.46
2017-04-17,1880.77,1886.607,1862.364,1868.281
2017-04-18,1867.575,1878.097,1847.203,1848.203
2017-04-19,1841.601,1845.643,1812.39,1845.382
2017-04-20,1843.966,1856.729,1836.437,1850.39
2017-04-21,1849.281,1863.582,1836.524,1839.006
2017-04-24,1832.823,1832.823,1796.358,1809.911
2017-04-25,1809.556,1829.263,1807.667,1818.87
2017-04-26,1812.865,1822.12,1811.043,1820.48
2017-04-27,1815.111,1847.932,1794.397,1842.922
2017-04-28,1838.744,1856.403,1834.426,1850.734
2017-05-02,1849.215,1855.342,1843.826,1850.849
2017-05-03,1848.708,1854.68,1832.564,1840.453
2017-05-04,1838.71,1858.558,1828.634,1838.104
2017-05-05,1832.675,1839.648,1818.191,1818.191
2017-05-08,1814.103,1825.76,1788.708,1788.708
2017-05-09,1780.519,1803.208,1770.594,1802.491
2017-05-10,1801.775,1815.825,1771.319,1771.319
2017-05-11,1761.47,1772.47,1727.576,1772.413
2017-05-12,1768.305,1774.899,1750.403,1774.628
2017-05-15,1778.181,1788.563,1776.008,1778.636
2017-05-16,1774.39,1814.941,1764.285,1814.941
2017-05-17,1812.709,1833.87,1810.214,1822.639
2017-05-18,1807.175,1827.785,1803.86,1813.506
2017-05-19,1812.732,1815.809,1793.041,1801.078
2017-05-22,1798.565,1814.407,1779.474,1788.075
2017-05-23,1784.532,1790.107,1757.371,1758.235
2017-05-24,1749.163,1776.442,1730.363,1776.278
2017-05-25,1770.651,1785.665,1745.226,1777.694
2017-05-26,1769.117,1772.932,1754.772,1759.632
2017-05-31,1777.653,1783.148,1762.077,1763.729
2017-06-01,1757.802,1757.886,1728.488,1728.488
2017-06-02,1721.398,1754.211,1711.82,1745.927
2017-06-05,1747.527,1767.292,1747.527,1761.246
2017-06-06,1759.292,1773.073,1758.321,1766.393
2017-06-07,1764.957,1802.519,1762.732,1799.852
2017-06-08,1798.69,1804.662,1792.103,1794.75
2017-06-09,1793.65,1797.638,1782.185,1796.135
2017-06-12,1787.563,1787.563,1773.532,1775.551
2017-06-13,1773.007,1800.197,1771.846,1795.632
2017-06-14,1794.035,1798.198,1787.06,1790.635
2017-06-15,1788.812,1823.417,1788.428,1816.259
2017-06-16,1816.161,1819.104,1809.48,1810.053
2017-06-19,1809.514,1817.5,1805.882,1816.4
2017-06-20,1818.688,1833.944,1818.688,1820.976
2017-06-21,1827.89,1829.4,1810.041,1824.691
2017-06-22,1821.838,1828.802,1798.381,1798.381
2017-06-23,1794.497,1807.429,1776.604,1807.429
2017-06-26,1805.884,1821.277,1801.212,1821.277
2017-06-27,1821.37,1830.224,1816.663,1819.934
2017-06-28,1817.425,1818.115,1802.381,1808.199
2017-06-29,1808.295,1822.82,1807.616,1813.552
2017-06-30,1808.077,1819.885,1802.608,1818.067
2017-07-03,1818.204,1836.493,1816.031,1835.986
2017-07-04,1833.894,1834.24,1823.853,1829.505
2017-07-05,1827.259,1836.66,1820.96,1836.631
2017-07-06,1835.809,1844.204,1823.368,1838.995
2017-07-07,1833.884,1836.778,1828.724,1835.439
2017-07-10,1831.369,1831.369,1803.228,1803.247
2017-07-11,1799.52,1804.718,1783.912,1783.912
2017-07-12,1779.897,1788.693,1764.104,1786.746
2017-07-13,1784.257,1786.219,1774.779,1778.863
2017-07-14,1771.334,1771.334,1742.216,1745.567
2017-07-17,1730.704,1730.704,1656.433,1656.433
2017-07-18,1646.639,1672.715,1641.381,1667.488
2017-07-19,1663.16,1685.739,1654.768,1684.771
2017-07-20,1684.264,1712.702,1683.106,1688.61
2017-07-21,1688.793,1699.673,1685.793,1690.145
2017-07-24,1685.709,1689.381,1674.717,1686.438
2017-07-25,1686.575,1694.4,1680.948,1688.094
2017-07-26,1689.48,1692.625,1674.223,1681.31
2017-07-27,1678.868,1742.915,1675.295,1742.191
2017-07-28,1740.543,1746.541,1732.894,1734.074
2017-07-31,1731.915,1744.048,1725.499,1736.3
2017-08-01,1735.907,1742.011,1727.588,1741.074
2017-08-02,1740.386,1744.299,1723.229,1724.833
2017-08-03,1723.026,1757.757,1716.533,1733.124
2017-08-04,1731.03,1734.179,1718.911,1719.617
2017-08-07,1722.244,1743.617,1720.988,1732.434
2017-08-08,1731.73,1762.44,1728.587,1762.421
2017-08-09,1756.498,1770.749,1751.83,1763.049
2017-08-10,1761.426,1777.189,1741.401,1753.669
2017-08-11,1741.995,1763.912,1738.143,1742.139
2017-08-14,1745.008,1794.073,1745.008,1793.482
2017-08-15,1796.237,1803.192,1785.621,1798.569
2017-08-16,1797.046,1835.623,1792.72,1825.187
2017-08-17,1819.426,1845.245,1816.143,1833.398
2017-08-18,1822.07,1835.672,1817.639,1821.803
2017-08-21,1823.368,1834.663,1818.86,1829.217
2017-08-22,1829.398,1831.657,1811.97,1814.915
2017-08-23,1813.429,1818.653,1801.151,1807.366
2017-08-24,1807.846,1812.082,1792.698,1795.739
2017-08-25,1794.704,1814.539,1794.704,1812.878
2017-08-28,1815.835,1856.215,1815.835,1842.828
2017-08-29,1842.149,1850.818,1828.535,1831.591
2017-08-30,1830.704,1849.24,1830.545,1838.631
2017-08-31,1841.0,1850.809,1839.811,1849.379
2017-09-01,1850.023,1865.815,1840.521,1865.25
2017-09-04,1863.024,1888.98,1858.386,1883.618
2017-09-05,1881.674,1891.792,1873.164,1885.162
2017-09-06,1880.701,1902.857,1877.272,1902.857
2017-09-07,1904.538,1917.958,1889.329,1890.382
2017-09-08,1888.395,1895.864,1872.912,1885.274
2017-09-11,1883.654,1896.375,1880.139,1896.375
2017-09-12,1897.519,1904.304,1882.569,1884.484
2017-09-13,1884.537,1888.439,1874.871,1888.432
2017-09-14,1887.362,1892.991,1874.22,1879.252
2017-09-15,1877.17,1882.532,1869.63,1875.635
2017-09-18,1874.45,1894.813,1873.966,1894.802
2017-09-19,1896.62,1901.272,1877.145,1880.296
2017-09-20,1878.565,1892.669,1876.681,1892.669
2017-09-21,1892.946,1898.207,1872.652,1872.77
2017-09-22,1869.109,1871.24,1854.939,1866.425
2017-09-25,1864.864,1869.385,1841.364,1843.621
2017-09-26,1840.479,1848.137,1826.918,1839.455
2017-09-27,1840.165,1857.332,1840.165,1854.943
2017-09-28,1853.377,1864.246,1852.459,1854.734
2017-09-29,1858.058,1866.982,1856.865,1866.982
2017-10-09,1889.887,1894.906,1880.394,1889.838
2017-10-10,1890.664,1917.458,1887.473,1917.458
2017-10-11,1918.35,1924.0,1899.962,1901.551
2017-10-12,1900.873,1909.478,1889.44,1899.986
2017-10-13,1901.175,1927.019,1898.344,1926.074
2017-10-16,1920.937,1921.639,1882.686,1882.686
2017-10-17,1876.692,1888.617,1868.917,1876.991
2017-10-18,1878.291,1890.322,1867.827,1868.159
2017-10-19,1865.929,1876.671,1855.355,1862.611
2017-10-20,1858.622,1880.214,1856.101,1880.214
2017-10-23,1881.409,1900.376,1878.344,1898.759
2017-10-24,1895.438,1901.693,1882.682,1901.693
2017-10-25,1898.626,1913.264,1893.943,1913.264
2017-10-26,1911.854,1918.792,1902.272,1910.722
2017-10-27,1909.567,1910.931,1895.259,1896.224
2017-10-30,1894.861,1902.053,1848.038,1855.986
2017-10-31,1855.941,1869.787,1855.227,1869.787
2017-11-01,1867.987,1881.486,1866.521,1872.746
2017-11-02,1869.722,1869.722,1847.408,1847.565
2017-11-03,1843.797,1856.216,1825.292,1832.967
2017-11-06,1831.897,1850.303,1818.41,1850.303
2017-11-07,1849.319,1859.111,1843.918,1859.068
2017-11-08,1858.643,1881.047,1856.39,1866.142
2017-11-09,1864.249,1884.112,1858.73,1884.112
2017-11-10,1882.725,1905.059,1882.278,1900.631
2017-11-13,1904.584,1911.17,1895.873,1906.437
2017-11-14,1908.043,1912.487,1888.862,1896.721
2017-11-15,1892.653,1894.606,1861.587,1868.081
2017-11-16,1865.72,1883.022,1859.773,1878.26
2017-11-17,1879.426,1884.016,1831.012,1833.895
2017-11-20,1819.167,1859.75,1795.686,1859.75
2017-11-21,1856.729,1871.705,1844.415,1856.961
2017-11-22,1854.581,1867.788,1837.297,1853.378
2017-11-23,1848.22,1848.22,1793.491,1794.781
2017-11-24,1789.514,1804.214,1782.597,1782.657
2017-11-27,1781.222,1794.01,1758.449,1760.9
2017-11-28,1761.525,1794.137,1761.525,1793.868
2017-11-29,1793.276,1795.514,1767.632,1787.382
2017-11-30,1783.233,1792.141,1765.296,1770.302
2017-12-01,1772.043,1808.69,1771.889,1804.622
2017-12-04,1803.034,1812.4,1795.132,1797.765
2017-12-05,1794.703,1799.875,1746.123,1758.59
2017-12-06,1755.768,1784.822,1744.493,1784.315
2017-12-07,1780.975,1791.055,1774.995,1776.99
2017-12-08,1776.265,1803.362,1776.265,1792.155
2017-12-11,1800.133,1816.985,1800.133,1816.985
2017-12-12,1818.409,1821.484,1798.691,1798.691
2017-12-13,1795.474,1806.188,1787.706,1806.09
2017-12-14,1804.19,1809.671,1787.672,1794.344
2017-12-15,1793.24,1801.414,1780.267,1783.973
2017-12-18,1784.415,1790.868,1773.319,1780.644
2017-12-19,1781.808,1802.577,1781.808,1798.502
2017-12-20,1798.357,1799.365,1779.682,1782.413
2017-12-21,1776.452,1796.583,1762.979,1789.736
2017-12-22,1788.657,1795.068,1778.609,1779.339
2017-12-25,1778.959,1780.517,1751.906,1755.806
2017-12-26,1755.144,1760.464,1742.258,1758.821
2017-12-27,1756.036,1760.424,1743.773,1745.236
2017-12-28,1742.468,1759.104,1742.021,1745.017
2017-12-29,1745.948,1753.984,1741.001,1752.652
2018-01-02,1759.02,1770.011,1748.531,1769.672
2018-01-03,1770.035,1798.78,1766.337,1795.383
2018-01-04,1790.653,1795.253,1788.537,1794.609
2018-01-05,1797.258,1804.878,1795.255,1801.418
2018-01-08,1801.176,1806.156,1785.38,1806.156
2018-01-09,1803.364,1808.658,1799.419,1803.586
2018-01-10,1803.601,1804.726,1780.099,1791.084
2018-01-11,1787.385,1807.151,1776.009,1804.235
2018-01-12,1800.886,1802.522,1785.608,1785.705
2018-01-15,1778.794,1780.195,1727.005,1732.623
2018-01-16,1729.559,1740.845,1720.649,1729.597
2018-01-17,1722.452,1750.063,1697.624,1742.034
2018-01-18,1735.459,1754.616,1734.775,1738.002
2018-01-19,1735.03,1745.592,1726.527,1728.14
2018-01-22,1726.317,1776.181,1715.427,1768.214
2018-01-23,1767.33,1776.495,1760.339,1767.829
2018-01-24,1763.686,1817.084,1752.304,1813.275
2018-01-25,1811.114,1852.226,1807.515,1810.835
2018-01-26,1809.131,1830.547,1809.131,1816.8
2018-01-29,1811.542,1826.097,1791.578,1799.771
2018-01-30,1794.328,1808.011,1779.33,1782.399
2018-01-31,1766.767,1767.777,1732.98,1735.057
2018-02-01,1735.663,1746.545,1697.39,1697.39
2018-02-02,1683.179,1726.89,1676.243,1702.426
2018-02-05,1678.187,1698.281,1674.975,1688.272
2018-02-06,1653.447,1675.563,1597.886,1598.116
2018-02-07,1632.872,1637.777,1571.47,1616.4
2018-02-08,1608.729,1651.586,1608.631,1641.431
2018-02-09,1598.475,1629.356,1576.886,1592.51
2018-02-12,1604.562,1654.654,1604.562,1648.072
2018-02-13,1657.128,1669.079,1644.865,1648.582
2018-02-14,1649.573,1652.009,1633.762,1646.771
2018-02-22,1661.559,1679.794,1650.875,1677.765
2018-02-23,1674.624,1681.245,1656.953,1668.834
2018-02-26,1683.146,1733.708,1673.953,1729.153
2018-02-27,1729.937,1757.374,1728.311,1743.541
2018-02-28,1730.152,1773.733,1723.395,1753.627
2018-03-01,1744.34,1789.849,1741.028,1789.849
2018-03-02,1777.458,1804.25,1767.901,1772.005
2018-03-05,1780.822,1795.693,1768.881,1795.693
2018-03-06,1798.035,1810.256,1790.543,1797.609
2018-03-07,1795.174,1800.451,1780.296,1785.27
2018-03-08,1783.104,1795.817,1781.456,1793.222
2018-03-09,1794.254,1858.028,1793.924,1856.455
2018-03-12,1872.028,1901.151,1872.028,1882.409
2018-03-13,1879.626,1896.504,1863.16,1872.678
2018-03-14,1863.573,1874.153,1840.349,1841.289
2018-03-15,1833.77,1848.715,1812.481,1848.71
2018-03-16,1847.178,1857.15,1821.322,1821.322
2018-03-19,1822.603,1860.202,1818.62,1842.92
2018-03-20,1828.006,1867.459,1825.675,1864.62
2018-03-21,1866.81,1877.134,1829.913,1829.913
2018-03-22,1830.559,1841.403,1814.686,1817.228
2018-03-23,1751.743,1792.231,1710.403,1726.021
2018-03-26,1704.355,1781.837,1693.734,1780.609
2018-03-27,1799.147,1846.541,1797.087,1844.693
2018-03-28,1819.656,1856.885,1816.437,1835.154
2018-03-29,1843.442,1857.325,1825.968,1842.187
2018-03-30,1850.201,1900.957,1849.247,1900.482
2018-04-02,1911.566,1918.218,1891.958,1900.255
2018-04-03,1869.872,1886.975,1850.01,1872.47
2018-04-04,1880.329,1887.114,1834.674,1836.813
2018-04-09,1830.878,1862.966,1819.094,1841.653
2018-04-10,1838.885,1842.22,1811.348,1835.52
2018-04-11,1840.09,1857.917,1832.423,1834.626
2018-04-12,1830.908,1848.631,1826.692,1826.89
2018-04-13,1840.868,1848.916,1822.659,1824.594
2018-04-16,1818.253,1852.082,1816.323,1838.709
2018-04-17,1843.747,1849.687,1783.741,1783.741
2018-04-18,1793.829,1832.987,1757.391,1822.264
2018-04-19,1815.447,1839.127,1812.934,1820.281
2018-04-20,1813.754,1830.726,1781.215,1782.808
2018-04-23,1784.146,1794.682,1729.899,1753.048
2018-04-24,1753.643,1806.902,1749.179,1806.861
2018-04-25,1798.002,1825.234,1795.787,1819.406
2018-04-26,1818.694,1819.428,1780.615,1781.276
2018-04-27,1790.304,1813.568,1779.175,1805.596
2018-05-02,1814.625,1833.27,1788.011,1801.571
2018-05-03,1797.117,1827.767,1767.604,1826.791
2018-05-04,1821.022,1832.958,1812.069,1814.855
2018-05-07,1819.665,1854.303,1819.015,1852.336
2018-05-08,1852.686,1857.947,1842.626,1856.868
2018-05-09,1853.83,1861.936,1845.903,1855.809
2018-05-10,1857.985,1866.815,1846.111,1865.359
2018-05-11,1866.931,1870.004,1834.78,1834.78
2018-05-14,1835.696,1844.651,1825.695,1830.98
2018-05-15,1830.837,1858.986,1825.505,1858.011
2018-05-16,1850.009,1862.288,1845.087,1846.675
2018-05-17,1845.278,1851.12,1826.232,1831.204
2018-05-18,1829.063,1839.001,1812.656,1836.754
2018-05-21,1845.764,1870.57,1845.764,1862.481
2018-05-22,1860.631,1876.156,1858.114,1875.999
2018-05-23,1869.5,1876.202,1845.81,1845.973
2018-05-24,1847.811,1855.988,1837.439,1838.403
2018-05-25,1835.415,1841.639,1804.549,1804.549
2018-05-28,1804.784,1815.221,1788.035,1796.913
2018-05-29,1795.724,1815.2,1773.623,1773.646
2018-05-30,1744.241,1758.866,1724.28,1726.219
2018-05-31,1741.325,1748.528,1714.848,1743.743
2018-06-01,1734.35,1744.011,1699.684,1709.548
2018-06-04,1709.569,1715.415,1690.991,1702.93
2018-06-05,1702.366,1747.747,1702.366,1746.113
2018-06-06,1744.166,1751.97,1735.374,1743.248
2018-06-07,1747.932,1750.506,1728.061,1730.375
2018-06-08,1726.302,1727.487,1698.246,1711.522
2018-06-11,1707.14,1708.205,1684.314,1688.618
2018-06-12,1692.668,1715.661,1680.996,1712.768
2018-06-13,1711.53,1711.53,1685.895,1685.895
2018-06-14,1682.836,1702.686,1669.381,1673.319
2018-06-15,1673.904,1681.889,1636.698,1641.663
2018-06-19,1612.901,1626.868,1532.323,1547.145
2018-06-20,1540.61,1577.623,1525.285,1563.792
2018-06-21,1562.369,1570.598,1521.562,1521.676
2018-06-22,1514.042,1555.72,1506.617,1549.661
2018-06-25,1563.744,1566.777,1537.27,1538.565
2018-06-26,1518.5,1570.276,1515.269,1564.917
2018-06-27,1564.287,1572.607,1542.516,1546.231
2018-06-28,1544.645,1570.896,1540.89,1543.664
2018-06-29,1547.149,1609.735,1547.149,1606.715
2018-07-02,1605.21,1614.341,1572.562,1588.374
2018-07-03,1589.499,1613.826,1558.001,1607.122
2018-07-04,1595.888,1596.001,1557.542,1565.61
2018-07-05,1560.976,1576.991,1532.429,1532.679
2018-07-06,1532.051,1571.016,1517.061,1541.313
2018-07-09,1546.012,1582.532,1546.012,1581.93
2018-07-10,1583.743,1594.001,1577.392,1592.976
2018-07-11,1562.591,1577.172,1540.704,1563.009
2018-07-12,1563.788,1620.644,1563.788,1614.632
2018-07-13,1612.188,1626.273,1608.604,1618.463
2018-07-16,1614.562,1624.329,1605.212,1616.912
2018-07-17,1615.842,1622.085,1597.882,1621.632
2018-07-18,1622.287,1635.907,1607.884,1607.884
2018-07-19,1607.929,1619.394,1582.966,1590.063
2018-07-20,1589.308,1615.058,1578.801,1609.548
2018-07-23,1592.24,1621.174,1589.641,1620.973
2018-07-24,1615.72,1641.968,1607.541,1629.61
2018-07-25,1629.127,1645.445,1626.086,1632.32
2018-07-26,1631.455,1635.053,1601.464,1606.115
2018-07-27,1601.269,1607.3,1590.43,1594.567
2018-07-30,1593.604,1596.731,1554.038,1559.641
2018-07-31,1557.6,1571.874,1551.094,1561.258
2018-08-01,1568.123,1580.835,1541.86,1541.86
2018-08-02,1538.284,1538.937,1484.481,1510.088
2018-08-03,1512.566,1523.244,1481.606,1481.606
2018-08-06,1471.356,1485.852,1434.787,1440.796
2018-08-07,1445.617,1482.028,1435.093,1479.441
2018-08-08,1475.323,1480.282,1446.814,1447.757
2018-08-09,1443.873,1509.868,1443.297,1497.606
2018-08-10,1496.105,1514.508,1496.105,1511.707
2018-08-13,1494.315,1534.123,1490.822,1531.34
2018-08-14,1530.452,1533.071,1512.164,1518.491
2018-08-15,1518.284,1519.715,1472.441,1478.506
2018-08-16,1458.392,1489.337,1449.927,1463.872
2018-08-17,1475.887,1480.425,1432.063,1434.306
2018-08-20,1428.26,1444.0,1404.189,1435.69
2018-08-21,1435.361,1461.381,1431.844,1456.972
2018-08-22,1454.706,1457.785,1437.258,1439.552
2018-08-23,1439.659,1463.016,1438.278,1455.502
2018-08-24,1450.952,1460.653,1442.814,1450.091
2018-08-27,1455.656,1495.679,1454.28,1493.433
2018-08-28,1495.903,1499.678,1485.536,1493.106
2018-08-29,1491.776,1491.776,1475.969,1481.192
2018-08-30,1479.849,1484.165,1456.244,1457.916
2018-08-31,1450.473,1455.514,1434.314,1435.2
2018-09-03,1433.629,1445.298,1416.244,1443.688
2018-09-04,1442.275,1461.108,1430.658,1455.503
2018-09-05,1450.391,1457.594,1430.24,1430.24
2018-09-06,1424.465,1443.563,1416.574,1422.87
2018-09-07,1426.976,1453.091,1415.174,1425.229
2018-09-10,1424.014,1427.334,1390.14,1390.823
2018-09-11,1389.539,1405.979,1383.131,1395.167
2018-09-12,1394.163,1406.403,1382.842,1385.796
2018-09-13,1401.963,1408.874,1369.511,1391.279
2018-09-14,1394.085,1396.471,1366.565,1366.565
2018-09-17,1360.719,1365.397,1345.58,1349.776
2018-09-18,1348.111,1379.384,1347.117,1377.303
2018-09-19,1375.21,1405.711,1369.474,1392.403
2018-09-20,1391.25,1400.04,1384.711,1387.619
2018-09-21,1393.675,1413.565,1382.405,1411.119
2018-09-25,1401.863,1416.778,1398.4,1405.806
2018-09-26,1409.022,1430.119,1403.556,1420.75
2018-09-27,1418.369,1423.391,1399.147,1400.359
2018-09-28,1403.956,1412.948,1394.254,1411.34
2018-10-08,1380.653,1388.159,1353.231,1353.671
2018-10-09,1357.967,1365.828,1338.73,1345.953
2018-10-10,1350.682,1358.487,1333.838,1346.704
2018-10-11,1299.167,1311.841,1255.42,1261.883
2018-10-12,1253.918,1276.586,1230.402,1268.406
2018-10-15,1268.878,1282.288,1249.201,1250.218
2018-10-16,1249.559,1252.043,1210.102,1216.687
2018-10-17,1231.001,1237.77,1204.078,1231.861
2018-10-18,1220.288,1230.132,1205.031,1205.031
2018-10-19,1186.49,1252.689,1184.907,1249.89
2018-10-22,1270.499,1329.554,1270.49,1314.945
2018-10-23,1313.68,1321.971,1281.112,1292.056
2018-10-24,1285.863,1303.229,1277.593,1284.102
2018-10-25,1245.299,1279.94,1239.592,1273.603
2018-10-26,1283.068,1290.567,1257.501,1263.188
2018-10-29,1262.54,1271.351,1245.145,1250.48
2018-10-30,1248.669,1279.04,1222.625,1259.948
2018-10-31,1263.341,1287.346,1259.662,1275.574
2018-11-01,1291.882,1312.769,1286.327,1286.327
2018-11-02,1328.46,1349.427,1320.737,1348.279
2018-11-05,1347.471,1371.427,1325.02,1348.876
2018-11-06,1346.526,1350.823,1327.397,1349.109
2018-11-07,1349.618,1367.274,1345.198,1345.768
2018-11-08,1357.888,1359.29,1328.992,1329.591
2018-11-09,1321.325,1337.394,1318.208,1322.831
2018-11-12,1322.867,1370.874,1320.52,1368.791
2018-11-13,1356.623,1400.869,1353.627,1392.055
2018-11-14,1388.233,1401.428,1382.787,1385.732
2018-11-15,1382.344,1405.389,1381.289,1405.248
2018-11-16,1406.727,1415.383,1390.811,1403.283
2018-11-19,1399.005,1403.943,1380.601,1394.4
2018-11-20,1384.176,1385.96,1352.735,1355.334
2018-11-21,1344.4,1364.761,1342.158,1363.028
2018-11-22,1365.483,1371.392,1349.991,1353.924
2018-11-23,1355.171,1355.171,1306.563,1308.739
2018-11-26,1309.468,1316.469,1296.034,1304.557
2018-11-27,1314.086,1322.412,1307.203,1315.433
2018-11-28,1314.532,1341.514,1305.016,1341.083
2018-11-29,1347.743,1351.975,1312.716,1312.716
2018-11-30,1309.888,1332.935,1304.656,1329.389
2018-12-03,1365.898,1380.824,1358.1,1372.794
2018-12-04,1370.291,1378.985,1366.487,1378.754
2018-12-05,1359.266,1391.028,1355.697,1381.767
2018-12-06,1371.345,1376.32,1342.808,1345.761
2018-12-07,1344.129,1349.261,1334.391,1341.019
2018-12-10,1328.06,1340.156,1325.91,1326.848
2018-12-11,1332.522,1339.02,1328.439,1338.079
2018-12-12,1343.903,1347.744,1335.348,1338.731
2018-12-13,1341.554,1357.024,1327.024,1348.504
2018-12-14,1346.902,1346.902,1309.435,1310.458
2018-12-17,1303.882,1306.953,1284.663,1299.175
2018-12-18,1293.154,1307.902,1282.956,1293.335
2018-12-19,1295.886,1296.863,1265.747,1268.814
2018-12-20,1266.759,1282.107,1265.88,1278.157
2018-12-21,1274.04,1279.495,1259.813,1270.304
2018-12-24,1267.227,1285.69,1263.566,1284.332
2018-12-25,1269.142,1279.704,1243.967,1273.447
2018-12-26,1272.241,1280.357,1262.34,1264.07
2018-12-27,1283.171,1285.522,1246.794,1248.077
2018-12-28,1248.055,1253.844,1236.277,1250.525
2019-01-02,1250.623,1251.225,1226.873,1228.767
2019-01-03,1226.745,1240.286,1213.873,1214.497
2019-01-04,1203.673,1246.394,1201.804,1245.157
2019-01-07,1250.403,1270.358,1244.82,1268.058
2019-01-08,1262.197,1270.429,1258.566,1263.51
2019-01-09,1263.733,1285.311,1258.623,1262.517
2019-01-10,1262.105,1270.662,1255.745,1258.989
2019-01-11,1260.003,1266.673,1252.298,1261.56
2019-01-14,1263.024,1264.044,1243.527,1245.999
2019-01-15,1243.935,1267.647,1238.591,1266.275
2019-01-16,1267.136,1277.274,1262.271,1267.305
2019-01-17,1267.821,1267.821,1251.153,1251.414
2019-01-18,1255.595,1270.003,1248.854,1269.505
2019-01-21,1271.392,1283.142,1266.802,1274.789
2019-01-22,1273.472,1273.472,1247.448,1252.239
2019-01-23,1250.833,1255.414,1244.939,1251.127
2019-01-24,1252.385,1272.488,1248.061,1265.161
2019-01-25,1266.63,1276.985,1261.406,1265.494
2019-01-28,1272.367,1279.822,1257.533,1259.743
2019-01-29,1259.803,1259.803,1229.484,1243.592
2019-01-30,1238.281,1248.959,1230.819,1230.819
2019-01-31,1230.999,1243.586,1220.95,1227.988
2019-02-01,1233.384,1272.193,1233.384,1271.275
2019-02-11,1275.22,1319.177,1274.732,1316.098
2019-02-12,1316.907,1336.139,1314.915,1332.27
2019-02-13,1335.164,1362.638,1333.105,1357.666
2019-02-14,1357.776,1369.784,1349.473,1361.938
2019-02-15,1360.757,1371.965,1355.778,1357.836
2019-02-18,1364.939,1413.774,1364.939,1413.6
2019-02-19,1419.036,1427.135,1391.566,1406.037
2019-02-20,1406.991,1417.889,1387.903,1408.382
2019-02-21,1405.518,1452.385,1401.771,1412.535
2019-02-22,1409.861,1456.305,1407.288,1456.299
2019-02-25,1487.304,1538.158,1481.172,1536.371
2019-02-26,1549.24,1581.834,1532.44,1546.987
2019-02-27,1544.163,1555.586,1503.677,1520.419
2019-02-28,1522.631,1549.327,1519.756,1535.68
2019-03-01,1558.898,1568.319,1532.454,1567.873
2019-03-04,1596.554,1651.014,1593.256,1619.71
2019-03-05,1615.592,1676.566,1613.498,1676.566
2019-03-06,1684.972,1704.1,1661.011,1700.496
2019-03-07,1699.6,1719.145,1666.373,1692.416
2019-03-08,1647.848,1718.384,1635.45,1654.485
2019-03-11,1673.405,1728.331,1656.14,1727.801
2019-03-12,1733.427,1789.155,1733.427,1773.432
2019-03-13,1769.547,1769.547,1682.359,1693.86
2019-03-14,1676.614,1700.516,1628.635,1650.186
2019-03-15,1667.778,1685.079,1642.698,1662.623
2019-03-18,1671.28,1707.056,1652.882,1707.056
2019-03-19,1706.194,1730.351,1693.542,1708.874
2019-03-20,1701.731,1705.59,1654.303,1687.9
2019-03-21,1683.55,1716.445,1677.655,1703.854
2019-03-22,1703.966,1703.966,1660.331,1693.865
2019-03-25,1662.757,1695.094,1658.447,1668.841
2019-03-26,1680.776,1684.359,1627.227,1630.19
2019-03-27,1640.205,1645.564,1616.6,1637.773
2019-03-28,1632.038,1659.945,1624.007,1626.819
2019-03-29,1633.38,1693.547,1628.743,1693.547
2019-04-01,1710.158,1766.367,1710.158,1760.892
2019-04-02,1771.687,1774.979,1747.442,1754.156
2019-04-03,1743.993,1769.756,1739.142,1768.178
2019-04-04,1780.276,1784.472,1761.047,1777.263
2019-04-08,1787.957,1792.028,1720.003,1739.655
2019-04-09,1734.177,1753.523,1721.319,1741.171
2019-04-10,1727.972,1740.849,1714.641,1726.636
2019-04-11,1727.219,1732.615,1688.102,1691.104
2019-04-12,1692.428,1702.351,1683.292,1695.729
2019-04-15,1721.637,1726.204,1666.652,1666.897
2019-04-16,1656.762,1697.529,1638.297,1697.529
2019-04-17,1699.194,1729.209,1697.966,1717.437
2019-04-18,1715.179,1719.964,1702.928,1704.547
2019-04-19,1704.722,1715.795,1692.49,1715.795
2019-04-22,1720.776,1723.557,1690.635,1697.512
2019-04-23,1695.268,1706.077,1677.728,1683.8
2019-04-24,1690.279,1721.421,1676.638,1718.846
2019-04-25,1709.829,1723.662,1669.236,1669.978
2019-04-26,1664.043,1682.458,1653.691,1657.824
2019-04-29,1658.192,1661.059,1611.216,1615.616
2019-04-30,1612.109,1634.712,1608.721,1623.782
2019-05-06,1551.719,1563.611,1487.452,1494.886
2019-05-07,1506.972,1523.659,1474.498,1504.164
2019-05-08,1469.238,1515.156,1465.088,1481.873
2019-05-09,1470.977,1491.378,1466.973,1469.475
2019-05-10,1489.186,1535.164,1463.194,1533.871
2019-05-13,1513.961,1523.877,1494.48,1503.065
2019-05-14,1492.902,1517.666,1491.438,1494.603
2019-05-15,1509.452,1533.728,1503.672,1528.691
2019-05-16,1528.627,1537.592,1515.613,1533.67
2019-05-17,1537.446,1537.446,1472.458,1478.748
2019-05-20,1478.201,1481.189,1450.28,1469.311
2019-05-21,1469.969,1504.214,1465.877,1493.716
2019-05-22,1493.657,1503.811,1477.459,1488.627
2019-05-23,1486.95,1486.95,1449.142,1451.245
2019-05-24,1452.043,1465.236,1437.928,1443.747
2019-05-27,1447.98,1496.789,1445.792,1491.952
2019-05-28,1497.117,1506.775,1483.756,1505.163
2019-05-29,1492.579,1507.176,1488.044,1497.892
2019-05-30,1494.349,1495.24,1466.832,1485.242
2019-05-31,1487.276,1498.244,1474.525,1483.658
2019-06-03,1489.429,1499.006,1466.273,1468.982
2019-06-04,1467.586,1476.209,1448.001,1456.268
2019-06-05,1471.954,1475.542,1448.994,1451.177
2019-06-06,1450.1,1450.1,1411.614,1416.055
2019-06-10,1422.343,1441.173,1410.57,1431.337
2019-06-11,1432.949,1488.927,1430.088,1487.35
2019-06-12,1481.42,1486.603,1467.537,1473.901
2019-06-13,1474.553,1485.715,1464.843,1479.83
2019-06-14,1478.527,1489.467,1451.656,1453.958
2019-06-17,1450.559,1459.207,1437.136,1442.348
2019-06-18,1443.649,1460.189,1437.043,1455.746
2019-06-19,1501.254,1504.414,1469.589,1469.987
2019-06-20,1469.814,1507.622,1463.823,1498.014
2019-06-21,1531.386,1534.491,1515.907,1523.809
2019-06-24,1526.696,1526.696,1507.688,1514.465
2019-06-25,1512.927,1512.927,1480.268,1498.465
2019-06-26,1490.564,1511.534,1487.755,1504.549
2019-06-27,1510.091,1529.722,1507.97,1525.244
2019-06-28,1523.792,1523.792,1501.632,1511.507
2019-07-01,1545.061,1568.399,1534.555,1568.16
2019-07-02,1565.987,1577.028,1560.599,1570.512
2019-07-03,1566.301,1566.301,1538.367,1544.357
2019-07-04,1548.558,1551.141,1525.293,1532.744
2019-07-05,1535.481,1551.936,1532.863,1547.737
2019-07-08,1547.598,1547.598,1495.227,1506.661
2019-07-09,1507.386,1521.71,1501.741,1517.793
2019-07-10,1521.946,1523.806,1504.659,1510.435
2019-07-11,1522.807,1531.637,1507.705,1514.199
2019-07-12,1517.039,1525.691,1506.703,1518.074
2019-07-15,1512.768,1556.046,1496.813,1547.468
2019-07-16,1545.337,1551.992,1538.619,1545.273
2019-07-17,1544.421,1563.048,1541.37,1550.217
2019-07-18,1542.433,1542.661,1524.479,1524.479
2019-07-19,1532.377,1552.741,1532.377,1541.981
2019-07-22,1545.913,1545.927,1511.521,1515.965
2019-07-23,1519.629,1535.043,1516.858,1534.926
2019-07-24,1539.232,1562.13,1538.671,1553.718
2019-07-25,1552.853,1567.329,1549.491,1566.077
2019-07-26,1562.203,1565.437,1552.39,1561.855
2019-07-29,1561.269,1566.744,1556.385,1566.524
2019-07-30,1568.162,1593.694,1566.6,1580.129
2019-07-31,1577.196,1578.754,1567.995,1570.393
2019-08-01,1562.533,1578.859,1561.201,1573.866
2019-08-02,1539.92,1559.121,1536.402,1556.744
2019-08-05,1552.35,1566.73,1531.372,1531.372
2019-08-06,1501.396,1517.676,1478.543,1507.911
2019-08-07,1520.582,1523.618,1500.074,1500.251
2019-08-08,1512.272,1526.182,1511.343,1522.974
2019-08-09,1532.975,1536.252,1504.893,1507.706
2019-08-12,1511.32,1539.913,1506.68,1539.913
2019-08-13,1526.078,1535.98,1519.013,1524.357
2019-08-14,1546.209,1551.444,1534.848,1536.66
2019-08-15,1507.954,1556.012,1505.429,1555.773
2019-08-16,1554.719,1584.379,1553.821,1567.993
2019-08-19,1586.009,1622.844,1581.708,1622.844
2019-08-20,1624.801,1630.316,1607.405,1611.593
2019-08-21,1614.302,1616.077,1605.401,1609.833
2019-08-22,1614.127,1615.611,1599.309,1613.458
2019-08-23,1614.543,1623.187,1605.014,1615.559
2019-08-26,1588.553,1608.196,1587.896,1600.795
2019-08-27,1611.902,1646.87,1610.003,1628.121
2019-08-28,1629.986,1632.694,1617.252,1625.188
2019-08-29,1625.955,1632.957,1615.572,1620.861
2019-08-30,1630.052,1637.264,1600.453,1610.898
2019-09-02,1614.029,1655.419,1610.811,1652.288
2019-09-03,1656.05,1662.375,1646.924,1660.427
2019-09-04,1656.59,1669.41,1650.035,1669.41
2019-09-05,1682.438,1708.971,1682.438,1689.054
2019-09-06,1699.664,1700.192,1674.667,1692.239
2019-09-09,1702.986,1733.23,1691.941,1733.23
2019-09-10,1733.628,1734.973,1715.75,1725.308
2019-09-11,1730.35,1736.178,1700.908,1703.538
2019-09-12,1713.591,1715.335,1695.295,1710.572
2019-09-16,1715.922,1723.112,1703.377,1714.368
2019-09-17,1710.767,1710.767,1671.073,1677.987
2019-09-18,1683.148,1687.114,1668.657,1679.306
2019-09-19,1684.933,1706.864,1676.504,1705.599
2019-09-20,1709.226,1716.84,1701.402,1705.047
2019-09-23,1699.344,1699.344,1669.887,1684.324
2019-09-24,1685.12,1706.822,1678.183,1694.596
2019-09-25,1686.19,1689.234,1670.684,1672.646
2019-09-26,1677.793,1680.925,1623.651,1623.791
2019-09-27,1628.14,1653.057,1624.748,1647.533
2019-09-30,1648.896,1651.869,1626.054,1627.545
2019-10-08,1631.915,1638.716,1615.163,1616.584
2019-10-09,1613.021,1623.184,1601.809,1622.415
2019-10-10,1632.218,1668.174,1627.433,1666.966
2019-10-11,1667.954,1675.736,1654.564,1666.834
2019-10-14,1678.79,1690.94,1671.094,1679.378
2019-10-15,1676.243,1676.243,1659.107,1660.887
2019-10-16,1660.996,1671.768,1655.304,1656.372
2019-10-17,1657.931,1664.096,1652.425,1658.259
2019-10-18,1662.611,1674.916,1644.268,1648.625
2019-10-21,1651.288,1651.288,1628.928,1644.508
2019-10-22,1649.761,1667.213,1647.308,1666.869
2019-10-23,1668.709,1672.434,1646.985,1650.29
2019-10-24,1650.787,1658.389,1640.161,1653.865
2019-10-25,1655.29,1677.026,1649.14,1675.34
2019-10-28,1687.373,1704.781,1684.105,1704.417
2019-10-29,1702.155,1706.307,1686.58,1686.58
2019-10-30,1684.597,1689.832,1672.103,1684.078
2019-10-31,1688.42,1693.387,1669.333,1671.312
2019-11-01,1667.856,1688.711,1663.614,1686.998
2019-11-04,1689.578,1707.107,1688.999,1699.919
2019-11-05,1704.063,1718.184,1695.401,1713.289
2019-11-06,1720.68,1721.096,1696.788,1703.017
2019-11-07,1698.634,1724.371,1695.337,1715.575
2019-11-08,1724.402,1731.003,1709.959,1711.216
2019-11-11,1699.172,1700.277,1671.667,1673.129
2019-11-12,1676.427,1679.728,1654.913,1671.442
2019-11-13,1673.546,1683.63,1666.571,1681.794
2019-11-14,1682.87,1696.728,1681.074,1692.583
2019-11-15,1692.084,1695.973,1674.784,1674.784
2019-11-18,1671.594,1683.456,1665.106,1682.492
2019-11-19,1685.752,1729.161,1683.57,1729.078
2019-11-20,1730.034,1745.094,1717.009,1719.665
2019-11-21,1713.444,1726.762,1706.885,1713.202
2019-11-22,1721.882,1736.83,1670.927,1679.803
2019-11-25,1682.226,1684.448,1652.541,1661.774
2019-11-26,1667.784,1679.727,1659.028,1679.082
2019-11-27,1671.146,1686.49,1659.005,1674.389
2019-11-28,1675.172,1683.247,1668.159,1673.795
2019-11-29,1670.391,1673.234,1647.288,1664.896
2019-12-02,1670.156,1680.241,1665.113,1669.536
2019-12-03,1664.785,1675.425,1647.67,1675.385
2019-12-04,1666.599,1683.788,1663.932,1673.779
2019-12-05,1681.249,1714.08,1679.402,1709.826
2019-12-06,1711.636,1726.801,1707.217,1726.801
2019-12-09,1733.478,1734.059,1715.39,1721.071
2019-12-10,1715.712,1734.024,1711.009,1734.022
2019-12-11,1730.399,1733.739,1713.895,1718.26
2019-12-12,1720.419,1733.746,1716.781,1720.986
2019-12-13,1738.558,1757.748,1733.123,1755.413
2019-12-16,1760.795,1780.333,1752.006,1780.333
2019-12-17,1782.985,1807.949,1780.52,1801.616
2019-12-18,1798.4,1804.378,1787.233,1792.418
2019-12-19,1792.709,1797.024,1781.029,1790.438
2019-12-20,1792.045,1798.382,1771.707,1771.707
2019-12-23,1763.727,1775.015,1735.724,1736.624
2019-12-24,1742.895,1769.885,1742.864,1769.869
2019-12-25,1766.223,1787.504,1764.809,1784.395
2019-12-26,1784.427,1793.635,1777.695,1793.635
2019-12-27,1795.41,1805.191,1767.173,1767.582
2019-12-30,1763.58,1790.912,1749.165,1790.239
2019-12-31,1790.796,1804.82,1787.451,1798.118
2020-01-02,1811.22,1839.41,1797.542,1832.742
2020-01-03,1836.864,1842.558,1821.667,1836.012
2020-01-06,1825.552,1876.464,1824.346,1859.921
2020-01-07,1866.261,1893.214,1866.261,1893.214
2020-01-08,1881.009,1892.577,1858.284,1862.699
2020-01-09,1884.422,1913.783,1884.422,1913.142
2020-01-10,1917.612,1917.828,1894.67,1904.194
2020-01-13,1905.399,1935.072,1893.566,1935.072
2020-01-14,1941.124,1945.767,1922.131,1922.557
2020-01-15,1920.661,1928.69,1902.608,1924.238
2020-01-16,1924.519,1936.035,1917.564,1929.961
2020-01-17,1935.296,1949.044,1928.351,1932.511
2020-01-20,1940.122,1982.176,1935.83,1982.176
2020-01-21,1979.373,1987.662,1959.442,1967.027
2020-01-22,1958.08,2004.393,1928.028,1993.899
2020-01-23,1973.331,1996.552,1904.275,1927.742
2020-02-03,1769.164,1830.808,1769.164,1795.774
2020-02-04,1786.16,1886.804,1786.16,1882.691
2020-02-05,1908.974,1966.26,1901.796,1939.62
2020-02-06,1934.98,2014.885,1918.661,2012.249
2020-02-07,2014.157,2025.319,1976.787,2015.799
2020-02-10,2019.314,2043.679,2007.225,2042.177
2020-02-11,2044.218,2046.812,2015.761,2028.444
2020-02-12,2024.379,2086.943,2022.676,2085.278
2020-02-13,2080.819,2093.368,2052.569,2064.596
2020-02-14,2063.306,2104.007,2049.257,2069.219
2020-02-17,2089.214,2146.177,2089.214,2146.177
2020-02-18,2149.298,2170.949,2134.342,2170.949
2020-02-19,2168.846,2171.955,2137.413,2139.437
2020-02-20,2151.42,2190.499,2140.055,2186.737
2020-02-21,2191.984,2247.417,2189.25,2226.639
2020-02-24,2223.19,2271.704,2213.822,2263.972
2020-02-25,2218.326,2293.463,2171.679,2287.312
2020-02-26,2248.653,2263.074,2173.204,2180.701
2020-02-27,2200.381,2233.763,2163.884,2196.714
2020-02-28,2114.319,2155.968,2068.93,2071.566
2020-03-02,2110.448,2153.217,2082.969,2135.415
2020-03-03,2190.498,2238.735,2151.523,2173.346
2020-03-04,2159.858,2180.425,2122.454,2169.443
2020-03-05,2206.082,2216.825,2176.49,2209.588
2020-03-06,2178.5,2220.364,2175.014,2192.936
2020-03-09,2151.27,2163.728,2091.855,2093.063
2020-03-10,2083.197,2151.45,2052.055,2148.81
2020-03-11,2157.931,2162.604,2100.507,2101.463
2020-03-12,2070.222,2076.009,2025.906,2045.926
2020-03-13,1937.946,2055.331,1937.946,2030.58
2020-03-16,2034.754,2036.734,1902.398,1910.767
2020-03-17,1941.202,1955.624,1847.51,1917.702
2020-03-18,1941.301,1980.789,1887.042,1887.042
2020-03-19,1898.763,1908.685,1838.313,1894.943
2020-03-20,1923.96,1928.879,1878.849,1915.046
2020-03-23,1856.303,1884.449,1819.77,1827.052
2020-03-24,1869.044,1880.865,1817.554,1876.91
2020-03-25,1924.991,1940.075,1915.528,1937.855
2020-03-26,1922.792,1948.631,1914.346,1927.275
2020-03-27,1955.871,1957.699,1902.788,1903.881
2020-03-30,1875.306,1877.501,1833.009,1860.484
2020-03-31,1876.688,1886.266,1862.856,1871.917
2020-04-01,1875.364,1900.183,1862.272,1864.8
2020-04-02,1860.075,1916.951,1857.323,1916.951
2020-04-03,1912.742,1928.339,1898.794,1906.675
2020-04-07,1944.964,1972.868,1942.798,1969.782
2020-04-08,1960.356,1974.723,1956.902,1964.757
2020-04-09,1981.239,2001.36,1975.038,1997.136
2020-04-10,1990.263,1994.354,1943.694,1949.885
2020-04-13,1929.797,1937.327,1913.955,1923.081
2020-04-14,1937.292,1985.426,1934.482,1985.426
2020-04-15,1991.598,2002.76,1975.796,1977.515
2020-04-16,1970.732,2012.463,1968.253,2008.388
2020-04-17,2025.652,2048.278,2015.835,2020.77
2020-04-20,2027.841,2043.556,2022.587,2043.437
2020-04-21,2035.77,2035.77,1996.962,2023.942
2020-04-22,2005.646,2043.558,2002.962,2043.171
2020-04-23,2053.124,2057.851,2027.334,2029.524
2020-04-24,2032.554,2038.236,1997.121,2003.748
2020-04-27,2011.158,2035.889,1995.505,2018.666
2020-04-28,2023.962,2046.932,1967.399,2030.724
2020-04-29,2022.506,2053.378,2020.983,2030.477
2020-04-30,2044.676,2077.807,2043.816,2069.432
2020-05-06,2052.389,2111.656,2051.292,2110.267
2020-05-07,2113.752,2116.227,2095.742,2106.842
2020-05-08,2117.866,2137.786,2112.887,2125.243
2020-05-11,2137.98,2139.665,2088.658,2102.825
2020-05-12,2106.223,2125.323,2092.578,2124.15
2020-05-13,2120.011,2145.024,2116.551,2140.681
2020-05-14,2131.46,2137.14,2116.352,2117.647
2020-05-15,2128.876,2138.968,2109.546,2124.311
2020-05-18,2122.307,2137.149,2096.254,2114.858
2020-05-19,2137.417,2144.983,2128.892,2144.121
2020-05-20,2149.292,2153.244,2112.086,2118.119
2020-05-21,2130.96,2138.72,2092.544,2099.432
2020-05-22,2099.416,2099.416,2036.678,2046.596
2020-05-25,2049.712,2055.186,2036.004,2052.302
2020-05-26,2070.139,2113.288,2067.144,2112.973
2020-05-27,2114.071,2114.859,2064.409,2071.473
2020-05-28,2071.168,2075.868,2021.98,2054.964
2020-05-29,2049.754,2090.296,2043.953,2086.666
2020-06-01,2105.242,2163.35,2105.242,2158.223
2020-06-02,2164.989,2164.989,2132.399,2145.286
2020-06-03,2151.498,2165.454,2139.993,2143.117
2020-06-04,2150.503,2157.278,2137.35,2151.385
2020-06-05,2152.418,2166.375,2143.28,2166.375
2020-06-08,2184.582,2186.974,2147.865,2153.564
2020-06-09,2160.343,2186.47,2147.173,2181.589
2020-06-10,2186.562,2205.268,2180.353,2201.988
2020-06-11,2202.14,2236.085,2181.588,2195.638
2020-06-12,2149.956,2220.972,2147.416,2206.764
2020-06-15,2223.425,2256.649,2217.286,2219.55
2020-06-16,2246.892,2261.179,2239.342,2260.458
2020-06-17,2265.087,2274.488,2248.72,2263.961
2020-06-18,2266.877,2270.112,2243.631,2266.032
2020-06-19,2271.652,2328.583,2271.589,2319.449
2020-06-22,2328.4,2358.913,2328.4,2342.88
2020-06-23,2344.052,2382.329,2335.219,2382.047
2020-06-24,2386.26,2397.363,2367.685,2382.473
2020-06-29,2375.993,2387.163,2360.161,2372.536
2020-06-30,2387.593,2441.9,2387.593,2438.197
2020-07-01,2449.865,2450.842,2381.593,2419.629
2020-07-02,2418.308,2435.117,2397.685,2424.393
2020-07-03,2426.302,2467.497,2407.998,2462.563
2020-07-06,2469.24,2535.714,2460.131,2529.487
2020-07-07,2548.408,2632.805,2538.822,2591.263
2020-07-08,2603.648,2653.071,2577.485,2651.969
2020-07-09,2649.451,2771.215,2646.466,2757.653
2020-07-10,2744.608,2799.0,2734.965,2778.457
2020-07-13,2789.976,2896.309,2789.976,2889.427
2020-07-14,2876.855,2892.888,2789.035,2858.672
2020-07-15,2866.242,2894.424,2787.827,2813.061
2020-07-16,2814.798,2849.101,2638.166,2646.26
2020-07-17,2659.445,2726.278,2618.684,2662.402
2020-07-20,2707.613,2717.001,2619.029,2697.301
2020-07-21,2708.135,2745.049,2692.872,2736.512
2020-07-22,2725.453,2807.415,2716.448,2769.028
2020-07-23,2740.414,2799.674,2707.546,2799.674
2020-07-24,2769.969,2781.79,2614.78,2627.843
2020-07-27,2639.256,2671.448,2605.769,2631.762
2020-07-28,2668.247,2677.736,2627.649,2666.521
2020-07-29,2659.939,2768.174,2652.903,2767.402
2020-07-30,2782.11,2787.382,2734.059,2743.634
2020-07-31,2747.41,2817.418,2741.442,2795.4
2020-08-03,2831.351,2870.65,2801.113,2868.882
2020-08-04,2863.318,2893.403,2819.007,2832.845
2020-08-05,2826.408,2875.439,2803.772,2860.241
2020-08-06,2868.823,2868.823,2774.689,2814.374
2020-08-07,2807.098,2823.974,2703.126,2749.953
2020-08-10,2735.432,2757.426,2693.727,2735.256
2020-08-11,2740.152,2774.901,2686.191,2688.7
2020-08-12,2689.576,2694.954,2577.712,2635.502
2020-08-13,2657.202,2660.706,2611.143,2622.64
2020-08-14,2624.834,2669.482,2615.632,2668.712
2020-08-17,2682.21,2696.696,2652.052,2696.392
2020-08-18,2702.421,2724.035,2689.029,2701.061
2020-08-19,2695.895,2695.895,2612.835,2612.835
2020-08-20,2592.876,2629.286,2578.392,2587.861
2020-08-21,2611.541,2644.021,2607.816,2632.452
2020-08-24,2653.632,2704.804,2592.659,2684.629
2020-08-25,2687.293,2737.47,2683.187,2701.604
2020-08-26,2701.483,2717.802,2635.132,2644.144
2020-08-27,2653.739,2699.884,2637.42,2689.17
2020-08-28,2687.231,2762.885,2680.492,2757.839
2020-08-31,2769.832,2779.519,2726.677,2728.313
2020-09-01,2721.18,2750.424,2701.558,2750.424
2020-09-02,2753.925,2785.349,2731.411,2771.85
2020-09-03,2766.984,2789.121,2738.127,2746.953
2020-09-04,2690.287,2739.899,2686.865,2732.155
2020-09-07,2728.742,2745.615,2628.863,2641.202
2020-09-08,2648.44,2663.686,2612.637,2650.629
2020-09-09,2609.129,2609.373,2506.898,2523.396
2020-09-10,2551.302,2565.848,2477.674,2483.031
2020-09-11,2474.703,2542.13,2474.703,2536.618
2020-09-14,2568.014,2604.385,2548.092,2572.601
2020-09-15,2578.693,2599.541,2563.071,2595.154
2020-09-16,2597.639,2597.639,2540.015,2554.8
2020-09-17,2551.289,2582.264,2521.603,2557.321
2020-09-18,2558.291,2600.584,2537.835,2596.082
2020-09-21,2605.554,2607.654,2565.042,2569.219
2020-09-22,2556.462,2596.808,2547.363,2555.544
2020-09-23,2563.713,2608.416,2549.338,2599.885
2020-09-24,2576.035,2583.625,2535.868,2535.868
2020-09-25,2551.445,2570.363,2529.128,2540.426
2020-09-28,2551.781,2555.019,2517.035,2521.246
2020-09-29,2538.364,2579.271,2521.698,2563.379
2020-09-30,2575.464,2601.803,2561.054,2574.758
2020-10-09,2632.592,2679.014,2629.221,2672.934
2020-10-12,2702.156,2777.388,2698.756,2777.388
2020-10-13,2769.662,2792.965,2754.153,2784.717
2020-10-14,2777.887,2793.485,2759.542,2764.244
2020-10-15,2767.171,2770.337,2735.338,2737.963
2020-10-16,2735.68,2754.35,2697.252,2724.497
2020-10-19,2750.946,2752.758,2684.462,2689.669
2020-10-20,2698.055,2740.583,2686.816,2740.583
2020-10-21,2746.728,2746.728,2689.34,2700.533
2020-10-22,2686.777,2686.889,2645.75,2673.585
2020-10-23,2680.707,2701.465,2592.42,2600.843
2020-10-26,2585.788,2629.313,2555.319,2617.743
2020-10-27,2618.696,2656.165,2613.075,2650.764
2020-10-28,2648.49,2684.949,2628.469,2670.481
2020-10-29,2635.693,2713.881,2631.231,2699.923
2020-10-30,2709.002,2712.452,2647.307,2655.865
2020-11-02,2670.516,2721.305,2664.764,2708.388
2020-11-03,2720.7,2750.474,2701.065,2744.314
2020-11-04,2747.541,2758.419,2725.522,2750.554
2020-11-05,2782.063,2791.566,2744.779,2787.878
2020-11-06,2798.554,2798.554,2708.079,2733.072
2020-11-09,2753.925,2831.368,2753.925,2813.998
2020-11-10,2811.485,2811.485,2757.953,2773.218
2020-11-11,2762.706,2766.645,2681.524,2681.524
2020-11-12,2705.761,2721.433,2687.762,2700.51
2020-11-13,2699.517,2717.46,2679.095,2706.813
2020-11-16,2716.021,2722.522,2679.099,2712.409
2020-11-17,2715.086,2715.694,2626.369,2658.092
2020-11-18,2656.889,2680.616,2612.823,2620.672
2020-11-19,2614.781,2651.368,2593.835,2645.161
2020-11-20,2649.559,2677.131,2649.559,2667.093
2020-11-23,2677.347,2705.768,2653.082,2686.358
2020-11-24,2689.798,2700.015,2664.953,2674.798
2020-11-25,2678.106,2679.032,2615.531,2615.531
2020-11-26,2616.74,2632.872,2584.691,2609.386
2020-11-27,2614.664,2635.694,2594.068,2618.991
2020-11-30,2627.867,2653.436,2593.703,2631.889
2020-12-01,2628.726,2700.28,2627.447,2698.443
2020-12-02,2697.444,2703.254,2662.177,2682.972
2020-12-03,2681.586,2721.848,2670.215,2712.518
2020-12-04,2701.369,2736.273,2696.947,2730.837
2020-12-07,2720.854,2739.765,2715.927,2726.483
2020-12-08,2736.029,2757.343,2735.834,2746.281
2020-12-09,2752.354,2763.414,2693.188,2697.826
2020-12-10,2689.215,2734.639,2675.458,2718.545
2020-12-11,2727.966,2733.938,2665.101,2687.781
2020-12-14,2695.191,2729.068,2674.508,2726.601
2020-12-15,2727.953,2761.319,2720.142,2758.854
2020-12-16,2764.337,2771.592,2732.578,2760.64
2020-12-17,2758.442,2789.248,2739.156,2785.615
2020-12-18,2787.776,2803.114,2768.468,2780.73
2020-12-21,2789.642,2882.443,2783.387,2882.443
2020-12-22,2867.21,2888.35,2809.922,2811.749
2020-12-23,2822.259,2865.472,2809.785,2842.97
2020-12-24,2838.938,2848.337,2811.928,2820.753
2020-12-25,2811.547,2841.567,2793.778,2840.801
2020-12-28,2847.12,2860.995,2823.003,2842.81
2020-12-29,2838.708,2843.715,2795.646,2812.997
2020-12-30,2828.014,2909.188,2827.067,2900.538
2020-12-31,2911.39,2969.753,2909.666,2966.256
2021-01-04,2977.321,3094.528,2963.414,3078.111
2021-01-05,3050.183,3100.001,3027.756,3097.977
2021-01-06,3113.847,3134.763,3057.564,3115.091
2021-01-07,3106.339,3162.398,3086.064,3162.398
2021-01-08,3179.365,3194.366,3115.992,3150.78
2021-01-11,3159.594,3159.594,3066.741,3092.861
2021-01-12,3079.84,3180.35,3057.735,3180.35
2021-01-13,3180.747,3207.071,3100.065,3130.298
2021-01-14,3101.962,3142.854,3061.018,3089.177
2021-01-15,3073.997,3109.87,3020.781,3089.945
2021-01-18,3078.026,3164.581,3056.805,3149.2
2021-01-19,3146.273,3157.464,3074.193,3084.488
2021-01-20,3106.348,3204.932,3098.427,3204.932
2021-01-21,3217.827,3303.322,3217.827,3283.721
2021-01-22,3282.041,3366.692,3281.399,3358.238
2021-01-25,3363.602,3427.444,3333.743,3355.24
2021-01-26,3335.438,3335.438,3253.274,3258.355
2021-01-27,3269.773,3296.163,3196.088,3281.031
2021-01-28,3219.93,3248.015,3160.529,3161.863
2021-01-29,3201.669,3221.114,3070.038,3128.865
2021-02-01,3134.79,3189.852,3123.435,3159.993
2021-02-02,3176.253,3232.434,3130.763,3228.698
2021-02-03,3245.261,3276.235,3218.87,3223.766
2021-02-04,3208.646,3248.281,3155.787,3200.549
2021-02-05,3224.847,3256.722,3191.458,3193.707
2021-02-08,3202.483,3278.06,3162.587,3278.06
2021-02-09,3291.501,3339.969,3273.059,3334.242
2021-02-10,3350.324,3427.82,3314.673,3413.81
2021-02-18,3475.89,3475.998,3300.183,3320.144
2021-02-19,3289.006,3308.746,3195.954,3285.535
2021-02-22,3278.586,3278.586,3138.648,3138.672
2021-02-23,3099.189,3156.37,3090.319,3112.357
2021-02-24,3112.723,3125.24,2973.884,3007.456
2021-02-25,3040.901,3045.0,2969.033,2977.176
2021-02-26,2907.483,2961.027,2887.809,2914.113
2021-03-01,2958.53,2998.033,2935.076,2994.751
2021-03-02,3019.096,3023.208,2937.89,2966.892
2021-03-03,2951.29,2997.993,2933.834,2997.749
2021-03-04,2962.52,2962.52,2841.154,2851.873
2021-03-05,2800.25,2897.172,2800.25,2871.972
2021-03-08,2889.085,2905.469,2726.343,2728.844
2021-03-09,2717.17,2733.982,2608.241,2633.45
2021-03-10,2708.229,2720.25,2665.697,2676.702
2021-03-11,2682.948,2768.955,2677.571,2746.575
2021-03-12,2768.577,2771.866,2711.325,2756.813
2021-03-15,2737.447,2737.447,2612.449,2644.015
2021-03-16,2664.693,2678.915,2629.358,2672.117
2021-03-17,2662.926,2717.675,2631.729,2704.136
2021-03-18,2717.274,2760.789,2713.85,2748.726
2021-03-19,2697.827,2726.872,2653.998,2671.518
2021-03-22,2683.638,2729.098,2665.616,2698.261
2021-03-23,2684.643,2708.959,2641.375,2668.082
2021-03-24,2650.372,2678.402,2623.292,2634.614
2021-03-25,2609.378,2670.896,2603.937,2655.999
2021-03-26,2672.909,2754.303,2672.909,2745.4
2021-03-29,2747.856,2768.14,2716.947,2733.963
2021-03-30,2728.49,2779.866,2722.234,2771.322
2021-03-31,2770.332,2777.083,2731.221,2758.501
2021-04-01,2766.417,2819.415,2766.417,2815.413
2021-04-02,2828.352,2871.11,2820.01,2852.229
2021-04-06,2865.445,2871.867,2814.487,2831.598
2021-04-07,2843.574,2843.574,2773.674,2807.201
2021-04-08,2793.166,2838.937,2778.866,2826.99
2021-04-09,2823.78,2829.955,2772.306,2783.327
2021-04-12,2789.785,2813.487,2711.837,2719.953
2021-04-13,2719.556,2785.14,2719.556,2742.852
2021-04-14,2753.665,2809.165,2753.665,2804.409
2021-04-15,2787.247,2793.666,2761.293,2790.644
2021-04-16,2801.739,2802.618,2744.682,2783.373
2021-04-19,2777.017,2899.729,2769.65,2898.729
2021-04-20,2880.057,2922.034,2870.292,2896.108
2021-04-21,2873.362,2920.718,2867.207,2916.975
2021-04-22,2941.303,2950.228,2901.917,2939.395
2021-04-23,2938.932,3009.273,2937.944,2994.488
2021-04-26,3019.303,3057.124,2965.011,2969.405
2021-04-27,2964.027,2986.034,2946.799,2986.034
2021-04-28,2990.7,3052.039,2980.648,3050.585
2021-04-29,3053.738,3068.595,3014.553,3051.417
2021-04-30,3040.649,3110.156,3037.314,3091.395
2021-05-06,3059.584,3059.584,2961.994,3014.812
2021-05-07,3021.867,3026.849,2910.411,2910.411
2021-05-10,2920.42,2960.327,2901.08,2921.721
2021-05-11,2898.801,2932.477,2864.046,2921.343
2021-05-12,2913.064,2965.212,2887.212,2960.355
2021-05-13,2922.731,2967.616,2912.515,2943.617
2021-05-14,2954.172,3039.726,2942.98,3033.806
2021-05-17,3049.019,3130.205,3049.019,3112.741
2021-05-18,3108.634,3128.94,3068.764,3090.123
2021-05-19,3081.221,3128.601,3075.8,3114.724
2021-05-20,3113.552,3158.455,3112.556,3143.616
2021-05-21,3162.791,3171.899,3098.239,3113.259
2021-05-24,3128.776,3140.945,3075.449,3139.686
2021-05-25,3155.274,3232.739,3151.902,3227.355
2021-05-26,3226.698,3228.766,3185.769,3196.848
2021-05-27,3192.045,3238.454,3169.03,3226.108
2021-05-28,3226.081,3285.284,3215.029,3232.291
2021-05-31,3246.149,3309.749,3246.149,3309.069
2021-06-01,3290.533,3307.474,3242.905,3300.159
2021-06-02,3309.181,3310.493,3228.851,3243.022
2021-06-03,3241.158,3255.163,3201.232,3201.784
2021-06-04,3194.39,3281.264,3183.667,3242.612
2021-06-07,3240.954,3241.774,3197.91,3228.243
2021-06-08,3227.271,3275.783,3185.222,3208.572
2021-06-09,3203.147,3222.184,3183.057,3207.626
2021-06-10,3213.444,3301.16,3213.444,3285.51
2021-06-11,3305.531,3320.255,3266.357,3298.497
2021-06-15,3298.212,3306.436,3240.525,3262.188
2021-06-16,3258.603,3258.691,3122.814,3125.701
2021-06-17,3133.911,3197.543,3133.911,3188.593
2021-06-18,3210.137,3260.73,3198.289,3239.227
2021-06-21,3235.692,3288.736,3205.364,3270.577
2021-06-22,3273.631,3291.176,3220.417,3281.992
2021-06-23,3288.756,3341.962,3266.902,3318.946
2021-06-24,3326.334,3328.562,3260.031,3279.159
2021-06-25,3288.269,3355.885,3286.271,3347.699
2021-06-28,3356.219,3422.726,3345.208,3412.863
2021-06-29,3438.885,3445.872,3392.632,3406.238
2021-06-30,3418.812,3484.193,3389.96,3477.178
2021-07-01,3486.778,3500.739,3431.771,3455.359
2021-07-02,3429.606,3429.606,3329.824,3333.897
2021-07-05,3332.49,3387.099,3318.337,3352.117
2021-07-06,3359.263,3367.754,3240.869,3291.988
2021-07-07,3278.126,3419.695,3261.317,3409.589
2021-07-08,3435.311,3469.596,3418.699,3432.957
2021-07-09,3413.018,3428.297,3334.272,3409.309
2021-07-12,3453.01,3554.073,3426.013,3534.763
2021-07-13,3518.527,3560.884,3478.274,3514.977
2021-07-14,3491.42,3539.552,3464.917,3488.627
2021-07-15,3476.114,3537.391,3453.353,3537.391
2021-07-16,3525.271,3525.271,3428.976,3432.647
2021-07-19,3438.198,3482.087,3420.401,3449.526
2021-07-20,3431.001,3491.052,3418.765,3463.791
2021-07-21,3480.702,3568.698,3473.145,3560.045
2021-07-22,3572.435,3576.119,3512.718,3544.436
2021-07-23,3539.423,3542.276,3461.616,3469.873
2021-07-26,3450.903,3464.741,3292.202,3371.228
2021-07-27,3384.456,3423.454,3232.839,3232.839
2021-07-28,3204.314,3306.503,3157.994,3284.92
2021-07-29,3375.326,3467.896,3338.132,3459.721
2021-07-30,3454.026,3479.376,3402.326,3440.182
2021-08-02,3448.257,3500.334,3399.642,3493.359
2021-08-03,3490.857,3517.095,3447.141,3477.229
2021-08-04,3463.729,3564.274,3445.054,3563.127
2021-08-05,3547.836,3569.838,3507.033,3532.5
2021-08-06,3539.967,3548.341,3469.119,3490.902
2021-08-09,3455.703,3466.88,3412.863,3456.747
2021-08-10,3453.845,3470.972,3422.377,3468.67
2021-08-11,3457.789,3471.937,3422.864,3437.058
2021-08-12,3413.521,3439.413,3379.421,3386.432
2021-08-13,3360.517,3432.818,3328.7,3345.126
2021-08-16,3330.825,3346.801,3288.045,3301.391
2021-08-17,3311.952,3326.082,3211.245,3224.153
2021-08-18,3238.261,3269.216,3219.054,3248.373
2021-08-19,3259.094,3304.431,3231.361,3278.357
2021-08-20,3256.492,3265.631,3162.756,3192.9
2021-08-23,3218.968,3296.364,3202.806,3293.77
2021-08-24,3301.865,3351.927,3269.864,3330.58
2021-08-25,3330.809,3348.889,3295.464,3348.662
2021-08-26,3361.907,3368.655,3262.682,3264.45
2021-08-27,3259.154,3296.684,3243.18,3257.072
2021-08-30,3275.975,3316.635,3249.865,3271.802
2021-08-31,3273.813,3273.813,3181.353,3214.117
2021-09-01,3214.166,3222.467,3128.269,3186.85
2021-09-02,3181.258,3200.036,3133.761,3138.803
2021-09-03,3150.304,3165.211,3088.775,3102.145
2021-09-06,3106.257,3231.568,3085.155,3228.088
2021-09-07,3222.428,3256.526,3203.683,3251.487
2021-09-08,3259.534,3282.454,3215.475,3219.947
2021-09-09,3224.451,3244.075,3174.029,3221.941
2021-09-10,3207.864,3241.87,3189.971,3232.01
2021-09-13,3231.395,3260.329,3183.442,3194.275
2021-09-14,3199.411,3275.94,3197.896,3236.547
2021-09-15,3233.154,3234.125,3185.648,3200.399
2021-09-16,3199.459,3199.459,3127.786,3128.845
2021-09-17,3124.316,3201.447,3122.323,3193.261
2021-09-22,3144.455,3199.765,3141.235,3164.328
2021-09-23,3197.261,3210.641,3160.583,3182.467
2021-09-24,3176.868,3250.139,3169.504,3207.817
2021-09-27,3228.068,3280.301,3211.613,3231.583
2021-09-28,3219.381,3272.94,3202.619,3211.454
2021-09-29,3181.979,3209.692,3165.487,3175.152
2021-09-30,3188.392,3257.668,3180.914,3244.646
2021-10-08,3259.46,3285.73,3224.06,3243.204
2021-10-11,3242.184,3257.364,3190.665,3196.189
2021-10-12,3194.012,3196.706,3106.472,3138.263
2021-10-13,3141.424,3211.341,3140.016,3210.159
2021-10-14,3216.86,3238.155,3204.923,3215.736
2021-10-15,3198.893,3284.653,3187.404,3276.321
2021-10-18,3287.039,3287.039,3231.045,3276.484
2021-10-19,3293.801,3310.021,3273.545,3297.293
2021-10-20,3304.551,3320.332,3276.825,3285.122
2021-10-21,3286.27,3304.005,3256.853,3279.487
2021-10-22,3290.541,3309.561,3268.937,3284.911
2021-10-25,3303.22,3342.221,3302.485,3338.624
2021-10-26,3370.785,3370.785,3322.193,3327.537
2021-10-27,3321.64,3324.347,3283.726,3308.962
2021-10-28,3301.906,3335.928,3266.312,3278.359
2021-10-29,3275.831,3358.349,3253.043,3350.665
2021-11-01,3341.472,3374.536,3302.959,3331.915
2021-11-02,3329.414,3373.179,3307.504,3339.597
2021-11-03,3334.414,3363.753,3301.437,3327.085
2021-11-04,3351.298,3380.209,3344.761,3362.249
2021-11-05,3354.379,3383.296,3347.158,3352.754
2021-11-08,3353.889,3393.387,3341.602,3380.292
2021-11-09,3400.973,3409.942,3377.513,3409.942
2021-11-10,3388.054,3403.31,3338.46,3399.663
2021-11-11,3396.654,3443.961,3393.984,3433.241
2021-11-12,3436.262,3446.036,3409.479,3430.141
2021-11-15,3435.623,3435.68,3387.531,3401.874
2021-11-16,3400.34,3423.519,3389.546,3393.715
2021-11-17,3413.431,3425.57,3400.771,3421.329
2021-11-18,3416.643,3416.643,3374.011,3383.906
2021-11-19,3385.834,3419.746,3378.377,3418.96
2021-11-22,3434.575,3505.727,3430.592,3505.727
2021-11-23,3501.218,3508.898,3482.688,3492.769
2021-11-24,3488.381,3501.579,3469.364,3478.662
2021-11-25,3477.596,3490.621,3462.125,3474.451
2021-11-26,3470.211,3501.341,3461.194,3468.865
2021-11-29,3455.608,3522.504,3455.608,3503.409
2021-11-30,3520.294,3520.294,3472.583,3495.593
2021-12-01,3492.435,3501.334,3459.514,3473.366
2021-12-02,3464.921,3487.935,3456.312,3466.914
2021-12-03,3467.413,3482.46,3446.954,3478.666
2021-12-06,3460.961,3479.862,3403.159,3405.935
2021-12-07,3429.765,3429.84,3338.004,3368.784
2021-12-08,3388.318,3428.228,3378.281,3424.704
2021-12-09,3422.379,3463.652,3400.381,3459.319
2021-12-10,3431.289,3485.08,3429.572,3466.797
2021-12-13,3473.389,3508.192,3457.544,3496.962
2021-12-14,3491.823,3507.271,3486.913,3495.06
2021-12-15,3492.581,3520.466,3462.506,3464.758
2021-12-16,3479.184,3491.183,3467.734,3490.449
2021-12-17,3480.513,3486.236,3427.016,3434.339
2021-12-20,3420.862,3434.091,3327.79,3332.606
2021-12-21,3328.895,3354.925,3306.962,3350.429
2021-12-22,3360.283,3379.08,3354.382,3368.699
2021-12-23,3379.808,3389.854,3358.916,3373.703
2021-12-24,3381.545,3384.293,3280.937,3297.106
2021-12-27,3296.408,3315.753,3273.815,3293.811
2021-12-28,3300.311,3331.316,3280.067,3328.559
2021-12-29,3326.076,3326.212,3281.897,3281.897
2021-12-30,3285.769,3339.654,3280.308,3322.795
2021-12-31,3342.187,3353.567,3315.073,3322.673
2022-01-04,3348.128,3349.455,3238.245,3250.159
2022-01-05,3242.435,3245.758,3145.047,3161.507
2022-01-06,3133.046,3150.113,3093.039,3127.48
2022-01-07,3137.075,3147.227,3093.207,3096.881
2022-01-10,3082.781,3115.469,3051.531,3095.689
2022-01-11,3094.703,3103.827,3050.586,3056.153
2022-01-12,3091.669,3139.38,3088.781,3136.685
2022-01-13,3145.02,3145.02,3083.141,3083.141
2022-01-14,3059.143,3128.251,3057.939,3119.408
2022-01-17,3124.628,3176.242,3113.977,3170.408
2022-01-18,3168.786,3177.822,3136.251,3144.333
2022-01-19,3139.23,3141.281,3052.645,3075.977
2022-01-20,3072.388,3102.306,3056.959,3065.994
2022-01-21,3052.977,3069.881,3020.3,3034.679
2022-01-24,3011.628,3071.058,3010.204,3056.434
2022-01-25,3035.824,3055.876,2974.955,2974.955
2022-01-26,2993.157,3008.383,2952.908,3004.412
2022-01-27,2993.995,3001.549,2904.715,2906.763
2022-01-28,2945.718,2962.769,2882.674,2908.945
2022-02-07,2972.194,2987.498,2905.249,2917.864
2022-02-08,2913.319,2913.319,2782.277,2846.482
2022-02-09,2844.838,2887.731,2818.393,2883.597
2022-02-10,2891.3,2891.3,2796.901,2826.517
2022-02-11,2800.749,2811.777,2742.514,2746.383
2022-02-14,2723.51,2776.233,2710.884,2732.01
2022-02-15,2744.385,2817.807,2739.42,2816.444
2022-02-16,2829.652,2841.326,2808.265,2818.397
2022-02-17,2813.48,2861.967,2804.887,2839.825
2022-02-18,2819.548,2829.825,2803.237,2826.813
2022-02-21,2830.601,2836.279,2794.259,2804.598
2022-02-22,2783.283,2783.283,2741.971,2765.91
2022-02-23,2770.214,2845.082,2770.214,2843.866
2022-02-24,2817.796,2852.721,2746.62,2783.899
2022-02-25,2827.829,2882.073,2827.829,2855.803
2022-02-28,2844.823,2881.306,2834.543,2881.306
2022-03-01,2895.388,2905.128,2865.884,2885.786
2022-03-02,2866.69,2866.69,2811.118,2834.636
2022-03-03,2850.669,2853.474,2789.515,2791.949
2022-03-04,2763.062,2797.82,2737.474,2748.638
2022-03-07,2718.444,2720.783,2620.829,2630.371
2022-03-08,2645.109,2654.639,2567.91,2582.986
2022-03-09,2594.962,2608.208,2462.17,2566.719
2022-03-10,2645.363,2664.58,2625.601,2635.194
2022-03-11,2589.696,2668.242,2566.031,2665.462
2022-03-14,2638.49,2647.255,2570.28,2570.447
2022-03-15,2547.717,2615.708,2504.782,2504.782
2022-03-16,2549.153,2639.927,2478.438,2635.083
2022-03-17,2684.841,2764.249,2684.037,2710.726
2022-03-18,2693.154,2725.69,2668.935,2713.795
2022-03-21,2730.209,2756.351,2702.177,2726.18
2022-03-22,2718.002,2718.002,2676.837,2688.234
2022-03-23,2707.565,2725.557,2682.132,2715.954
2022-03-24,2697.425,2725.284,2655.918,2706.215
2022-03-25,2702.653,2714.151,2637.944,2637.944
2022-03-28,2622.468,2622.588,2576.233,2594.128
2022-03-29,2603.425,2633.449,2581.379,2592.666
2022-03-30,2612.715,2696.826,2610.406,2696.826
2022-03-31,2683.195,2686.277,2646.24,2659.492
2022-04-01,2641.752,2687.153,2632.975,2666.969
2022-04-06,2662.281,2662.622,2615.923,2633.91
2022-04-07,2611.979,2632.097,2576.534,2578.533
2022-04-08,2578.736,2609.347,2546.514,2569.911
2022-04-11,2536.149,2536.149,2455.455,2462.043
2022-04-12,2461.595,2523.694,2459.262,2523.694
2022-04-13,2499.191,2513.475,2466.841,2466.841
2022-04-14,2495.165,2498.805,2443.151,2466.293
2022-04-15,2443.355,2483.746,2416.704,2460.362
2022-04-18,2435.851,2491.596,2410.857,2487.774
2022-04-19,2484.516,2510.406,2444.593,2453.545
2022-04-20,2440.295,2443.31,2357.913,2363.653
2022-04-21,2352.215,2378.341,2298.745,2312.456
2022-04-22,2299.156,2321.14,2279.778,2296.595
2022-04-25,2240.042,2262.767,2168.897,2169.004
2022-04-26,2172.799,2218.562,2149.596,2150.513
2022-04-27,2122.318,2271.171,2122.318,2269.171
2022-04-28,2249.512,2266.433,2206.956,2227.655
2022-04-29,2247.696,2322.97,2221.993,2319.137
2022-05-05,2263.92,2317.166,2242.955,2288.404
2022-05-06,2227.682,2274.394,2222.488,2244.969
2022-05-09,2236.169,2263.119,2213.582,2228.073
2022-05-10,2192.058,2287.868,2187.438,2276.345
2022-05-11,2280.96,2401.099,2275.271,2346.152
2022-05-12,2325.948,2367.307,2324.757,2351.271
2022-05-13,2367.546,2373.302,2334.366,2358.161
2022-05-16,2376.643,2395.753,2328.74,2331.23
2022-05-17,2335.125,2370.663,2323.07,2369.089
2022-05-18,2373.889,2384.598,2352.916,2365.377
2022-05-19,2329.963,2377.314,2325.671,2377.127
2022-05-20,2395.352,2426.575,2384.114,2417.349
2022-05-23,2422.127,2423.791,2385.695,2410.122
2022-05-24,2404.596,2404.596,2316.788,2318.075
2022-05-25,2320.78,2332.959,2303.154,2325.597
2022-05-26,2329.434,2343.208,2283.442,2321.134
2022-05-27,2340.616,2377.402,2311.057,2322.482
2022-05-30,2338.355,2359.575,2323.823,2350.385
2022-05-31,2349.789,2411.176,2323.352,2405.085
2022-06-01,2403.355,2441.388,2395.966,2428.957
2022-06-02,2418.663,2463.345,2411.708,2458.256
2022-06-06,2456.162,2562.016,2455.951,2554.659
2022-06-07,2555.55,2575.889,2532.781,2554.626
2022-06-08,2558.154,2576.335,2507.111,2576.335
2022-06-09,2558.326,2561.406,2491.822,2500.205
2022-06-10,2482.312,2556.98,2481.958,2556.473
2022-06-13,2522.73,2563.24,2520.003,2546.488
2022-06-14,2515.511,2551.084,2461.543,2548.314
2022-06-15,2560.644,2631.938,2550.501,2575.086
2022-06-16,2575.964,2616.822,2574.953,2585.471
2022-06-17,2561.396,2666.076,2559.671,2657.212
2022-06-20,2672.768,2741.588,2672.316,2710.141
2022-06-21,2707.98,2723.033,2664.685,2692.985
2022-06-22,2701.628,2721.809,2677.011,2677.285
2022-06-23,2693.751,2760.102,2672.579,2760.102
2022-06-24,2779.407,2824.44,2761.46,2824.44
2022-06-27,2838.58,2863.658,2819.289,2830.597
2022-06-28,2827.352,2850.285,2771.933,2840.419
2022-06-29,2817.117,2845.461,2764.397,2768.61
2022-06-30,2776.393,2834.49,2772.769,2810.601
2022-07-01,2810.106,2822.797,2768.482,2781.943
2022-07-04,2764.62,2834.689,2748.131,2834.689
2022-07-05,2845.74,2867.425,2780.358,2825.131
2022-07-06,2826.351,2858.049,2776.7,2802.715
2022-07-07,2814.15,2852.803,2792.179,2849.706
2022-07-08,2868.689,2887.718,2810.647,2817.639
2022-07-11,2804.548,2804.798,2742.456,2767.461
2022-07-12,2768.819,2774.12,2697.683,2702.693
2022-07-13,2708.096,2762.51,2674.47,2746.86
2022-07-14,2739.917,2841.385,2736.322,2819.129
2022-07-15,2804.177,2835.011,2760.499,2760.499
2022-07-18,2778.404,2812.673,2736.259,2800.357
2022-07-19,2799.377,2799.377,2736.668,2750.866
2022-07-20,2764.245,2786.293,2754.176,2765.162
2022-07-21,2756.317,2794.369,2741.313,2751.415
2022-07-22,2776.985,2788.936,2714.116,2737.314
2022-07-25,2732.611,2736.725,2693.157,2704.945
2022-07-26,2708.736,2729.377,2682.21,2713.458
2022-07-27,2710.737,2730.17,2696.198,2714.249
2022-07-28,2734.626,2749.139,2704.05,2705.901
2022-07-29,2716.101,2718.526,2665.653,2670.451
2022-08-01,2662.755,2734.642,2641.177,2733.736
2022-08-02,2692.123,2716.04,2651.852,2678.621
2022-08-03,2687.248,2716.22,2620.395,2628.818
2022-08-04,2644.997,2655.657,2610.503,2640.776
2022-08-05,2648.055,2686.229,2637.235,2683.602
2022-08-08,2668.987,2679.682,2647.252,2675.686
2022-08-09,2668.918,2698.456,2658.685,2694.8
2022-08-10,2688.133,2692.249,2645.547,2658.585
2022-08-11,2672.176,2724.846,2650.877,2721.492
2022-08-12,2712.693,2717.677,2689.667,2690.831
2022-08-15,2688.66,2734.327,2686.823,2718.593
2022-08-16,2725.927,2759.516,2718.172,2731.393
2022-08-17,2739.48,2783.929,2719.222,2777.91
2022-08-18,2771.154,2797.485,2769.21,2775.821
2022-08-19,2779.991,2780.097,2733.049,2734.218
2022-08-22,2730.423,2782.667,2715.16,2779.015
2022-08-23,2775.214,2802.05,2764.522,2780.306
2022-08-24,2800.378,2803.43,2675.88,2679.048
2022-08-25,2688.862,2694.159,2634.851,2667.301
2022-08-26,2666.214,2677.727,2634.432,2640.291
2022-08-29,2599.84,2641.169,2595.706,2630.505
2022-08-30,2630.131,2632.128,2594.784,2612.142
2022-08-31,2596.156,2611.646,2550.994,2570.415
2022-09-01,2561.935,2584.617,2531.807,2533.854
2022-09-02,2548.182,2552.341,2517.456,2533.023
2022-09-05,2528.707,2553.107,2519.894,2538.204
2022-09-06,2541.122,2542.981,2493.428,2540.635
2022-09-07,2525.155,2584.853,2522.375,2570.802
2022-09-08,2570.046,2572.117,2521.542,2523.006
2022-09-09,2535.745,2551.054,2525.769,2548.216
2022-09-13,2566.838,2569.113,2537.277,2550.625
2022-09-14,2512.283,2527.279,2486.082,2503.824
2022-09-15,2512.453,2515.207,2404.436,2424.192
2022-09-16,2418.438,2430.23,2366.895,2367.398
2022-09-19,2360.58,2389.477,2339.034,2350.376
2022-09-20,2366.787,2397.925,2351.893,2366.904
2022-09-21,2353.777,2358.964,2322.951,2331.516
2022-09-22,2309.287,2348.762,2302.643,2319.419
2022-09-23,2320.918,2336.289,2275.292,2303.905
2022-09-26,2288.232,2358.477,2285.636,2323.052
2022-09-27,2336.038,2374.737,2325.651,2374.737
2022-09-28,2367.481,2367.481,2313.77,2313.77
2022-09-29,2343.276,2359.125,2321.559,2332.995
2022-09-30,2335.54,2339.188,2288.195,2288.969
2022-10-10,2294.715,2301.236,2230.637,2236.245
2022-10-11,2256.342,2273.896,2245.469,2261.892
2022-10-12,2260.678,2343.503,2234.464,2343.3
2022-10-13,2324.466,2374.615,2318.268,2350.686
2022-10-14,2379.83,2453.043,2365.139,2434.219
2022-10-17,2419.642,2446.704,2409.523,2435.023
2022-10-18,2446.358,2469.034,2428.147,2446.928
2022-10-19,2440.031,2463.775,2425.727,2425.957
2022-10-20,2402.756,2444.413,2365.725,2401.716
2022-10-21,2390.413,2410.015,2381.205,2395.157
2022-10-24,2385.816,2412.595,2323.848,2336.838
2022-10-25,2323.838,2344.387,2281.402,2314.551
2022-10-26,2324.766,2397.132,2320.27,2372.876
2022-10-27,2377.181,2377.684,2337.253,2337.253
2022-10-28,2309.957,2326.491,2245.462,2250.51
2022-10-31,2228.618,2295.952,2227.83,2265.078
2022-11-01,2270.035,2337.823,2251.799,2337.653
2022-11-02,2322.983,2396.212,2320.551,2375.862
2022-11-03,2352.56,2385.057,2349.748,2376.061
2022-11-04,2378.42,2464.508,2377.913,2451.223
2022-11-07,2447.13,2470.636,2432.049,2454.694
2022-11-08,2452.857,2460.989,2411.724,2432.403
2022-11-09,2422.171,2432.293,2398.07,2399.336
2022-11-10,2380.232,2393.605,2344.684,2357.125
2022-11-11,2443.113,2446.094,2402.94,2405.318
2022-11-14,2406.869,2418.517,2364.441,2375.207
2022-11-15,2373.993,2432.455,2356.35,2431.733
2022-11-16,2427.406,2443.794,2399.698,2402.905
2022-11-17,2389.465,2389.465,2350.996,2385.861
2022-11-18,2394.31,2420.379,2384.654,2389.76
2022-11-21,2369.763,2389.643,2360.851,2387.295
2022-11-22,2380.708,2382.141,2334.472,2343.554
2022-11-23,2338.86,2357.0,2302.991,2340.337
2022-11-24,2349.271,2356.669,2330.371,2335.524
2022-11-25,2325.575,2327.281,2304.98,2309.36
2022-11-28,2264.83,2300.951,2261.054,2298.802
2022-11-29,2301.212,2347.708,2298.309,2339.793
2022-11-30,2335.952,2348.158,2323.193,2345.313
2022-12-01,2386.081,2403.767,2380.667,2381.183
2022-12-02,2378.4,2408.738,2369.306,2383.322
2022-12-05,2391.103,2394.432,2366.124,2377.107
2022-12-06,2366.107,2414.199,2365.691,2393.281
2022-12-07,2382.563,2432.106,2382.563,2414.043
2022-12-08,2411.797,2423.161,2398.209,2411.812
2022-12-09,2412.16,2421.655,2391.667,2420.629
2022-12-12,2409.444,2418.058,2399.687,2401.522
2022-12-13,2403.736,2404.876,2371.071,2376.205
2022-12-14,2384.701,2391.212,2362.606,2368.079
2022-12-15,2365.234,2399.363,2363.342,2399.124
2022-12-16,2381.68,2390.663,2361.893,2373.723
2022-12-19,2372.925,2389.298,2337.402,2346.697
2022-12-20,2340.515,2340.732,2308.566,2310.799
2022-12-21,2312.523,2322.525,2293.578,2303.703
2022-12-22,2318.713,2328.71,2288.523,2295.32
2022-12-23,2282.325,2301.619,2273.038,2286.188
2022-12-26,2290.256,2334.975,2290.159,2331.41
2022-12-27,2335.565,2363.148,2326.31,2359.5
2022-12-28,2346.038,2348.85,2323.483,2338.258
2022-12-29,2328.734,2365.687,2327.688,2349.383
2022-12-30,2361.966,2369.136,2346.767,2346.767
2023-01-03,2339.981,2361.554,2312.309,2356.424
2023-01-04,2347.003,2352.334,2323.722,2335.122
2023-01-05,2343.782,2405.432,2343.715,2399.458
2023-01-06,2392.655,2442.235,2391.335,2422.141
2023-01-09,2433.346,2455.6,2427.807,2440.366
2023-01-10,2441.497,2478.895,2435.193,2474.005
2023-01-11,2470.639,2480.163,2442.734,2445.971
2023-01-12,2455.733,2477.012,2448.759,2458.494
2023-01-13,2475.137,2493.126,2462.874,2493.126
2023-01-16,2490.72,2566.686,2490.72,2539.521
2023-01-17,2540.566,2556.638,2535.18,2545.555
2023-01-18,2548.702,2555.685,2534.427,2543.896
2023-01-19,2539.891,2571.438,2531.956,2571.438
2023-01-20,2580.272,2588.89,2571.831,2585.963
2023-01-30,2657.393,2661.281,2611.129,2613.885
2023-01-31,2608.12,2618.282,2575.532,2580.839
2023-02-01,2592.449,2613.689,2572.333,2613.689
2023-02-02,2619.793,2631.858,2598.122,2602.316
2023-02-03,2592.843,2605.995,2551.826,2580.111
2023-02-06,2560.46,2560.46,2523.709,2544.091
2023-02-07,2551.133,2557.382,2522.546,2537.969
2023-02-08,2542.244,2550.375,2522.526,2525.877
2023-02-09,2520.83,2569.99,2515.51,2569.733
2023-02-10,2567.086,2571.198,2531.871,2545.156
2023-02-13,2546.145,2576.04,2540.847,2573.181
2023-02-14,2585.967,2586.181,2551.47,2565.155
2023-02-15,2564.54,2574.581,2543.635,2547.198
2023-02-16,2549.427,2567.293,2495.159,2512.499
2023-02-17,2508.259,2513.206,2449.351,2449.351
2023-02-20,2445.643,2481.572,2424.63,2480.794
2023-02-21,2473.599,2480.346,2452.84,2469.807
2023-02-22,2452.387,2470.495,2446.194,2451.898
2023-02-23,2450.962,2470.398,2446.413,2457.482
2023-02-24,2457.532,2458.291,2425.66,2428.936
2023-02-27,2416.428,2432.388,2403.655,2409.794
2023-02-28,2417.575,2432.323,2407.756,2429.027
2023-03-01,2428.1,2449.445,2415.947,2443.946
2023-03-02,2438.582,2442.191,2415.124,2418.598
2023-03-03,2423.672,2434.125,2405.296,2422.437
2023-03-06,2421.425,2435.902,2393.919,2431.556
2023-03-07,2423.026,2430.645,2383.504,2383.731
2023-03-08,2375.866,2390.066,2366.246,2377.584
2023-03-09,2377.975,2386.901,2365.862,2372.68
2023-03-10,2366.59,2388.612,2354.023,2370.358
2023-03-13,2359.721,2374.969,2345.989,2357.068
2023-03-14,2353.21,2356.896,2308.932,2343.11
2023-03-15,2359.222,2375.285,2335.594,2337.463
2023-03-16,2320.383,2333.311,2298.44,2302.049
2023-03-17,2320.198,2324.831,2289.28,2293.67
2023-03-20,2291.385,2317.636,2280.136,2291.918
2023-03-21,2298.281,2337.371,2298.281,2337.257
2023-03-22,2348.523,2358.63,2330.819,2341.923
2023-03-23,2330.981,2361.409,2327.386,2361.409
2023-03-24,2366.432,2373.774,2355.744,2370.38
2023-03-27,2363.007,2399.438,2363.007,2398.015
2023-03-28,2389.849,2389.919,2364.628,2369.172
2023-03-29,2371.298,2381.997,2367.382,2371.19
2023-03-30,2370.733,2384.959,2362.658,2383.038
2023-03-31,2386.861,2402.55,2385.415,2399.502
2023-04-03,2406.137,2442.967,2406.137,2440.207
2023-04-04,2441.427,2442.574,2407.484,2421.655
2023-04-06,2404.262,2428.801,2402.304,2426.567
2023-04-07,2421.751,2454.044,2421.061,2446.945
2023-04-10,2457.193,2461.297,2432.049,2443.521
2023-04-11,2449.272,2463.272,2426.666,2439.396
2023-04-12,2436.893,2440.327,2417.279,2429.293
2023-04-13,2418.271,2426.834,2403.916,2405.76
2023-04-14,2409.775,2432.363,2409.602,2428.09
2023-04-17,2420.012,2440.73,2420.012,2434.442
2023-04-18,2428.183,2443.771,2423.93,2431.1
2023-04-19,2429.327,2429.327,2413.336,2415.76
2023-04-20,2414.009,2414.009,2378.055,2386.674
2023-04-21,2393.192,2400.789,2340.615,2341.191
2023-04-24,2337.381,2340.259,2288.785,2301.238
2023-04-25,2302.859,2305.916,2243.833,2259.193
2023-04-26,2249.533,2306.658,2247.947,2294.057
2023-04-27,2283.632,2315.321,2281.603,2307.271
2023-04-28,2309.35,2328.887,2303.308,2324.715
2023-05-04,2316.333,2319.828,2290.917,2297.67
2023-05-05,2291.24,2293.837,2260.636,2267.632
2023-05-08,2274.717,2277.226,2251.772,2273.4
2023-05-09,2270.762,2277.288,2245.719,2245.823
2023-05-10,2241.436,2273.677,2228.18,2262.217
2023-05-11,2264.901,2296.451,2264.859,2276.571
2023-05-12,2277.423,2287.474,2251.757,2252.38
2023-05-15,2259.169,2299.93,2257.823,2299.93
2023-05-16,2300.796,2307.171,2286.228,2294.192
2023-05-17,2293.549,2300.287,2281.166,2293.644
2023-05-18,2299.63,2300.616,2264.836,2277.974
2023-05-19,2275.804,2293.098,2270.389,2278.585
2023-05-22,2278.708,2291.331,2265.756,2280.151
2023-05-23,2282.9,2284.075,2253.331,2253.331
2023-05-24,2245.471,2268.862,2239.898,2245.257
2023-05-25,2245.311,2257.221,2228.844,2244.184
2023-05-26,2244.342,2244.342,2215.286,2229.268
2023-05-29,2236.981,2238.401,2196.064,2203.842
2023-05-30,2200.801,2218.603,2180.7,2218.603
2023-05-31,2215.272,2215.492,2183.421,2193.408
2023-06-01,2191.801,2225.125,2184.916,2206.426
2023-06-02,2213.773,2240.566,2211.982,2233.275
2023-06-05,2226.203,2226.591,2195.663,2202.136
2023-06-06,2196.978,2197.576,2162.715,2164.811
2023-06-07,2159.163,2162.564,2124.525,2129.898
2023-06-08,2136.021,2139.959,2118.331,2123.961
2023-06-09,2122.16,2143.009,2118.792,2143.009
2023-06-12,2135.882,2162.528,2131.118,2152.422
2023-06-13,2148.395,2169.656,2147.563,2166.962
2023-06-14,2175.916,2177.804,2163.34,2163.34
2023-06-15,2174.535,2237.74,2174.535,2237.74
2023-06-16,2243.537,2272.016,2234.476,2270.064
2023-06-19,2271.762,2276.557,2257.638,2265.185
2023-06-20,2264.183,2277.33,2257.878,2271.419
2023-06-21,2260.505,2266.76,2211.836,2211.836
2023-06-26,2185.149,2212.412,2171.586,2186.253
2023-06-27,2186.161,2205.563,2179.317,2191.828
2023-06-28,2184.989,2189.02,2160.193,2182.095
2023-06-29,2178.882,2194.251,2178.434,2180.063
2023-06-30,2178.533,2227.995,2171.42,2215.001
2023-07-03,2223.33,2239.432,2215.357,2228.211
2023-07-04,2222.327,2234.865,2215.766,2232.75
2023-07-05,2235.2,2239.928,2209.106,2212.415
2023-07-06,2206.301,2218.394,2190.031,2192.187
2023-07-07,2185.725,2186.037,2169.208,2169.208
2023-07-10,2174.332,2213.761,2174.332,2198.865
2023-07-11,2202.934,2217.657,2194.166,2216.779
2023-07-12,2216.03,2217.75,2194.614,2196.852
2023-07-13,2208.224,2238.674,2208.224,2237.515
2023-07-14,2237.245,2239.425,2221.785,2224.096
2023-07-17,2212.763,2214.425,2198.266,2207.445
2023-07-18,2215.054,2215.249,2196.229,2200.619
2023-07-19,2196.588,2201.43,2170.33,2177.247
2023-07-20,2180.714,2199.642,2153.978,2155.647
2023-07-21,2151.851,2177.801,2151.066,2163.117
2023-07-24,2148.286,2167.188,2142.909,2146.929
2023-07-25,2183.047,2195.751,2169.723,2192.897
2023-07-26,2185.811,2194.539,2180.204,2191.169
2023-07-27,2199.481,2205.716,2180.693,2184.096
2023-07-28,2176.486,2224.027,2172.372,2219.538
2023-07-31,2233.264,2256.054,2230.134,2236.673
2023-08-01,2234.615,2249.384,2215.577,2223.796
2023-08-02,2220.77,2231.868,2213.041,2218.565
2023-08-03,2214.088,2242.573,2214.088,2241.983
2023-08-04,2263.404,2282.648,2247.9,2263.373
2023-08-07,2252.435,2255.999,2234.041,2240.775
2023-08-08,2238.663,2244.897,2226.239,2228.909
2023-08-09,2222.51,2241.874,2222.51,2228.731
2023-08-10,2226.913,2241.85,2220.832,2239.306
2023-08-11,2241.481,2241.481,2187.036,2187.036
2023-08-14,2163.28,2170.221,2139.973,2164.693
2023-08-15,2164.82,2171.564,2130.382,2148.674
2023-08-16,2140.006,2158.004,2132.888,2132.969
2023-08-17,2130.54,2151.227,2113.304,2147.061
2023-08-18,2145.796,2156.173,2118.925,2118.925
2023-08-21,2108.7,2115.02,2084.969,2084.969
2023-08-22,2099.842,2104.736,2049.091,2086.941
2023-08-23,2081.214,2081.214,2038.976,2038.976
2023-08-24,2050.534,2083.644,2042.58,2064.573
2023-08-25,2053.648,2059.149,2032.582,2040.399
2023-08-28,2182.386,2182.386,2055.61,2060.044
2023-08-29,2054.976,2133.597,2054.976,2118.194
2023-08-30,2122.649,2141.599,2110.874,2117.125
2023-08-31,2111.021,2117.402,2100.727,2102.575
2023-09-01,2108.077,2118.511,2093.099,2100.258
2023-09-04,2110.169,2120.977,2088.994,2118.034
2023-09-05,2113.595,2122.624,2107.861,2111.327
2023-09-06,2103.297,2105.1,2089.453,2101.398
2023-09-07,2096.615,2097.284,2056.98,2056.98
2023-09-08,2047.6,2057.123,2038.571,2049.765
2023-09-11,2048.95,2076.903,2041.765,2063.189
2023-09-12,2060.62,2063.925,2049.482,2051.039
2023-09-13,2045.314,2053.455,2015.394,2027.729
2023-09-14,2021.597,2024.859,2002.431,2011.883
2023-09-15,2009.327,2022.944,1996.122,2002.728
2023-09-18,1994.868,2033.146,1993.679,2020.467
2023-09-19,2017.89,2017.89,1995.241,2002.665
2023-09-20,2000.719,2001.504,1987.296,1987.296
2023-09-21,1983.02,1990.328,1967.607,1967.607
2023-09-22,1965.692,2013.955,1963.233,2013.344
2023-09-25,2015.316,2015.316,2000.812,2005.255
2023-09-26,2000.231,2007.91,1989.65,1989.828
2023-09-27,1994.013,2027.818,1990.158,2006.224
2023-09-28,2013.621,2019.287,1995.559,2003.908
2023-10-09,2000.134,2006.428,1977.774,1998.607
2023-10-10,2004.947,2014.297,1987.351,1987.938
2023-10-11,2000.515,2021.107,1996.82,2003.902
2023-10-12,2015.546,2022.361,2001.906,2019.102
2023-10-13,2004.205,2005.719,1986.188,1996.601
2023-10-16,1993.907,1994.264,1949.326,1956.723
2023-10-17,1963.828,1969.47,1950.332,1961.886
2023-10-18,1952.996,1952.996,1934.844,1938.435
2023-10-19,1925.533,1936.216,1913.425,1913.702
2023-10-20,1899.985,1922.933,1893.95,1896.946
2023-10-23,1891.485,1891.485,1854.445,1864.909
2023-10-24,1872.291,1890.099,1859.864,1880.814
2023-10-25,1890.484,1894.535,1863.768,1863.796
2023-10-26,1851.193,1877.448,1840.258,1875.858
2023-10-27,1868.226,1937.313,1863.527,1929.909
2023-10-30,1933.789,1983.465,1931.701,1977.686
2023-10-31,1974.8,1975.395,1958.352,1968.226
2023-11-01,1969.078,1971.413,1949.994,1959.127
2023-11-02,1964.43,1973.229,1939.412,1939.705
2023-11-03,1943.214,1975.52,1943.214,1968.213
2023-11-06,1984.332,2034.569,1984.332,2032.335
2023-11-07,2025.103,2031.792,2012.058,2022.766
2023-11-08,2016.603,2035.911,2010.019,2023.13
2023-11-09,2019.686,2035.423,2013.509,2018.385
2023-11-10,2006.087,2011.933,2000.489,2005.235
2023-11-13,2018.827,2022.845,1998.024,2009.214
2023-11-14,2008.293,2024.656,1995.761,2004.813
2023-11-15,2032.262,2033.389,2008.482,2015.364
2023-11-16,2012.198,2012.198,1978.118,1978.118
2023-11-17,1971.223,1986.665,1971.223,1986.526
2023-11-20,1987.854,1998.098,1969.919,1992.97
2023-11-21,2001.069,2014.594,1981.285,1984.271
2023-11-22,1973.661,1980.015,1950.008,1950.008
2023-11-23,1945.901,1961.351,1940.209,1961.351
2023-11-24,1960.376,1960.376,1935.002,1937.94
2023-11-27,1936.612,1936.612,1916.55,1926.201
2023-11-28,1923.357,1938.729,1918.352,1938.423
2023-11-29,1934.554,1937.848,1917.219,1917.903
2023-11-30,1915.045,1932.826,1912.172,1922.591
2023-12-01,1922.37,1934.091,1904.646,1926.284
2023-12-04,1923.216,1926.166,1908.534,1908.917
2023-12-05,1900.986,1905.728,1870.982,1871.096
2023-12-06,1867.5,1898.601,1866.904,1881.942
2023-12-07,1877.032,1888.751,1864.237,1877.212
2023-12-08,1881.104,1896.78,1870.882,1892.178
2023-12-11,1880.578,1919.835,1866.093,1915.737
2023-12-12,1909.598,1913.292,1899.564,1903.871
2023-12-13,1899.339,1899.934,1871.775,1872.341
2023-12-14,1884.546,1895.599,1859.249,1860.513
2023-12-15,1869.514,1877.775,1844.181,1848.501
2023-12-18,1839.316,1845.969,1814.93,1819.995
2023-12-19,1818.875,1837.944,1813.601,1827.672
2023-12-20,1830.721,1832.313,1802.355,1802.881
2023-12-21,1795.274,1840.965,1792.376,1832.616
2023-12-22,1827.684,1848.317,1812.765,1825.842
2023-12-25,1820.252,1838.129,1820.22,1831.569
2023-12-26,1828.559,1829.871,1801.379,1808.5
2023-12-27,1813.053,1818.05,1796.695,1809.832
2023-12-28,1806.787,1887.147,1804.697,1879.496
2023-12-29,1879.535,1897.672,1878.042,1891.366
2024-01-02,1889.023,1889.023,1855.727,1855.922
2024-01-03,1850.161,1856.439,1825.545,1834.732
2024-01-04,1831.295,1831.383,1794.002,1801.761
2024-01-05,1798.817,1815.073,1765.724,1775.577
2024-01-08,1769.325,1779.378,1744.238,1744.411
2024-01-09,1749.765,1774.319,1737.995,1750.775
2024-01-10,1741.126,1771.68,1726.556,1743.198
2024-01-11,1744.301,1790.327,1739.158,1777.272
2024-01-12,1770.968,1785.513,1760.875,1761.16
2024-01-15,1751.524,1766.258,1738.543,1745.609
2024-01-16,1741.368,1755.384,1724.636,1752.23
2024-01-17,1747.772,1747.772,1699.62,1699.62
2024-01-18,1685.937,1735.092,1678.434,1732.358
2024-01-19,1726.547,1743.302,1714.507,1715.436
2024-01-22,1710.29,1714.928,1657.354,1666.88
2024-01-23,1663.982,1700.568,1655.203,1687.614
2024-01-24,1696.561,1700.774,1642.163,1696.188
2024-01-25,1686.547,1720.851,1672.068,1720.783
2024-01-26,1703.475,1714.534,1679.341,1682.478
2024-01-29,1680.15,1685.602,1623.812,1623.812
2024-01-30,1613.463,1631.529,1582.422,1583.771
2024-01-31,1585.214,1601.887,1573.164,1573.372
2024-02-01,1567.832,1616.402,1563.377,1589.037
2024-02-02,1585.957,1595.983,1512.062,1550.374
2024-02-05,1534.189,1600.33,1482.986,1562.61
2024-02-06,1544.96,1668.892,1544.497,1667.445
2024-02-07,1663.177,1711.417,1658.465,1707.02
2024-02-08,1716.628,1764.391,1713.769,1726.859
2024-02-19,1752.863,1752.863,1722.839,1746.422
2024-02-20,1739.035,1749.27,1722.491,1746.176
2024-02-21,1728.452,1783.812,1724.291,1752.478
2024-02-22,1752.793,1761.121,1742.145,1757.869
2024-02-23,1766.957,1767.263,1742.492,1758.193
2024-02-26,1752.756,1768.095,1738.334,1751.703
2024-02-27,1743.49,1793.979,1740.833,1793.979
2024-02-28,1799.608,1829.143,1748.97,1748.97
2024-02-29,1739.973,1809.663,1739.973,1807.034
2024-03-01,1808.196,1830.939,1795.851,1824.035
2024-03-04,1827.129,1847.247,1817.659,1834.833
2024-03-05,1818.594,1843.08,1813.266,1833.661
2024-03-06,1822.539,1855.613,1810.898,1832.58
2024-03-07,1830.258,1838.714,1789.866,1789.936
2024-03-08,1793.511,1813.099,1779.768,1807.294
2024-03-11,1817.072,1890.869,1812.786,1890.41
2024-03-12,1896.451,1915.094,1885.639,1906.037
2024-03-13,1911.981,1911.981,1890.658,1895.147
2024-03-14,1895.726,1912.113,1870.016,1883.021
2024-03-15,1877.569,1886.951,1848.224,1884.088
2024-03-18,1906.116,1926.396,1902.133,1926.396
2024-03-19,1917.921,1925.695,1906.938,1906.938
2024-03-20,1898.184,1915.465,1897.6,1909.245
2024-03-21,1912.809,1920.554,1897.047,1897.094
2024-03-22,1893.14,1897.308,1860.354,1869.175
2024-03-25,1864.532,1871.064,1833.103,1833.441
2024-03-26,1832.655,1856.204,1829.477,1841.535
2024-03-27,1840.193,1840.193,1789.819,1789.819
2024-03-28,1790.58,1829.473,1787.964,1806.897
2024-03-29,1806.672,1822.749,1800.203,1818.203
2024-04-01,1833.492,1872.118,1833.492,1872.118
2024-04-02,1869.323,1869.958,1851.25,1860.494
2024-04-03,1853.558,1853.872,1839.206,1840.412
2024-04-08,1834.453,1840.55,1807.048,1807.048
2024-04-09,1807.478,1827.676,1801.708,1827.579
2024-04-10,1818.405,1818.734,1781.13,1789.941
2024-04-11,1777.201,1799.86,1775.659,1782.085
2024-04-12,1780.99,1789.274,1760.944,1762.877
2024-04-15,1770.172,1807.947,1770.172,1795.518
2024-04-16,1783.571,1791.299,1759.513,1760.2
2024-04-17,1765.286,1797.552,1765.286,1797.311
2024-04-18,1784.782,1807.785,1765.699,1787.489
2024-04-19,1772.181,1775.376,1740.401,1756.001
2024-04-22,1739.007,1766.25,1735.284,1750.463
2024-04-23,1753.584,1764.774,1740.791,1753.161
2024-04-24,1757.311,1768.238,1744.36,1765.41
2024-04-25,1753.122,1778.799,1747.819,1764.727
2024-04-26,1767.722,1826.49,1767.722,1823.741
2024-04-29,1831.444,1904.915,1831.444,1887.571
2024-04-30,1874.68,1878.833,1857.764,1858.393
2024-05-06,1896.841,1907.021,1889.782,1895.208
2024-05-07,1896.725,1900.944,1888.256,1892.539
2024-05-08,1887.824,1887.824,1863.216,1865.108
2024-05-09,1872.704,1903.112,1872.704,1900.009
2024-05-10,1899.051,1900.1,1872.071,1878.165
2024-05-13,1859.344,1876.172,1851.255,1860.366
2024-05-14,1864.385,1873.138,1851.386,1855.598
2024-05-15,1857.576,1866.413,1837.541,1838.887
2024-05-16,1846.978,1861.378,1837.016,1844.211
2024-05-17,1838.985,1865.898,1833.434,1864.939
2024-05-20,1869.545,1887.054,1865.881,1875.928
2024-05-21,1871.779,1873.087,1855.437,1861.481
2024-05-22,1863.141,1883.174,1855.254,1877.927
2024-05-23,1876.561,1879.621,1847.695,1852.067
2024-05-24,1845.013,1861.93,1818.137,1818.562
2024-05-27,1824.165,1832.819,1802.766,1830.958
2024-05-28,1824.087,1827.744,1805.649,1806.255
2024-05-29,1808.485,1832.715,1804.111,1811.068
2024-05-30,1810.657,1820.294,1805.349,1813.155
2024-05-31,1812.612,1831.715,1805.109,1805.109
2024-06-03,1806.409,1823.511,1800.198,1819.455
2024-06-04,1816.368,1848.56,1815.072,1843.592
2024-06-05,1840.079,1858.686,1833.55,1833.55
2024-06-06,1840.246,1845.545,1815.278,1820.448
2024-06-07,1812.456,1820.74,1764.836,1781.07
2024-06-11,1766.915,1791.001,1761.584,1787.302
2024-06-12,1779.318,1789.411,1778.128,1779.418
2024-06-13,1786.105,1799.09,1776.081,1777.791
2024-06-14,1777.275,1792.805,1758.889,1791.362
2024-06-17,1780.936,1810.999,1780.513,1806.193
2024-06-18,1805.159,1822.115,1802.626,1811.365
2024-06-19,1816.06,1816.06,1788.173,1788.496
2024-06-20,1787.236,1793.707,1761.646,1762.701
2024-06-21,1756.671,1762.431,1742.466,1755.876
2024-06-24,1745.929,1755.523,1729.099,1731.515
2024-06-25,1724.64,1729.215,1691.018,1700.025
2024-06-26,1700.949,1733.792,1696.125,1730.642
2024-06-27,1719.778,1720.997,1702.241,1703.201
2024-06-28,1696.937,1720.945,1680.418,1683.43
2024-07-01,1679.662,1689.545,1652.01,1682.692
2024-07-02,1677.669,1683.847,1660.317,1665.035
2024-07-03,1664.986,1675.647,1648.245,1660.124
2024-07-04,1666.393,1674.752,1647.22,1647.22
2024-07-05,1648.739,1662.316,1631.886,1655.594
2024-07-08,1651.641,1652.193,1624.549,1628.758
2024-07-09,1625.522,1660.33,1614.605,1652.117
2024-07-10,1642.861,1668.09,1641.838,1651.11
2024-07-11,1673.54,1694.776,1658.957,1685.118
2024-07-12,1680.14,1692.889,1672.666,1683.629
2024-07-15,1674.887,1679.882,1665.338,1673.007
2024-07-16,1671.921,1697.136,1671.31,1696.336
2024-07-17,1691.947,1707.613,1684.942,1696.451
2024-07-18,1680.339,1718.821,1678.56,1717.709
2024-07-19,1706.843,1731.126,1706.58,1725.487
2024-07-22,1729.28,1735.601,1713.373,1723.914
2024-07-23,1721.935,1722.077,1671.443,1671.443
2024-07-24,1666.621,1682.963,1645.753,1650.908
2024-07-25,1641.682,1658.135,1638.54,1644.454
2024-07-26,1649.345,1670.214,1646.634,1659.534
2024-07-29,1653.39,1653.39,1634.509,1635.675
2024-07-30,1629.181,1637.21,1621.935,1630.951
2024-07-31,1623.038,1689.491,1623.038,1688.142
2024-08-01,1690.219,1694.591,1663.075,1665.973
2024-08-02,1649.843,1671.357,1635.436,1638.304
2024-08-05,1621.188,1656.09,1607.245,1607.288
2024-08-06,1628.116,1638.48,1612.0,1627.355
2024-08-07,1624.063,1632.645,1618.394,1620.332
2024-08-08,1611.262,1628.665,1598.679,1611.509
2024-08-09,1621.841,1628.531,1595.642,1595.642
2024-08-12,1596.414,1601.855,1589.093,1592.394
2024-08-13,1592.045,1607.258,1587.515,1607.186
2024-08-14,1606.441,1606.441,1584.328,1584.328
2024-08-15,1581.152,1608.95,1581.051,1592.71
2024-08-16,1594.509,1603.427,1587.407,1591.461
2024-08-19,1589.207,1608.266,1588.218,1589.287
2024-08-20,1590.173,1591.876,1565.432,1567.969
2024-08-21,1561.242,1572.472,1556.933,1558.512
2024-08-22,1559.683,1563.373,1544.906,1546.631
2024-08-23,1540.516,1555.007,1537.777,1546.903
2024-08-26,1550.045,1557.91,1540.521,1545.309
2024-08-27,1537.813,1541.928,1526.607,1530.744
2024-08-28,1526.669,1534.541,1522.484,1531.45
2024-08-29,1512.371,1551.54,1512.171,1541.4
2024-08-30,1543.894,1601.156,1543.894,1580.459
2024-09-02,1577.445,1581.869,1536.526,1536.95
2024-09-03,1533.572,1561.857,1533.458,1556.321
2024-09-04,1541.899,1569.885,1540.172,1554.64
2024-09-05,1554.876,1576.029,1554.876,1564.723
2024-09-06,1564.325,1566.573,1537.377,1538.072
2024-09-09,1528.649,1547.733,1526.235,1539.038
2024-09-10,1540.211,1551.606,1522.876,1539.98
2024-09-11,1539.846,1563.088,1535.619,1558.328
2024-09-12,1566.403,1577.168,1551.026,1551.814
2024-09-13,1552.276,1556.664,1535.168,1535.168
2024-09-18,1533.382,1540.075,1522.544,1533.473
2024-09-19,1543.316,1565.215,1520.723,1546.474
2024-09-20,1546.775,1546.775,1525.682,1536.599
2024-09-23,1538.055,1548.409,1528.941,1530.506
2024-09-24,1545.904,1616.068,1532.523,1615.322
2024-09-25,1652.828,1679.639,1639.681,1641.542
2024-09-26,1638.526,1716.011,1625.662,1714.144
2024-09-27,1751.328,1919.785,1751.328,1885.489
2024-09-30,1994.262,2182.388,1966.338,2175.086
2024-10-08,2576.217,2576.217,2336.442,2550.276
2024-10-09,2426.752,2514.292,2278.817,2280.096
2024-10-10,2291.218,2327.598,2181.078,2212.909
2024-10-11,2173.71,2191.402,2066.577,2100.871
2024-10-14,2119.385,2163.274,2062.446,2155.403
2024-10-15,2139.647,2175.952,2085.818,2085.986
2024-10-16,2037.744,2081.324,2026.52,2039.95
2024-10-17,2057.96,2081.087,2031.987,2033.484
2024-10-18,2027.653,2273.0,2027.65,2195.101
2024-10-21,2211.395,2266.602,2182.233,2210.335
2024-10-22,2205.399,2226.931,2179.998,2216.99
2024-10-23,2202.824,2252.521,2186.176,2205.302
2024-10-24,2187.244,2203.021,2168.241,2175.095
2024-10-25,2190.393,2277.168,2180.221,2238.897
2024-10-28,2228.078,2236.472,2198.886,2229.118
2024-10-29,2231.824,2239.261,2175.813,2177.306
2024-10-30,2156.277,2179.944,2127.633,2151.515
2024-10-31,2145.655,2204.859,2130.268,2164.462
2024-11-01,2149.938,2166.521,2120.725,2123.738
2024-11-04,2122.98,2187.378,2122.98,2185.984
2024-11-05,2184.905,2301.995,2172.524,2289.841
2024-11-06,2290.671,2360.881,2247.038,2265.833
2024-11-07,2244.959,2350.76,2240.246,2350.76
2024-11-08,2396.868,2402.379,2317.509,2321.587
2024-11-11,2298.619,2393.578,2296.323,2392.443
2024-11-12,2416.211,2448.201,2362.566,2390.803
2024-11-13,2367.163,2427.156,2345.064,2417.252
2024-11-14,2411.291,2419.686,2331.68,2334.964
2024-11-15,2318.936,2338.557,2243.62,2243.62
2024-11-18,2244.323,2254.922,2173.184,2190.95
2024-11-19,2200.133,2261.587,2173.454,2256.607
2024-11-20,2242.599,2283.748,2239.769,2267.855
2024-11-21,2254.269,2281.16,2248.382,2265.866
2024-11-22,2257.951,2269.265,2175.571,2175.571
2024-11-25,2184.103,2193.679,2140.476,2175.184
2024-11-26,2163.374,2187.12,2148.137,2150.097
2024-11-27,2136.707,2209.158,2119.535,2208.781
2024-11-28,2204.49,2206.848,2165.526,2169.803
2024-11-29,2162.522,2264.679,2162.522,2224.003
2024-12-02,2212.359,2261.144,2210.856,2255.498
2024-12-03,2252.754,2261.39,2224.692,2245.499
2024-12-04,2237.649,2246.039,2204.39,2213.406
2024-12-05,2207.499,2237.088,2207.499,2221.457
2024-12-06,2219.908,2289.809,2213.324,2267.064
2024-12-09,2265.188,2273.081,2229.514,2248.627
2024-12-10,2358.288,2358.485,2258.019,2264.051
2024-12-11,2260.7,2278.788,2251.354,2261.582
2024-12-12,2257.308,2302.644,2256.065,2292.145
2024-12-13,2272.266,2276.127,2234.17,2235.259
2024-12-16,2232.625,2234.186,2192.252,2201.532
2024-12-17,2197.126,2233.172,2197.126,2201.181
2024-12-18,2207.182,2216.003,2192.597,2202.137
2024-12-19,2178.463,2220.433,2174.943,2213.543
2024-12-20,2209.375,2234.132,2201.941,2209.662
2024-12-23,2205.69,2223.637,2185.353,2187.945
2024-12-24,2190.469,2215.192,2187.78,2213.548
2024-12-25,2215.612,2216.357,2187.0,2201.296
2024-12-26,2200.319,2219.693,2193.588,2209.846
2024-12-27,2209.71,2235.556,2196.294,2204.896
2024-12-30,2198.865,2218.735,2198.125,2206.285
2024-12-31,2202.181,2207.311,2141.596,2141.596
2025-01-02,2136.922,2137.655,2040.379,2060.442
2025-01-03,2062.403,2067.409,2015.963,2015.967
2025-01-06,2018.246,2033.268,2000.861,2014.19
2025-01-07,1996.0,2028.751,1988.418,2028.358
2025-01-08,2011.749,2029.023,1963.806,2008.444
2025-01-09,1994.81,2025.306,1994.705,2010.66
2025-01-10,2006.553,2024.427,1975.305,1975.305
2025-01-13,1953.886,1998.499,1953.82,1982.459
2025-01-14,1989.387,2076.957,1979.139,2075.756
2025-01-15,2064.476,2064.476,2032.574,2037.933
2025-01-16,2051.095,2084.226,2029.816,2051.351
2025-01-17,2041.71,2083.202,2041.581,2067.275
2025-01-20,2090.143,2118.738,2090.066,2104.728
2025-01-21,2125.067,2125.067,2090.318,2112.39
2025-01-22,2103.832,2110.897,2081.075,2101.035
2025-01-23,2125.295,2151.477,2093.313,2093.313
2025-01-24,2084.134,2131.554,2084.134,2121.839
2025-01-27,2119.169,2123.148,2063.82,2063.82
2025-02-05,2082.991,2083.007,2054.371,2062.923
2025-02-06,2059.449,2120.788,2056.179,2120.745
2025-02-07,2127.136,2200.102,2122.348,2174.351
2025-02-10,2183.78,2188.128,2156.755,2183.877
2025-02-11,2182.909,2182.909,2150.473,2152.732
2025-02-12,2144.727,2194.103,2142.049,2191.76
2025-02-13,2186.138,2203.636,2175.424,2176.156
2025-02-14,2176.323,2223.386,2176.212,2215.298
2025-02-17,2243.658,2245.371,2208.769,2226.615
2025-02-18,2223.48,2231.275,2173.54,2182.574
2025-02-19,2174.956,2228.482,2174.007,2226.982
2025-02-20,2222.373,2233.983,2204.641,2225.584
2025-02-21,2228.917,2284.038,2228.917,2281.512
2025-02-24,2277.154,2283.79,2245.614,2266.244
2025-02-25,2227.29,2265.911,2224.458,2240.589
2025-02-26,2246.954,2268.569,2232.309,2268.215
2025-02-27,2268.503,2279.387,2225.532,2256.508
2025-02-28,2238.34,2240.776,2163.687,2170.392
2025-03-03,2176.817,2232.198,2161.359,2196.525
2025-03-04,2170.989,2193.532,2161.056,2190.078
2025-03-05,2190.577,2200.87,2173.904,2190.362
2025-03-06,2204.247,2243.279,2202.007,2234.689
2025-03-07,2221.909,2226.004,2195.128,2205.307
2025-03-10,2211.097,2217.774,2182.581,2199.877
2025-03-11,2172.179,2204.03,2171.267,2204.03
2025-03-12,2211.146,2214.973,2191.099,2191.268
2025-03-13,2189.469,2200.91,2154.949,2166.004
2025-03-14,2165.532,2233.83,2161.89,2226.716
2025-03-17,2230.854,2233.333,2212.018,2215.127
2025-03-18,2225.204,2242.217,2215.373,2228.644
2025-03-19,2221.602,2237.95,2208.256,2222.347
2025-03-20,2220.496,2221.606,2198.375,2200.032
2025-03-21,2193.361,2201.417,2149.091,2152.279
2025-03-24,2154.67,2160.464,2125.129,2152.555
2025-03-25,2154.204,2165.015,2136.607,2145.479
2025-03-26,2143.119,2157.78,2139.902,2139.902
2025-03-27,2130.489,2165.16,2117.755,2145.095
2025-03-28,2140.066,2152.398,2128.209,2128.209
2025-03-31,2117.885,2123.872,2087.129,2103.699
2025-04-01,2108.455,2127.538,2100.297,2101.878
2025-04-02,2103.387,2121.555,2097.824,2104.625
2025-04-03,2078.146,2097.67,2057.634,2065.403
2025-04-07,1925.641,1939.269,1756.64,1807.206
2025-04-08,1837.544,1877.441,1812.128,1840.312
2025-04-09,1805.464,1872.929,1777.248,1858.356
2025-04-10,1920.64,1944.102,1897.335,1900.528
2025-04-11,1885.855,1943.435,1884.599,1926.37
2025-04-14,1954.049,1956.156,1928.633,1932.913
2025-04-15,1933.886,1940.747,1918.436,1930.399
2025-04-16,1918.029,1919.093,1879.776,1907.109
2025-04-17,1893.017,1923.53,1892.474,1908.776
2025-04-18,1904.994,1917.593,1898.78,1913.97
2025-04-21,1910.904,1947.562,1901.813,1944.318
2025-04-22,1933.832,1939.688,1923.374,1928.432
2025-04-23,1950.435,1962.678,1935.681,1949.162
2025-04-24,1946.23,1958.216,1930.902,1935.858
2025-04-25,1941.815,1960.634,1937.706,1947.186
2025-04-28,1951.16,1951.16,1930.064,1934.457
2025-04-29,1929.272,1941.175,1923.856,1931.942
2025-04-30,1936.122,1954.623,1931.836,1948.03
2025-05-06,1966.968,1988.051,1964.458,1986.409
2025-05-07,2024.301,2035.474,1982.374,1996.51
2025-05-08,1994.052,2036.101,1991.655,2029.452
2025-05-09,2028.427,2028.427,2004.477,2011.767
2025-05-12,2042.902,2066.313,2038.336,2064.714
2025-05-13,2091.349,2091.349,2058.741,2062.261
2025-05-14,2062.274,2103.369,2051.823,2083.142
2025-05-15,2076.042,2076.042,2043.097,2043.247
2025-05-16,2035.865,2050.888,2035.865,2039.445
2025-05-19,2038.048,2038.048,2017.167,2032.756
2025-05-20,2041.496,2059.516,2025.855,2048.459
2025-05-21,2052.001,2077.481,2050.207,2065.39
2025-05-22,2065.413,2065.413,2043.894,2045.566
2025-05-23,2043.202,2060.093,2021.499,2021.499
2025-05-26,2016.37,2023.485,1991.785,2005.259
2025-05-27,2001.622,2001.622,1983.898,1991.643
2025-05-28,1996.488,2001.951,1981.668,1985.383
2025-05-29,1988.319,2016.214,1986.629,2012.548
2025-05-30,2002.732,2004.504,1988.186,1993.188
2025-06-03,1986.543,2012.24,1985.567,2002.7
2025-06-04,2009.374,2030.922,2009.374,2024.933
2025-06-05,2026.631,2053.563,2014.435,2048.615
2025-06-06,2047.866,2051.912,2034.098,2039.435
2025-06-09,2046.427,2075.58,2045.644,2061.291
2025-06-10,2057.97,2063.871,2023.168,2037.271
2025-06-11,2044.284,2076.913,2044.284,2061.867
2025-06-12,2057.196,2076.838,2051.24,2067.154
2025-06-13,2054.967,2065.867,2036.963,2043.824
2025-06-16,2038.699,2062.423,2038.699,2057.323
2025-06-17,2061.469,2063.084,2045.054,2049.943
2025-06-18,2046.694,2059.376,2039.248,2054.729
2025-06-19,2049.176,2057.765,2021.176,2026.817
2025-06-20,2026.881,2036.019,2007.507,2009.893
2025-06-23,1996.962,2021.763,1996.962,2017.634
2025-06-24,2024.702,2065.836,2024.702,2064.135
2025-06-25,2073.259,2133.034,2072.866,2128.392
2025-06-26,2128.859,2142.21,2113.137,2114.425
2025-06-27,2125.849,2146.036,2112.745,2124.344
2025-06-30,2132.931,2154.0,2128.78,2153.014
2025-07-01,2149.216,2152.918,2134.571,2147.919
2025-07-02,2140.14,2140.14,2118.552,2123.719
2025-07-03,2130.739,2168.61,2130.739,2164.088
2025-07-04,2168.346,2187.884,2153.621,2156.234
2025-07-07,2148.934,2155.686,2126.323,2130.186
2025-07-08,2129.489,2183.057,2129.489,2181.077
2025-07-09,2179.317,2204.635,2179.109,2184.675
2025-07-10,2192.988,2199.71,2174.211,2189.577
2025-07-11,2190.007,2223.305,2181.186,2207.097
2025-07-14,2207.543,2208.076,2189.08,2197.068
2025-07-15,2211.405,2245.44,2209.902,2235.049
2025-07-16,2241.21,2259.635,2227.823,2230.194
2025-07-17,2228.524,2269.668,2228.524,2269.327
2025-07-18,2279.667,2296.911,2263.971,2277.152
2025-07-21,2285.414,2297.136,2273.809,2296.883
2025-07-22,2295.364,2313.459,2290.378,2310.856
2025-07-23,2308.114,2333.31,2304.63,2310.671
2025-07-24,2319.252,2345.367,2318.417,2345.367
2025-07-25,2348.281,2350.062,2332.025,2340.056
2025-07-28,2346.381,2366.507,2334.16,2362.6
2025-07-29,2362.775,2406.594,2355.375,2406.594
2025-07-30,2395.859,2395.885,2349.182,2367.684
2025-07-31,2382.967,2394.216,2321.716,2328.313
2025-08-01,2323.921,2348.015,2304.385,2322.627
2025-08-04,2307.373,2334.43,2304.483,2334.323
2025-08-05,2349.436,2350.996,2323.739,2343.376
2025-08-06,2335.95,2359.823,2335.95,2358.955
2025-08-07,2359.423,2372.683,2322.805,2342.861
2025-08-08,2338.249,2353.988,2330.01,2333.959
2025-08-11,2336.929,2384.86,2336.929,2379.816
2025-08-12,2381.163,2409.398,2368.813,2409.398
2025-08-13,2417.469,2497.857,2414.482,2496.504
2025-08-14,2496.627,2513.37,2463.858,2469.656
2025-08-15,2464.666,2541.894,2464.666,2534.219
2025-08-18,2549.552,2633.861,2529.249,2606.202
2025-08-19,2596.578,2634.597,2586.948,2601.743
2025-08-20,2572.005,2608.0,2547.44,2607.653
2025-08-21,2614.915,2626.374,2582.054,2595.465
2025-08-22,2587.529,2683.9,2587.529,2682.553
2025-08-25,2720.281,2782.014,2700.278,2762.99
2025-08-26,2747.107,2773.24,2726.724,2742.127
2025-08-27,2747.5,2822.271,2723.198,2723.198
2025-08-28,2707.339,2827.172,2707.339,2827.172
2025-08-29,2828.012,2933.992,2809.318,2890.125
2025-09-01,2914.642,2958.141,2886.73,2956.375
2025-09-02,2951.03,2979.735,2839.923,2872.222
2025-09-03,2882.843,2926.776,2859.507,2899.373
2025-09-04,2933.678,2956.411,2741.076,2776.248
2025-09-05,2789.909,2962.467,2775.17,2958.181
2025-09-08,2964.428,2964.428,2883.261,2933.246
2025-09-09,2901.289,2924.575,2843.672,2867.969
2025-09-10,2890.052,2926.161,2860.262,2904.269
2025-09-11,2917.767,3053.749,2899.83,3053.749
2025-09-12,3024.104,3056.526,3009.902,3020.423
2025-09-15,3052.059,3106.879,3044.688,3066.18
2025-09-16,3072.302,3089.781,3020.628,3087.04
2025-09-17,3085.71,3152.308,3064.769,3147.345
2025-09-18,3119.774,3168.679,3051.299,3095.851
2025-09-19,3098.278,3128.379,3072.762,3091.003
2025-09-22,3093.968,3107.887,3053.354,3107.887
2025-09-23,3139.5,3157.023,3041.461,3114.553
2025-09-24,3089.904,3185.837,3085.701,3185.571
2025-09-25,3167.752,3266.003,3161.076,3235.765
2025-09-26,3222.187,3251.882,3150.843,3151.53
2025-09-29,3165.065,3259.42,3164.804,3238.012
2025-09-30,3239.326,3279.018,3218.693,3238.16
2025-10-09,3251.04,3322.444,3243.706,3261.822
2025-10-10,3230.457,3235.855,3097.635,3113.262
2025-10-13,2975.026,3096.401,2975.026,3078.762
2025-10-14,3120.995,3124.834,2943.583,2955.983
2025-10-15,2964.517,3030.586,2927.515,3025.867
2025-10-16,3008.372,3068.838,3001.105,3037.442
2025-10-17,3026.398,3042.286,2932.684,2935.37
2025-10-20,3007.208,3042.199,2970.188,2993.455
2025-10-21,3017.772,3101.932,2994.76,3083.716
2025-10-22,3061.267,3089.764,3044.045,3059.319
2025-10-23,3050.736,3066.46,3003.336,3062.163
2025-10-24,3087.628,3171.569,3082.064,3171.569
2025-10-27,3227.179,3241.951,3179.623,3234.455
2025-10-28,3205.442,3282.328,3205.05,3229.575
2025-10-29,3263.984,3324.271,3258.689,3324.271
2025-10-30,3313.788,3331.859,3259.21,3263.022
2025-10-31,3260.264,3281.662,3187.533,3187.533
2025-11-03,3179.297,3199.399,3120.851,3196.871
2025-11-04,3190.404,3207.102,3111.02,3134.09
2025-11-05,3068.948,3179.929,3068.948,3166.231
2025-11-06,3185.128,3236.679,3177.603,3224.624
2025-11-07,3201.259,3240.345,3178.802,3208.206
2025-11-10,3221.933,3236.605,3138.303,3178.827
2025-11-11,3197.123,3209.89,3130.575,3134.316
2025-11-12,3122.577,3137.582,3078.644,3122.027
2025-11-13,3119.086,3209.703,3107.623,3201.754
2025-11-14,3145.924,3167.105,3111.507,3111.507
2025-11-17,3097.335,3120.735,3082.234,3105.203
2025-11-18,3089.382,3115.306,3052.636,3069.219
2025-11-19,3065.165,3113.222,3061.963,3076.845
2025-11-20,3131.838,3137.065,3039.377,3042.341
2025-11-21,2979.371,2996.794,2920.039,2920.078
2025-11-24,2946.456,2951.434,2892.274,2929.043
2025-11-25,2970.731,3027.83,2961.932,2980.934
2025-11-26,2976.705,3081.491,2962.992,3044.695
2025-11-27,3041.205,3113.442,3027.305,3031.296
2025-11-28,3029.977,3067.76,3013.494,3052.587
2025-12-01,3060.557,3093.962,3037.688,3092.499
2025-12-02,3091.369,3094.177,3056.362,3071.149
2025-12-03,3078.858,3105.304,3028.696,3036.786
2025-12-04,3037.051,3075.458,3016.579,3067.484
2025-12-05,3084.217,3115.814,3048.943,3109.297
2025-12-08,3119.151,3214.478,3119.151,3190.269
2025-12-09,3183.613,3235.536,3175.506,3209.603
2025-12-10,3201.378,3220.235,3143.415,3209.004
2025-12-11,3210.546,3246.317,3163.675,3163.675
2025-12-12,3172.731,3203.254,3137.625,3194.359
2025-12-15,3157.32,3184.625,3135.663,3137.801
2025-12-16,3130.428,3141.579,3058.792,3071.762
2025-12-17,3072.621,3181.689,3072.621,3175.908
2025-12-18,3138.657,3154.066,3107.065,3107.065
2025-12-19,3134.804,3157.29,3112.032,3122.238
2025-12-22,3153.749,3197.941,3153.749,3191.985
2025-12-23,3196.309,3227.067,3184.534,3205.011
2025-12-24,3207.409,3234.999,3193.967,3229.577
2025-12-25,3232.971,3249.105,3200.492,3239.343
2025-12-26,3232.409,3268.695,3219.131,3243.876
2025-12-29,3237.773,3250.088,3208.076,3222.611
2025-12-30,3208.323,3251.133,3207.729,3242.905
2025-12-31,3247.737,3254.89,3198.248,3203.172
2026-01-05,3229.933,3295.286,3229.933,3294.551
2026-01-06,3279.811,3321.436,3265.729,3319.292
2026-01-07,3331.341,3351.216,3298.553,3329.693
2026-01-08,3308.738,3328.955,3285.164,3302.307
2026-01-09,3279.376,3330.012,3269.993,3327.813
2026-01-12,3323.636,3398.05,3282.389,3388.341
2026-01-13,3390.688,3416.837,3307.631,3321.889
2026-01-14,3333.171,3403.954,3308.627,3349.138
2026-01-15,3318.109,3372.474,3309.062,3367.917
2026-01-16,3394.346,3407.862,3354.649,3361.017
2026-01-19,3340.936,3383.789,3326.134,3337.608
2026-01-20,3340.456,3347.944,3257.435,3277.979
2026-01-21,3270.127,3329.502,3270.127,3295.523
2026-01-22,3312.751,3337.272,3280.317,3328.647
2026-01-23,3334.017,3349.503,3316.654,3349.503
2026-01-26,3365.606,3367.992,3304.356,3319.149
2026-01-27,3316.021,3366.683,3277.257,3342.599
2026-01-28,3359.788,3361.14,3301.048,3323.562
2026-01-29,3322.48,3356.485,3298.588,3304.51
2026-01-30,3301.541,3369.245,3255.648,3346.355
2026-02-02,3368.141,3390.299,3262.122,3264.111
2026-02-03,3318.06,3332.477,3249.061,3324.892
2026-02-04,3298.322,3318.898,3244.711,3311.515
2026-02-05,3277.721,3288.375,3238.784,3260.278
2026-02-06,3222.884,3288.032,3199.144,3236.464
2026-02-09,3299.597,3340.329,3276.567,3332.77
2026-02-10,3321.884,3348.483,3320.537,3320.537
2026-02-11,3312.643,3324.182,3284.239,3284.735
2026-02-12,3294.571,3334.354,3292.677,3328.063
2026-02-13,3309.429,3323.369,3275.289,3275.958
2026-02-24,3331.795,3343.244,3292.5,3308.265
2026-02-25,3313.093,3363.182,3302.759,3354.819
2026-02-26,3346.743,3351.573,3310.554,3344.982
2026-02-27,3303.977,3326.585,3292.892,3310.305
2026-03-02,3257.051,3319.908,3257.051,3294.161
2026-03-03,3316.633,3331.264,3206.615,3209.482
2026-03-04,3171.185,3217.111,3149.412,3164.371
2026-03-05,3236.151,3264.796,3194.956,3216.939
2026-03-06,3197.665,3248.898,3177.871,3229.302
2026-03-09,3152.717,3220.015,3111.883,3208.582
2026-03-10,3281.944,3308.747,3272.99,3306.141
2026-03-11,3318.413,3388.103,3318.413,3349.529
2026-03-12,3357.033,3358.771,3286.767,3317.522
2026-03-13,3296.503,3342.854,3296.114,3310.278
2026-03-16,3323.979,3360.354,3284.048,3357.022
2026-03-17,3385.712,3390.021,3279.875,3280.059
2026-03-18,3307.822,3350.556,3274.26,3346.365
2026-03-19,3311.445,3361.215,3295.453,3309.103
2026-03-20,3362.072,3426.609,3348.7,3352.103
2026-03-23,3300.558,3334.456,3214.819,3235.221
2026-03-24,3266.932,3270.191,3155.271,3251.545
2026-03-25,3287.171,3325.263,3278.726,3316.971
2026-03-26,3299.031,3347.23,3263.996,3272.488
2026-03-27,3236.37,3323.333,3228.411,3295.88
2026-03-30,3254.431,3281.393,3224.599,3273.355
2026-03-31,3247.279,3280.479,3184.952,3184.952
2026-04-01,3255.264,3255.264,3206.802,3247.523
2026-04-02,3229.6,3229.679,3155.13,3172.649
2026-04-03,3197.771,3199.438,3149.153,3149.596
2026-04-07,3162.823,3181.351,3133.779,3160.816
2026-04-08,3257.906,3348.392,3243.782,3347.61
2026-04-09,3316.291,3340.298,3301.646,3323.299
2026-04-10,3355.073,3470.719,3354.765,3448.787
2026-04-13,3434.32,3492.482,3434.32,3476.44
2026-04-14,3507.11,3560.302,3493.368,3558.527
2026-04-15,3596.079,3599.979,3491.451,3514.96
2026-04-16,3531.261,3629.422,3518.358,3626.271
2026-04-17,3643.153,3685.098,3620.328,3678.293
2026-04-20,3657.348,3696.26,3642.807,3677.576
2026-04-21,3662.259,3695.742,3619.485,3688.937
2026-04-22,3660.42,3755.751,3660.085,3752.759
2026-04-23,3769.019,3785.23,3681.571,3720.247
2026-04-24,3682.499,3699.939,3624.995,3667.785
2026-04-27,3677.89,3686.943,3640.115,3648.788
2026-04-28,3623.49,3636.934,3580.389,3596.712
2026-04-29,3578.423,3692.206,3578.423,3687.168
2026-04-30,3704.109,3718.399,3660.219,3677.148
2026-05-06,3760.671,3815.07,3724.527,3778.159
2026-05-07,3807.99,3840.055,3761.232,3833.057
2026-05-08,3792.042,3840.156,3787.174,3796.128
2026-05-11,3829.608,3937.874,3797.498,3928.974
2026-05-12,3947.137,3954.991,3897.817,3934.882
2026-05-13,3900.737,4041.989,3893.803,4038.333
2026-05-14,4087.851,4090.422,3937.601,3951.14
2026-05-15,3957.738,4002.727,3870.374,3929.064
2026-05-18,3895.068,3961.156,3883.405,3914.875
2026-05-19,3894.001,3918.307,3808.47,3908.438
2026-05-20,3889.679,3947.22,3887.155,3921.789
2026-05-21,3962.303,4017.809,3827.516,3829.779
2026-05-22,3875.813,3948.989,3856.207,3938.502
2026-05-25,3974.975,4022.737,3905.695,4021.16
2026-05-26,4003.133,4057.369,3985.513,4043.066
2026-05-27,4053.675,4148.234,4015.65,4045.773
2026-05-28,4042.078,4135.375,3971.719,4125.075
2026-05-29,4141.914,4158.694,4010.119,4037.951
2026-06-01,4057.393,4081.418,3942.683,3950.943
2026-06-02,3987.406,4083.925,3946.108,4055.871
2026-06-03,4089.02,4218.331,4063.205,4122.987
2026-06-04,4072.549,4114.237,4051.146,4088.884
2026-06-05,4079.952,4105.21,3933.065,3957.935
2026-06-08,3820.231,3903.774,3776.927,3811.785
2026-06-09,3865.693,3962.898,3823.76,3961.749
2026-06-10,3897.73,3928.36,3818.312,3854.793
2026-06-11,3839.187,3910.278,3755.613,3811.246
2026-06-12,3921.089,3921.535,3822.422,3830.353
2026-06-15,3896.167,4033.535,3844.08,4033.535
2026-06-16,4065.271,4142.433,4053.878,4102.942
2026-06-17,4061.297,4168.165,4058.614,4167.048
2026-06-18,4153.621,4272.008,4153.621,4252.39
2026-06-22,4272.988,4359.392,4229.315,4359.392
2026-06-23,4343.875,4350.063,4159.476,4192.194
2026-06-24,4181.906,4257.25,4161.581,4251.424
2026-06-25,4278.339,4380.413,4242.863,4371.989
2026-06-26,4319.409,4328.7,4175.377,4194.209
2026-06-29,4200.674,4265.463,4103.633,4216.699
2026-06-30,4217.633,4353.105,4205.742,4342.712
2026-07-01,4336.161,4361.825,4222.223,4260.721
2026-07-02,4135.342,4168.873,3999.567,4017.273
2026-07-03,4010.819,4115.628,3985.363,4019.934
2026-07-06,4050.876,4063.631,3903.478,3948.86
2026-07-07,3931.439,3976.114,3859.426,3911.907
2026-07-08,3932.42,3965.388,3824.33,3845.351
2026-07-09,3892.123,4025.316,3812.655,4018.174
2026-07-10,4041.859,4060.533,3842.347,3842.731
2026-07-13,3809.858,3855.753,3691.232,3723.517
2026-07-14,3729.613,3855.035,3673.958,3851.137
2026-07-15,3879.766,3905.312,3794.344,3804.704
2026-07-16,3710.507,3796.346,3658.068,3692.457
2026-07-17,3642.057,3642.057,3387.26,3428.63
2026-07-20,3504.116,3550.594,3338.213,3443.102
2026-07-21,3469.223,3687.147,3373.04,3685.969
2026-07-22,3644.976,3694.9,3553.367,3566.732
2026-07-23,3596.735,3621.728,3538.106,3575.52
2026-07-24,3515.504,3561.35,3480.87,3480.87
2026-07-27,3482.045,3592.1,3449.205,3590.787
2026-07-28,3478.864,3511.7,3312.305,3327.03
2026-07-29,3333.481,3411.032,3249.647,3378.696
2026-07-30,3331.321,3353.81,3158.139,3244.618
2026-07-31,3411.612,3464.897,3343.964,3343.964
2026-08-03,3320.093,3342.173,3280.843,3302.553
2026-08-04,3353.512,3510.512,3342.406,3488.966
2026-08-05,3372.082,3584.062,3372.042,3535.143
2026-08-06,3472.146,3574.406,3444.358,3515.56
2026-08-07,3537.44,3613.871,3507.615,3563.116
2026-08-10,3567.046,3575.589,3470.953,3537.214
2026-08-11,3533.894,3601.59,3517.572,3549.164
2026-08-12,3542.133,3625.268,3540.948,3602.083
2026-08-13,3656.876,3681.799,3585.272,3586.043
2026-08-14,3610.194,3633.034,3578.614,3626.296
2026-08-17,3632.777,3740.157,3604.166,3740.157
2026-08-18,3730.987,3747.528,3662.448,3705.564
2026-08-19,3605.518,3622.503,3455.478,3473.493
2026-08-20,3517.652,3531.923,3459.569,3495.589
2026-08-21,3495.113,3563.059,3478.517,3545.577
2026-08-24,3550.249,3551.508,3376.639,3431.885
2026-08-25,3403.198,3440.65,3359.735,3397.515
2026-08-26,3409.279,3455.888,3379.142,3414.883
2026-08-27,3437.901,3474.069,3408.801,3473.355
2026-08-28,3453.729,3521.469,3423.074,3424.401
2026-08-31,3367.043,3438.681,3359.135,3438.681
2026-09-01,3435.321,3442.477,3375.013,3393.43
2026-09-02,3347.675,3348.693,3296.475,3312.243
2026-09-03,3342.092,3356.246,3285.058,3312.541
2026-09-04,3344.621,3370.468,3266.796,3286.546
2026-09-07,3326.417,3409.365,3320.265,3398.681
