date,score,conf,eff_cap,open,high,low,close,ops,shares,cash,equity,pos
2020-01-02,-19.6,18.2,0.054599999999999996,1005.617,1019.91,1005.617,1019.723,（无操作）,0.0,1.0,1.0,0.0
2020-01-03,10.2,40.6,0.24360000000000004,1021.669,1029.071,1018.681,1024.482,（无操作）,0.0,1.0,1.0,0.0
2020-01-06,-9.5,15.6,0.078,1019.999,1040.14,1019.999,1027.277,（无操作）,0.0,1.0,1.0,0.0
2020-01-07,33.1,42.7,0.29890000000000005,1025.663,1043.083,1019.858,1043.083,"开盘加仓2成(Score+33,Δ+43,隔夜确认)",0.00019489837302799507,0.8,1.0032951796331602,0.20262748566926436
2020-01-08,0.1,18.2,0.091,1035.836,1059.436,1034.513,1051.16,战略上限0.9成：开盘减1.1成,8.801714784219528e-05,0.9106560650611724,1.0031761701869744,0.09222717591921854
2020-01-09,-15.8,5.2,0.015600000000000003,1060.58,1081.404,1060.58,1078.312,战略上限0.2成：开盘减0.8成,1.4767846415005483e-05,0.9883039657967675,1.0042283118002249,0.015857296409927633
2020-01-10,8.0,20.6,0.10300000000000001,1082.31,1088.543,1076.438,1076.438,（无操作）,1.4767846415005483e-05,0.9883039657967675,1.0042006368560432,0.01583017424590076
2020-01-13,-1.6,25.5,0.1275,1076.762,1105.848,1069.779,1105.848,冲高(+2%)减1.5成(价格强于环境),0.0,1.0045153410126328,1.0045153410126328,0.0
2020-01-14,28.2,51.1,0.30660000000000004,1107.776,1133.899,1107.776,1118.306,冲高回落企稳加1.5成,0.00013466975957548204,0.8538380398607379,1.004440040012557,0.14993627708224003
2020-01-15,5.4,24.5,0.12250000000000001,1113.252,1120.346,1105.575,1114.766,战略上限1.2成：开盘减0.3成,0.00011045165769595623,0.880785409789147,1.0039131624322373,0.12264781183342768
2020-01-16,38.2,49.3,0.34509999999999996,1116.508,1161.477,1116.508,1154.303,"开盘加仓2成(Score+38,Δ+33,隔夜确认)；冲高(+3%)防守减1.5成；冲高回落企稳加1.5成",0.00028967406112088756,0.6798889880274669,1.0142606258014908,0.32967033252404543
2020-01-17,2.4,55.8,0.279,1159.372,1252.556,1159.372,1238.664,战略上限2.8成：开盘减0.5成；冲高(+3%)防守减1.5成,0.00011684488652989058,0.8845975392523275,1.029329093780988,0.14060765930264782
2020-01-20,-11.7,34.6,0.1038,1239.439,1270.359,1208.69,1240.509,战略上限1.0成：开盘减0.4成；冲高(+2%)减1.5成(价格强于环境),0.0,1.0314832441662227,1.0314832441662227,0.0
2020-01-21,26.1,54.4,0.32639999999999997,1233.646,1247.841,1194.797,1195.014,（无操作）,0.0,1.0314832441662227,1.0314832441662227,0.0
2020-01-22,37.9,42.2,0.2954,1178.784,1247.61,1157.29,1244.525,"开盘加仓2成(Score+38,Δ+12,隔夜确认)；冲高(+3%)防守减1.5成",4.748753429401978e-05,0.979831720714599,1.038931144331864,0.05688483201191526
2020-01-23,4.0,42.8,0.21400000000000002,1219.233,1262.436,1177.094,1202.102,冲高(+3%)防守减1.5成,0.0,1.0394372230215132,1.0394372230215132,0.0
2020-02-03,-32.5,14.1,0.014099999999999998,1018.276,1082.789,1015.597,1030.55,（无操作）,0.0,1.0394372230215132,1.0394372230215132,0.0
2020-02-04,-26.9,32.3,0.09689999999999999,1049.956,1153.232,1049.956,1153.232,（无操作）,0.0,1.0394372230215132,1.0394372230215132,0.0
2020-02-05,-1.9,4.4,0.022,1166.973,1240.368,1166.973,1203.613,（无操作）,0.0,1.0394372230215132,1.0394372230215132,0.0
2020-02-06,-6.8,7.3,0.0365,1191.731,1251.843,1191.731,1238.757,（无操作）,0.0,1.0394372230215132,1.0394372230215132,0.0
2020-02-07,-6.6,9.9,0.0495,1240.038,1307.757,1234.234,1307.757,（无操作）,0.0,1.0394372230215132,1.0394372230215132,0.0
2020-02-10,-2.5,10.2,0.051000000000000004,1310.526,1336.526,1293.43,1322.25,（无操作）,0.0,1.0394372230215132,1.0394372230215132,0.0
2020-02-11,-5.9,23.7,0.11850000000000001,1318.42,1318.42,1266.214,1283.572,（无操作）,0.0,1.0394372230215132,1.0394372230215132,0.0
2020-02-12,-17.9,3.6,0.0108,1274.796,1360.549,1274.796,1348.702,（无操作）,0.0,1.0394372230215132,1.0394372230215132,0.0
2020-02-13,-5.2,17.7,0.0885,1360.129,1409.684,1353.045,1360.709,（无操作）,0.0,1.0394372230215132,1.0394372230215132,0.0
2020-02-14,-9.7,13.0,0.065,1359.373,1382.955,1305.974,1327.224,（无操作）,0.0,1.0394372230215132,1.0394372230215132,0.0
2020-02-17,-21.8,23.5,0.0705,1332.965,1381.553,1332.965,1381.553,（无操作）,0.0,1.0394372230215132,1.0394372230215132,0.0
2020-02-18,-4.6,3.3,0.0165,1381.583,1404.712,1372.526,1399.384,（无操作）,0.0,1.0394372230215132,1.0394372230215132,0.0
2020-02-19,-9.1,12.4,0.062,1398.781,1412.169,1373.444,1373.444,（无操作）,0.0,1.0394372230215132,1.0394372230215132,0.0
2020-02-20,-6.4,2.5,0.0125,1377.756,1390.019,1321.734,1348.338,（无操作）,0.0,1.0394372230215132,1.0394372230215132,0.0
2020-02-21,-16.2,21.4,0.0642,1337.557,1373.667,1337.557,1346.863,（无操作）,0.0,1.0394372230215132,1.0394372230215132,0.0
2020-02-24,3.8,3.1,0.0155,1341.988,1359.227,1328.747,1351.71,（无操作）,0.0,1.0394372230215132,1.0394372230215132,0.0
2020-02-25,-5.6,3.6,0.018,1312.479,1371.576,1312.479,1367.368,（无操作）,0.0,1.0394372230215132,1.0394372230215132,0.0
2020-02-26,1.0,0.6,0.003,1348.075,1361.006,1286.345,1288.242,（无操作）,0.0,1.0394372230215132,1.0394372230215132,0.0
2020-02-27,-4.6,4.0,0.02,1293.187,1293.187,1251.451,1264.941,（无操作）,0.0,1.0394372230215132,1.0394372230215132,0.0
2020-02-28,24.1,4.4,0.0264,1206.858,1231.094,1187.096,1191.055,（无操作）,0.0,1.0394372230215132,1.0394372230215132,0.0
2020-03-02,-24.8,36.7,0.1101,1202.959,1259.076,1194.937,1252.624,（无操作）,0.0,1.0394372230215132,1.0394372230215132,0.0
2020-03-03,39.3,24.8,0.1736,1278.269,1332.835,1272.063,1285.034,"开盘加仓2成(Score+39,Δ+64,隔夜确认)；冲高(+3%)防守减1.5成",2.267266982724039e-05,1.0148285467664788,1.043963698365257,0.027908203747314942
2020-03-04,13.8,13.5,0.081,1268.834,1277.686,1226.802,1255.723,（无操作）,2.267266982724039e-05,1.0148285467664788,1.0432991397399507,0.02728900263501441
2020-03-05,26.5,27.8,0.1668,1277.706,1277.706,1246.714,1264.788,（无操作）,2.267266982724039e-05,1.0148285467664788,1.0435046674919346,0.027480586928641942
2020-03-06,12.6,9.9,0.05940000000000001,1246.096,1255.074,1237.623,1243.373,（无操作）,2.267266982724039e-05,1.0148285467664788,1.0430191322675841,0.027027869987214327
2020-03-09,-12.3,0.1,0.00030000000000000003,1216.035,1223.246,1171.859,1171.859,战略上限0.0成：开盘减0.3成,2.571634797073691e-07,1.0420729580076704,1.0423743173458369,0.0002891085602854636
2020-03-10,-2.9,8.7,0.0435,1148.397,1216.328,1135.209,1216.328,冲高(+2%)减1.5成(价格强于环境),0.0,1.0423740396755061,1.0423740396755061,0.0
2020-03-11,-2.9,39.1,0.1955,1218.516,1233.426,1184.71,1184.71,（无操作）,0.0,1.0423740396755061,1.0423740396755061,0.0
2020-03-12,-6.3,49.0,0.24500000000000002,1161.922,1177.36,1151.785,1167.065,（无操作）,0.0,1.0423740396755061,1.0423740396755061,0.0
2020-03-13,-27.6,74.3,0.22289999999999996,1103.956,1187.701,1103.956,1175.282,（无操作）,0.0,1.0423740396755061,1.0423740396755061,0.0
2020-03-16,18.6,21.4,0.1284,1188.078,1200.464,1115.084,1115.084,（无操作）,0.0,1.0423740396755061,1.0423740396755061,0.0
2020-03-17,-24.4,12.3,0.0369,1132.949,1141.388,1079.838,1131.547,（无操作）,0.0,1.0423740396755061,1.0423740396755061,0.0
2020-03-18,-0.5,15.8,0.079,1145.302,1173.234,1115.019,1115.019,（无操作）,0.0,1.0423740396755061,1.0423740396755061,0.0
2020-03-19,-19.7,27.5,0.08249999999999999,1116.263,1133.695,1091.24,1128.973,（无操作）,0.0,1.0423740396755061,1.0423740396755061,0.0
2020-03-20,-7.0,20.2,0.101,1140.092,1148.09,1114.291,1127.369,（无操作）,0.0,1.0423740396755061,1.0423740396755061,0.0
2020-03-23,-18.6,29.3,0.0879,1092.501,1096.4,1037.528,1039.884,（无操作）,0.0,1.0423740396755061,1.0423740396755061,0.0
2020-03-24,-6.3,13.3,0.0665,1067.014,1071.34,1020.249,1060.843,（无操作）,0.0,1.0423740396755061,1.0423740396755061,0.0
2020-03-25,-3.9,10.2,0.051000000000000004,1097.309,1110.099,1094.163,1101.319,（无操作）,0.0,1.0423740396755061,1.0423740396755061,0.0
2020-03-26,-9.9,22.9,0.1145,1093.331,1111.484,1091.004,1095.338,（无操作）,0.0,1.0423740396755061,1.0423740396755061,0.0
2020-03-27,-0.0,5.0,0.025,1109.542,1110.537,1082.932,1084.505,（无操作）,0.0,1.0423740396755061,1.0423740396755061,0.0
2020-03-30,5.3,4.9,0.0245,1062.899,1062.899,1021.499,1035.827,（无操作）,0.0,1.0423740396755061,1.0423740396755061,0.0
2020-03-31,-17.3,21.3,0.0639,1048.736,1055.268,1027.224,1029.749,（无操作）,0.0,1.0423740396755061,1.0423740396755061,0.0
2020-04-01,28.2,27.2,0.16319999999999998,1026.575,1060.708,1026.575,1037.927,冲高回落企稳加1.5成,0.00015056739729079406,0.8860179337241803,1.0422959006920223,0.14993627708224003
2020-04-02,9.6,19.4,0.097,1033.559,1094.826,1033.559,1094.826,战略上限1.0成：开盘减0.5成；冲高(+3%)防守减1.5成,0.0,1.0445900637996492,1.0445900637996492,0.0
2020-04-03,23.3,51.8,0.31079999999999997,1089.242,1095.311,1074.186,1080.53,（无操作）,0.0,1.0445900637996492,1.0445900637996492,0.0
2020-04-07,18.9,43.3,0.2597999999999999,1109.611,1117.789,1108.778,1111.654,（无操作）,0.0,1.0445900637996492,1.0445900637996492,0.0
2020-04-08,20.4,69.9,0.4194,1104.955,1117.806,1100.31,1104.145,（无操作）,0.0,1.0445900637996492,1.0445900637996492,0.0
2020-04-09,-0.0,41.0,0.205,1107.474,1110.06,1094.924,1101.281,（无操作）,0.0,1.0445900637996492,1.0445900637996492,0.0
2020-04-10,13.8,54.2,0.32520000000000004,1100.368,1100.368,1054.346,1058.44,（无操作）,0.0,1.0445900637996492,1.0445900637996492,0.0
2020-04-13,-9.0,19.5,0.0975,1048.206,1052.006,1038.818,1042.145,（无操作）,0.0,1.0445900637996492,1.0445900637996492,0.0
2020-04-14,-2.0,16.1,0.0805,1049.212,1073.217,1049.212,1073.217,（无操作）,0.0,1.0445900637996492,1.0445900637996492,0.0
2020-04-15,32.3,49.9,0.34930000000000005,1076.941,1101.674,1076.941,1088.203,"开盘加仓2成(Score+32,Δ+34,隔夜确认)；冲高回落企稳加1.5成",0.00033523010753257535,0.6817939945688829,1.046592403276154,0.34855824250715045
2020-04-16,39.8,64.6,0.45219999999999994,1080.873,1097.198,1080.873,1091.933,"开盘加仓2成(Score+40,Δ+8,隔夜确认)",0.0004367793824032775,0.5719772442568738,1.0489110656226317,0.4546942414823806
2020-04-17,18.8,60.0,0.36,1102.657,1129.12,1102.657,1117.07,战略上限3.6成：开盘减1.0成,0.00034398206475724444,0.6742496943345538,1.0585017394129288,0.3630150341476913
2020-04-20,1.6,59.1,0.2955,1119.259,1133.361,1115.722,1133.361,战略上限3.0成：开盘减0.7成,0.00027965803145037714,0.7462089499029674,1.0631624560855983,0.29812330596172976
2020-04-21,8.0,45.3,0.2265,1127.658,1127.658,1108.476,1119.229,战略上限2.3成：开盘减0.7成,0.00021322515671795143,0.8210850557766576,1.0597328347049337,0.22519617314181253
2020-04-22,37.9,52.1,0.36469999999999997,1108.683,1135.849,1108.683,1135.849,"开盘加仓2成(Score+38,Δ+30,隔夜确认)",0.0003477909182057139,0.6718196882470489,1.0668576549000908,0.3702817942380855
2020-04-23,4.3,51.4,0.257,1140.801,1157.869,1140.549,1149.716,战略上限2.6成：开盘减1.1成,0.00024073001188678017,0.7938938096421,1.0706649559885213,0.2585039743743967
2020-04-24,13.4,43.1,0.25860000000000005,1148.59,1155.543,1139.305,1144.153,（无操作）,0.00024073001188678017,0.7938938096421,1.0693257749323952,0.2575753542532055
2020-04-27,24.1,38.1,0.2286,1140.194,1145.748,1136.234,1138.1,战略上限2.3成：开盘减0.3成,0.00021420039475105612,0.8241275954674095,1.0679090647335865,0.22827923960641125
2020-04-28,-0.2,14.0,0.06999999999999999,1130.615,1130.615,1037.26,1113.513,战略上限0.7成：开盘减1.6成,6.60184096571523e-05,0.9915806021568152,1.0650929595493799,0.06901966324485542
2020-04-29,25.0,54.9,0.32939999999999997,1105.6,1125.193,1102.572,1102.698,（无操作）,6.60184096571523e-05,0.9915806021568152,1.0643789704489377,0.06839515840999504
2020-04-30,-7.8,24.4,0.122,1107.426,1171.8,1107.426,1166.348,冲高(+2%)减1.5成(价格强于环境),0.0,1.0661160291997565,1.0661160291997565,0.0
2020-05-06,-7.7,31.4,0.157,1155.117,1252.754,1155.117,1247.513,（无操作）,0.0,1.0661160291997565,1.0661160291997565,0.0
2020-05-07,-2.5,14.5,0.0725,1249.636,1249.636,1218.238,1224.105,（无操作）,0.0,1.0661160291997565,1.0661160291997565,0.0
2020-05-08,3.4,17.9,0.0895,1230.907,1272.625,1230.907,1240.246,（无操作）,0.0,1.0661160291997565,1.0661160291997565,0.0
2020-05-11,18.2,20.5,0.123,1244.303,1268.077,1215.97,1226.061,（无操作）,0.0,1.0661160291997565,1.0661160291997565,0.0
2020-05-12,-27.3,22.1,0.06630000000000001,1222.387,1233.639,1203.147,1233.592,（无操作）,0.0,1.0661160291997565,1.0661160291997565,0.0
2020-05-13,-5.8,1.3,0.006500000000000001,1227.722,1252.578,1227.722,1247.034,（无操作）,0.0,1.0661160291997565,1.0661160291997565,0.0
2020-05-14,0.7,0.3,0.0015,1241.844,1258.254,1238.23,1242.169,（无操作）,0.0,1.0661160291997565,1.0661160291997565,0.0
2020-05-15,14.9,16.0,0.096,1244.741,1280.05,1244.741,1270.481,（无操作）,0.0,1.0661160291997565,1.0661160291997565,0.0
2020-05-18,21.5,26.2,0.15719999999999998,1279.29,1279.29,1253.328,1254.299,（无操作）,0.0,1.0661160291997565,1.0661160291997565,0.0
2020-05-19,42.6,51.0,0.357,1260.221,1324.418,1260.221,1324.418,"开盘加仓2成(Score+43,Δ+21,隔夜确认)；冲高(+3%)防守减1.5成",4.5910226550197194e-05,1.0127302690375788,1.0735345994647378,0.05663937655803174
2020-05-20,30.4,55.9,0.39130000000000004,1317.404,1348.577,1297.673,1306.998,（无操作）,4.5910226550197194e-05,1.0127302690375788,1.0727348433182333,0.05593607279040708
2020-05-21,32.1,70.0,0.49000000000000005,1305.912,1309.505,1251.523,1251.931,"开盘加仓2成(Score+32,Δ+2,隔夜确认)",0.00021010948505414257,0.7981932720751388,1.0612358498084564,0.24786439110664663
2020-05-22,-9.5,29.2,0.146,1247.605,1258.314,1208.82,1230.659,战略上限1.5成：开盘减1.0成,0.0001240839286165993,0.9054655234572303,1.0581705269646058,0.14431039196056084
2020-05-25,11.6,36.2,0.2172,1223.866,1227.559,1205.725,1212.087,（无操作）,0.0001240839286165993,0.9054655234572303,1.0558660402423383,0.14244280150405125
2020-05-26,-7.8,12.4,0.062,1217.622,1272.92,1217.622,1272.661,战略上限0.6成：开盘减0.8成；冲高(+2%)减1.5成(价格强于环境),0.0,1.0577867715913385,1.0577867715913385,0.0
2020-05-27,25.1,26.4,0.15839999999999999,1271.457,1281.205,1251.082,1253.272,（无操作）,0.0,1.0577867715913385,1.0577867715913385,0.0
2020-05-28,30.3,45.2,0.3164,1251.059,1256.218,1206.617,1232.22,"开盘加仓2成(Score+30,Δ+5,隔夜确认)",0.00016901811065986156,0.8462294172730708,1.0544969135903655,0.19750413076903434
2020-05-29,21.9,21.5,0.129,1227.2,1267.427,1227.2,1246.111,战略上限1.3成：开盘减0.7成；冲高(+3%)防守减1.5成,0.0,1.057620313825567,1.057620313825567,0.0
2020-06-01,12.3,38.3,0.2298,1257.966,1309.96,1257.966,1300.741,（无操作）,0.0,1.057620313825567,1.057620313825567,0.0
2020-06-02,-1.4,31.9,0.1595,1305.797,1312.516,1294.219,1305.637,（无操作）,0.0,1.057620313825567,1.057620313825567,0.0
2020-06-03,27.1,41.9,0.25139999999999996,1305.734,1314.144,1293.595,1294.28,（无操作）,0.0,1.057620313825567,1.057620313825567,0.0
2020-06-04,-12.8,9.9,0.029700000000000004,1295.155,1306.067,1291.208,1299.803,（无操作）,0.0,1.057620313825567,1.057620313825567,0.0
2020-06-05,-1.8,9.2,0.046,1300.254,1307.887,1292.051,1297.306,（无操作）,0.0,1.057620313825567,1.057620313825567,0.0
2020-06-08,2.8,17.2,0.086,1306.497,1311.682,1277.289,1280.053,（无操作）,0.0,1.057620313825567,1.057620313825567,0.0
2020-06-09,-10.7,8.6,0.025799999999999997,1277.447,1278.852,1269.112,1278.507,（无操作）,0.0,1.057620313825567,1.057620313825567,0.0
2020-06-10,-5.2,5.0,0.025,1278.074,1278.074,1265.111,1269.978,（无操作）,0.0,1.057620313825567,1.057620313825567,0.0
2020-06-11,3.6,18.3,0.0915,1270.724,1294.34,1265.378,1273.59,（无操作）,0.0,1.057620313825567,1.057620313825567,0.0
2020-06-12,-26.8,13.9,0.0417,1246.803,1268.46,1246.803,1262.29,（无操作）,0.0,1.057620313825567,1.057620313825567,0.0
2020-06-15,-0.4,21.7,0.1085,1262.476,1271.905,1249.583,1249.909,（无操作）,0.0,1.057620313825567,1.057620313825567,0.0
2020-06-16,38.5,44.1,0.3087,1259.086,1289.135,1259.086,1289.135,"开盘加仓2成(Score+38,Δ+39,隔夜确认)",0.0001679141485079806,0.8460962510604537,1.0625602568972892,0.20371927561917058
2020-06-17,-9.1,16.2,0.081,1291.035,1299.777,1280.519,1291.117,战略上限0.8成：开盘减1.2成,6.668542897453267e-05,0.9767207260733572,1.062819417074669,0.08100970834564906
2020-06-18,-4.4,20.8,0.10400000000000001,1289.765,1304.486,1286.473,1302.371,（无操作）,6.668542897453267e-05,0.9767207260733572,1.0635698948923484,0.08165816768232399
2020-06-19,2.4,27.9,0.1395,1301.021,1329.202,1301.021,1325.147,（无操作）,6.668542897453267e-05,0.9767207260733572,1.0650887222226724,0.08296773245791669
2020-06-22,5.5,15.3,0.0765,1347.942,1380.374,1347.942,1371.207,战略上限0.8成：开盘减0.1成,6.053344614833221e-05,0.9850090958500541,1.0680129809427703,0.07771804891308147
2020-06-23,32.6,60.1,0.42069999999999996,1365.329,1407.193,1365.329,1407.193,"开盘加仓2成(Score+33,Δ+27,隔夜确认)；冲高(+3%)防守减1.5成",0.00010297059316794018,0.9315461632953376,1.076445661207111,0.1346092080015307
2020-06-24,-4.2,37.7,0.1885,1408.548,1432.988,1406.869,1424.277,（无操作）,0.00010297059316794018,0.9315461632953376,1.078204810820792,0.13602114000382662
2020-06-29,-18.9,7.5,0.0225,1415.911,1415.911,1393.715,1401.644,战略上限0.2成：开盘减1.1成,1.7119879408990287e-05,1.0530423547795016,1.0770383310338363,0.022279593551049692
2020-06-30,27.7,37.8,0.22679999999999997,1410.577,1455.666,1410.577,1447.886,冲高(+3%)防守减1.5成；冲高回落企稳加1.5成,0.00011154050834613769,0.9163246040355295,1.0778225445027854,0.1498372262585741
2020-07-01,-18.9,18.0,0.054000000000000006,1453.252,1460.488,1417.503,1439.878,战略上限0.5成：开盘减1.0成,4.007201629656167e-05,1.020134402179056,1.0778332168601166,0.0535322290856331
2020-07-02,-1.3,42.5,0.2125,1439.009,1452.71,1424.291,1437.052,（无操作）,4.007201629656167e-05,1.020134402179056,1.0777199733420624,0.05343277714750972
2020-07-03,1.9,38.5,0.1925,1435.082,1441.081,1408.033,1438.585,（无操作）,4.007201629656167e-05,1.020134402179056,1.077781403743045,0.053486728722341954
2020-07-06,-7.3,37.4,0.187,1445.607,1544.373,1445.607,1538.402,冲高(+2%)减1.5成(价格强于环境),0.0,1.0791918137092242,1.0791918137092242,0.0
2020-07-07,2.5,51.2,0.256,1550.296,1615.663,1550.296,1572.189,（无操作）,0.0,1.0791918137092242,1.0791918137092242,0.0
2020-07-08,-7.1,20.7,0.1035,1572.776,1607.739,1568.372,1599.905,（无操作）,0.0,1.0791918137092242,1.0791918137092242,0.0
2020-07-09,12.0,50.1,0.30060000000000003,1596.984,1680.924,1596.984,1666.85,（无操作）,0.0,1.0791918137092242,1.0791918137092242,0.0
2020-07-10,16.3,46.2,0.2772,1653.505,1680.301,1641.648,1654.827,（无操作）,0.0,1.0791918137092242,1.0791918137092242,0.0
2020-07-13,0.7,48.6,0.24300000000000002,1647.183,1721.976,1647.183,1721.976,（无操作）,0.0,1.0791918137092242,1.0791918137092242,0.0
2020-07-14,1.5,29.6,0.148,1714.871,1718.911,1653.797,1701.583,（无操作）,0.0,1.0791918137092242,1.0791918137092242,0.0
2020-07-15,13.5,72.5,0.43499999999999994,1702.581,1702.581,1612.035,1612.035,（无操作）,0.0,1.0791918137092242,1.0791918137092242,0.0
2020-07-16,-3.1,24.7,0.12350000000000001,1606.435,1606.435,1463.909,1469.798,（无操作）,0.0,1.0791918137092242,1.0791918137092242,0.0
2020-07-17,-13.6,7.7,0.023100000000000002,1475.464,1489.356,1433.723,1443.397,（无操作）,0.0,1.0791918137092242,1.0791918137092242,0.0
2020-07-20,10.8,18.2,0.10919999999999999,1459.784,1459.784,1392.959,1459.034,（无操作）,0.0,1.0791918137092242,1.0791918137092242,0.0
2020-07-21,14.7,50.5,0.303,1456.487,1495.057,1456.487,1490.171,（无操作）,0.0,1.0791918137092242,1.0791918137092242,0.0
2020-07-22,13.9,47.5,0.28500000000000003,1474.015,1518.855,1474.015,1497.231,（无操作）,0.0,1.0791918137092242,1.0791918137092242,0.0
2020-07-23,20.8,67.1,0.40259999999999996,1487.197,1510.65,1465.706,1494.139,（无操作）,0.0,1.0791918137092242,1.0791918137092242,0.0
2020-07-24,3.7,25.5,0.1275,1467.103,1467.103,1389.305,1389.305,（无操作）,0.0,1.0791918137092242,1.0791918137092242,0.0
2020-07-27,10.3,46.9,0.2814,1396.488,1398.907,1365.778,1374.519,（无操作）,0.0,1.0791918137092242,1.0791918137092242,0.0
2020-07-28,12.4,23.3,0.1398,1385.793,1403.547,1385.793,1400.535,（无操作）,0.0,1.0791918137092242,1.0791918137092242,0.0
2020-07-29,-3.6,15.6,0.078,1400.92,1476.925,1400.92,1476.925,（无操作）,0.0,1.0791918137092242,1.0791918137092242,0.0
2020-07-30,35.6,56.8,0.39759999999999995,1484.43,1495.233,1470.439,1472.792,"开盘加仓2成(Score+36,Δ+39,隔夜确认)",0.00014532884507393297,0.8633534509673794,1.0773926113615073,0.19866403216153983
2020-07-31,32.0,51.0,0.357,1469.1,1512.977,1469.1,1512.977,（无操作）,0.00014532884507393297,0.8633534509673794,1.0832326510008032,0.20298428027467283
2020-08-03,12.3,29.9,0.17939999999999998,1533.227,1622.813,1533.227,1622.813,战略上限1.8成：开盘减0.3成；冲高(+3%)防守减1.5成,2.3922738558424778e-05,1.0541465543723727,1.0929686855005858,0.03551989333567433
2020-08-04,31.5,51.8,0.3625999999999999,1620.795,1625.671,1555.926,1566.055,"开盘加仓2成(Score+32,Δ+19,隔夜确认)",0.00015871760432528898,0.8355624724895377,1.084122970331178,0.2292733431943704
2020-08-05,15.6,48.3,0.28979999999999995,1592.388,1593.61,1558.273,1588.622,（无操作）,0.00015871760432528898,0.8355624724895377,1.0877047505079869,0.23181132370773608
2020-08-06,30.5,53.5,0.3745,1582.475,1583.799,1555.598,1573.869,"开盘加仓2成(Score+30,Δ+15,隔夜确认)",0.0002571302454661104,0.6797490604280717,1.0844383827295734,0.37317871512707157
2020-08-07,22.3,67.5,0.40499999999999997,1561.856,1561.856,1494.912,1526.804,（无操作）,0.0002571302454661104,0.6797490604280717,1.072336547726711,0.36610473468511456
2020-08-10,7.7,32.9,0.1645,1520.103,1550.954,1509.609,1535.597,战略上限1.6成：开盘减2.0成,0.00011585788838195708,0.8943902199818541,1.0723012458075223,0.16591515352729816
2020-08-11,15.1,35.7,0.21420000000000003,1531.605,1536.251,1491.841,1491.841,（无操作）,0.00011585788838195708,0.8943902199818541,1.0672317680434813,0.16195315135576557
2020-08-12,-5.2,12.9,0.0645,1485.557,1485.557,1426.733,1458.643,战略上限0.6成：开盘减1.0成,4.630552025348158e-05,0.9976625653180179,1.065205788297117,0.0634086142989108
2020-08-13,33.6,31.8,0.2226,1465.605,1481.869,1459.716,1468.229,"开盘加仓2成(Score+34,Δ+39,隔夜确认)",0.0001617775265999582,0.8283415972816592,1.0658680533839893,0.22284789880718833
2020-08-14,-22.8,21.1,0.0633,1466.795,1486.096,1455.451,1484.041,战略上限0.6成：开盘减1.6成,4.598785984217731e-05,0.9980963816815125,1.0663442511895571,0.06400172311325442
2020-08-17,3.3,12.7,0.0635,1486.813,1500.054,1473.949,1496.4,战略上限0.6成：开盘减0.0成,4.554772848071816e-05,0.9987504475149227,1.0669080684134693,0.06388331189574702
2020-08-18,41.4,40.6,0.2842,1496.421,1512.509,1495.768,1512.509,"开盘加仓2成(Score+41,Δ+38,隔夜确认)",0.00018807123449904707,0.7853686425317692,1.0698280773526885,0.2658926614870867
2020-08-19,31.3,33.0,0.231,1516.976,1516.976,1472.021,1472.021,战略上限2.3成：开盘减0.4成,0.00016303774894903554,0.8233248517090956,1.0633198419548038,0.2257034814703563
2020-08-20,1.7,6.9,0.034499999999999996,1460.035,1471.221,1442.322,1442.579,战略上限0.3成：开盘减1.9成,2.5079614986358938e-05,1.024647843977232,1.0608271698846385,0.034104825870307484
2020-08-21,3.3,15.0,0.075,1447.801,1466.311,1445.913,1447.714,（无操作）,2.5079614986358938e-05,1.024647843977232,1.0609559537075937,0.03422207076880064
2020-08-24,4.0,7.9,0.0395,1453.492,1455.719,1427.218,1450.667,（无操作）,2.5079614986358938e-05,1.024647843977232,1.0610300138106483,0.034289482257670735
2020-08-25,3.1,33.6,0.16799999999999998,1449.538,1455.599,1426.105,1427.705,（无操作）,2.5079614986358938e-05,1.024647843977232,1.0604541356913315,0.03376505452615048
2020-08-26,25.3,28.3,0.1698,1422.003,1426.8,1377.588,1383.305,（无操作）,2.5079614986358938e-05,1.024647843977232,1.0593406007859372,0.0327493884242389
2020-08-27,-10.7,17.0,0.051000000000000004,1389.94,1426.826,1384.706,1417.559,冲高(+2%)减1.5成(价格强于环境),0.0,1.0601864090608268,1.0601864090608268,0.0
2020-08-28,-20.1,12.7,0.038099999999999995,1415.649,1415.996,1394.335,1413.637,（无操作）,0.0,1.0601864090608268,1.0601864090608268,0.0
2020-08-31,14.6,29.0,0.174,1417.664,1441.082,1417.664,1423.236,（无操作）,0.0,1.0601864090608268,1.0601864090608268,0.0
2020-09-01,-6.4,21.8,0.10900000000000001,1424.433,1434.23,1421.027,1426.651,（无操作）,0.0,1.0601864090608268,1.0601864090608268,0.0
2020-09-02,-7.7,36.3,0.1815,1430.867,1433.662,1412.079,1422.953,（无操作）,0.0,1.0601864090608268,1.0601864090608268,0.0
2020-09-03,-17.3,25.6,0.07680000000000001,1422.415,1422.415,1399.509,1402.144,（无操作）,0.0,1.0601864090608268,1.0601864090608268,0.0
2020-09-04,-26.2,11.1,0.033299999999999996,1377.394,1392.426,1377.394,1390.284,（无操作）,0.0,1.0601864090608268,1.0601864090608268,0.0
2020-09-07,-29.0,14.1,0.0423,1387.493,1392.998,1351.589,1356.699,（无操作）,0.0,1.0601864090608268,1.0601864090608268,0.0
2020-09-08,-4.2,9.6,0.048,1356.821,1356.821,1330.317,1344.613,（无操作）,0.0,1.0601864090608268,1.0601864090608268,0.0
2020-09-09,-23.3,14.0,0.041999999999999996,1331.429,1331.429,1289.753,1298.079,（无操作）,0.0,1.0601864090608268,1.0601864090608268,0.0
2020-09-10,9.8,25.3,0.1265,1309.316,1316.237,1277.815,1280.189,（无操作）,0.0,1.0601864090608268,1.0601864090608268,0.0
2020-09-11,-13.8,2.5,0.0075,1279.841,1313.028,1278.404,1312.512,（无操作）,0.0,1.0601864090608268,1.0601864090608268,0.0
2020-09-14,1.8,3.3,0.0165,1334.985,1371.698,1334.985,1348.07,（无操作）,0.0,1.0601864090608268,1.0601864090608268,0.0
2020-09-15,13.1,33.2,0.19920000000000002,1348.788,1369.589,1335.652,1364.603,（无操作）,0.0,1.0601864090608268,1.0601864090608268,0.0
2020-09-16,21.0,13.3,0.07980000000000001,1363.319,1363.319,1343.808,1349.672,（无操作）,0.0,1.0601864090608268,1.0601864090608268,0.0
2020-09-17,-26.0,23.9,0.07169999999999999,1347.454,1390.303,1335.92,1383.59,（无操作）,0.0,1.0601864090608268,1.0601864090608268,0.0
2020-09-18,16.7,5.0,0.03,1386.382,1403.899,1382.8,1403.899,（无操作）,0.0,1.0601864090608268,1.0601864090608268,0.0
2020-09-21,-20.1,28.5,0.08549999999999999,1407.069,1409.059,1391.572,1397.746,（无操作）,0.0,1.0601864090608268,1.0601864090608268,0.0
2020-09-22,-30.7,39.6,0.0396,1389.783,1402.788,1381.531,1390.086,（无操作）,0.0,1.0601864090608268,1.0601864090608268,0.0
2020-09-23,-26.7,36.7,0.1101,1401.375,1438.792,1401.375,1423.904,（无操作）,0.0,1.0601864090608268,1.0601864090608268,0.0
2020-09-24,-1.9,16.6,0.08299999999999999,1412.157,1414.335,1392.169,1394.926,（无操作）,0.0,1.0601864090608268,1.0601864090608268,0.0
2020-09-25,-1.7,10.9,0.05450000000000001,1399.388,1399.388,1361.962,1364.025,（无操作）,0.0,1.0601864090608268,1.0601864090608268,0.0
2020-09-28,37.7,41.7,0.29190000000000005,1367.462,1367.462,1337.246,1338.952,"开盘加仓2成(Score+38,Δ+39,隔夜确认)",0.00015498150307217924,0.8481491272486614,1.055661920750162,0.19657125962641547
2020-09-29,-21.9,4.4,0.0132,1345.991,1402.876,1345.991,1389.963,战略上限0.1成：开盘减1.8成；冲高(+2%)减1.5成(价格强于环境),0.0,1.0569273769533472,1.0569273769533472,0.0
2020-09-30,11.3,24.5,0.147,1394.863,1431.145,1394.863,1418.796,（无操作）,0.0,1.0569273769533472,1.0569273769533472,0.0
2020-10-09,4.2,4.5,0.0225,1446.516,1467.148,1446.516,1465.959,（无操作）,0.0,1.0569273769533472,1.0569273769533472,0.0
2020-10-12,6.9,33.5,0.1675,1475.258,1490.575,1470.456,1490.575,（无操作）,0.0,1.0569273769533472,1.0569273769533472,0.0
2020-10-13,-19.8,18.6,0.0558,1491.855,1498.041,1488.563,1497.596,（无操作）,0.0,1.0569273769533472,1.0569273769533472,0.0
2020-10-14,-5.5,14.9,0.0745,1495.34,1495.34,1484.121,1488.67,（无操作）,0.0,1.0569273769533472,1.0569273769533472,0.0
2020-10-15,12.3,19.6,0.11760000000000001,1489.381,1489.381,1452.864,1453.789,（无操作）,0.0,1.0569273769533472,1.0569273769533472,0.0
2020-10-16,20.6,16.1,0.0966,1457.151,1457.922,1429.443,1438.528,（无操作）,0.0,1.0569273769533472,1.0569273769533472,0.0
2020-10-19,7.4,28.5,0.14250000000000002,1444.841,1444.841,1411.367,1412.148,（无操作）,0.0,1.0569273769533472,1.0569273769533472,0.0
2020-10-20,-5.4,22.6,0.11299999999999999,1413.866,1427.394,1405.386,1426.181,（无操作）,0.0,1.0569273769533472,1.0569273769533472,0.0
2020-10-21,-17.1,11.6,0.0348,1427.236,1427.236,1396.966,1396.977,（无操作）,0.0,1.0569273769533472,1.0569273769533472,0.0
2020-10-22,1.5,45.3,0.2265,1395.131,1395.131,1375.114,1376.581,（无操作）,0.0,1.0569273769533472,1.0569273769533472,0.0
2020-10-23,13.6,42.7,0.25620000000000004,1380.37,1387.322,1336.527,1336.527,（无操作）,0.0,1.0569273769533472,1.0569273769533472,0.0
2020-10-26,21.9,43.4,0.26039999999999996,1332.684,1361.0,1317.228,1356.107,（无操作）,0.0,1.0569273769533472,1.0569273769533472,0.0
2020-10-27,-17.1,19.8,0.05940000000000001,1359.176,1386.135,1359.176,1385.745,（无操作）,0.0,1.0569273769533472,1.0569273769533472,0.0
2020-10-28,-12.0,1.4,0.0042,1396.56,1412.98,1393.14,1406.075,（无操作）,0.0,1.0569273769533472,1.0569273769533472,0.0
2020-10-29,-6.0,25.5,0.1275,1394.28,1417.593,1392.802,1412.055,（无操作）,0.0,1.0569273769533472,1.0569273769533472,0.0
2020-10-30,-3.6,24.3,0.12150000000000001,1413.511,1429.012,1393.91,1393.91,（无操作）,0.0,1.0569273769533472,1.0569273769533472,0.0
2020-11-02,-9.2,19.9,0.0995,1402.083,1406.747,1371.03,1400.912,（无操作）,0.0,1.0569273769533472,1.0569273769533472,0.0
2020-11-03,-0.6,1.8,0.009,1403.643,1450.796,1403.643,1449.007,（无操作）,0.0,1.0569273769533472,1.0569273769533472,0.0
2020-11-04,17.0,47.8,0.28679999999999994,1454.73,1462.391,1446.872,1458.896,（无操作）,0.0,1.0569273769533472,1.0569273769533472,0.0
2020-11-05,28.1,71.3,0.42779999999999996,1477.614,1478.908,1455.012,1475.375,（无操作）,0.0,1.0569273769533472,1.0569273769533472,0.0
2020-11-06,38.8,89.1,0.6236999999999999,1477.528,1477.528,1431.358,1441.474,"开盘加仓2成(Score+39,Δ+11,隔夜确认)",0.00014299548670003749,0.8455419015626777,1.0516661777581275,0.19599781808601274
2020-11-09,4.3,50.8,0.254,1446.472,1490.903,1444.212,1485.148,冲高(+3%)防守减1.5成,3.70415865321874e-05,1.0033201033775858,1.0583323415326908,0.05198011626048922
2020-11-10,0.0,23.3,0.1165,1483.656,1483.656,1441.404,1441.965,（无操作）,3.70415865321874e-05,1.0033201033775858,1.0567327747014714,0.050545107147807314
2020-11-11,8.9,35.4,0.177,1440.779,1440.779,1395.51,1395.51,（无操作）,3.70415865321874e-05,1.0033201033775858,1.0550120077991187,0.048996508133939
2020-11-12,-12.2,27.3,0.0819,1404.81,1420.185,1404.81,1413.294,（无操作）,3.70415865321874e-05,1.0033201033775858,1.055670755374007,0.04958994244173628
2020-11-13,10.0,36.8,0.22079999999999997,1406.685,1439.76,1403.843,1436.887,（无操作）,3.70415865321874e-05,1.0033201033775858,1.0565446775250609,0.050376075219225824
2020-11-16,-6.5,26.6,0.133,1520.274,1520.274,1445.032,1446.951,（无操作）,3.70415865321874e-05,1.0033201033775858,1.056917464051921,0.05071101812326769
2020-11-17,36.7,47.4,0.3318,1455.231,1455.231,1426.538,1430.809,"开盘加仓2成(Score+37,Δ+43,隔夜确认)",0.0001822688144400822,0.7918752696999043,1.0526671298201038,0.24774389997792345
2020-11-18,22.0,58.1,0.3486,1431.659,1440.286,1418.663,1419.226,（无操作）,0.0001822688144400822,0.7918752696999043,1.0505559101424444,0.24623214999329807
2020-11-19,37.5,62.7,0.4389,1415.637,1435.925,1410.861,1435.925,"开盘加仓2成(Score+38,Δ+16,隔夜确认)",0.0003254369163058395,0.5890998704478588,1.0564028744943215,0.44235302206097366
2020-11-20,18.3,56.6,0.3396,1433.947,1436.074,1429.223,1430.72,战略上限3.4成：开盘减1.0成,0.0002500342138370566,0.6971692877053641,1.0548982381263179,0.33911228352825984
2020-11-23,32.7,70.8,0.49559999999999993,1429.389,1429.389,1412.708,1418.102,"开盘加仓2成(Score+33,Δ+14,隔夜确认)",0.00036558281293490194,0.5319228092412362,1.0503565274298468,0.49357880362507345
2020-11-24,19.9,59.6,0.35760000000000003,1412.025,1419.234,1412.025,1412.747,战略上限3.6成：开盘减1.3成,0.0002654436241069452,0.6732511478269795,1.048255831453194,0.35774156687146363
2020-11-25,20.7,59.8,0.35879999999999995,1414.189,1414.189,1388.316,1388.364,（无操作）,0.0002654436241069452,0.6732511478269795,1.0417835195665943,0.35375139346889717
2020-11-26,37.8,72.7,0.5089,1386.214,1396.87,1380.853,1385.31,"开盘加仓2成(Score+38,Δ+17,隔夜确认)",0.000382186507017266,0.5113396138269868,1.0407864038630756,0.5086987955174538
2020-11-27,4.3,35.9,0.1795,1386.655,1396.536,1381.733,1387.769,战略上限1.8成：开盘减3.3成,0.00013479447290518906,0.8542154911881381,1.0412790820572995,0.17964789084168656
2020-11-30,35.7,54.2,0.37940000000000007,1392.954,1395.741,1383.407,1385.483,"开盘加仓2成(Score+36,Δ+31,隔夜确认)",0.0002837299148622937,0.6466515414624134,1.0397545150955687,0.37807287001492207
2020-12-01,48.8,73.3,0.5131,1386.578,1407.513,1386.578,1404.238,"开盘加仓2成(Score+49,Δ+13,隔夜确认)",0.0003848231884056761,0.5064077455646557,1.0467910900050654,0.5162284524582598
2020-12-02,12.0,42.7,0.25620000000000004,1408.67,1418.215,1406.446,1408.488,战略上限2.6成：开盘减2.6成,0.00019069394228424797,0.779735058675961,1.048325188056017,0.2562087913561644
2020-12-03,49.2,61.3,0.4290999999999999,1410.435,1417.029,1399.814,1410.829,"开盘加仓2成(Score+49,Δ+37,隔夜确认)",0.0003189832803574704,0.5987008142443828,1.0487316766878325,0.4291191659860644
2020-12-04,24.8,61.7,0.37020000000000003,1409.592,1409.795,1402.366,1404.866,战略上限3.7成：开盘减0.6成,0.000275323918081108,0.6602119310903501,1.047005142589284,0.3694281868973245
2020-12-07,47.7,54.1,0.3787,1410.498,1416.397,1404.419,1406.194,"开盘加仓2成(Score+48,Δ+23,隔夜确认)",0.00028152021413138515,0.6514676979724332,1.0473397339627022,0.3779786282837301
2020-12-08,41.9,70.0,0.49000000000000005,1405.719,1405.719,1398.065,1398.73,（无操作）,0.00028152021413138515,0.6514676979724332,1.0452384670844257,0.37672816444497237
2020-12-09,26.1,72.8,0.43679999999999997,1400.567,1400.567,1365.038,1365.038,（无操作）,0.00028152021413138515,0.6514676979724332,1.0357534880299109,0.3710205126013345
2020-12-10,-5.1,45.3,0.2265,1363.003,1370.189,1357.686,1360.184,战略上限2.3成：开盘减1.4成,0.00017202339586213364,0.8006375675179821,1.0346210381953225,0.22615379161965915
2020-12-11,37.1,71.8,0.5025999999999999,1362.344,1362.961,1346.385,1362.961,"开盘加仓2成(Score+37,Δ+42,隔夜确认)",0.00032389037968484836,0.5936390457719052,1.0350890015575458,0.42648502217816114
2020-12-14,-11.4,12.2,0.036599999999999994,1361.607,1378.047,1356.027,1375.064,战略上限0.4成：开盘减3.9成,2.7811407120993312e-05,0.9965806757668603,1.0348231404882817,0.03695555619617941
2020-12-15,-29.2,12.7,0.038099999999999995,1373.959,1377.674,1358.355,1363.183,（无操作）,2.7811407120993312e-05,0.9965806757668603,1.0344927131602772,0.0366479501606148
2020-12-16,30.4,62.3,0.4361,1357.222,1357.222,1341.592,1345.133,"开盘加仓2成(Score+30,Δ+60,隔夜确认)",0.0001801534741299652,0.7897152898943745,1.0320456730112368,0.23480587095511615
2020-12-17,-9.9,51.0,0.255,1343.281,1364.428,1343.281,1363.36,（无操作）,0.0001801534741299652,0.7897152898943745,1.0353293303842037,0.23723276573134813
2020-12-18,-4.7,45.7,0.2285,1381.482,1381.482,1358.661,1361.108,战略上限2.3成：开盘减0.1成,0.0001717856225200802,0.8012695462539128,1.035088331350974,0.2258925910138377
2020-12-21,-1.0,28.1,0.1405,1359.685,1389.368,1359.685,1388.669,战略上限1.4成：开盘减0.9成；冲高(+2%)减1.5成(价格强于环境),0.0,1.0376335505913503,1.0376335505913503,0.0
2020-12-22,-11.4,30.7,0.09209999999999999,1383.289,1385.856,1356.537,1358.619,（无操作）,0.0,1.0376335505913503,1.0376335505913503,0.0
2020-12-23,1.7,24.9,0.12450000000000001,1359.728,1376.685,1356.423,1376.595,（无操作）,0.0,1.0376335505913503,1.0376335505913503,0.0
2020-12-24,-11.8,15.5,0.0465,1378.384,1381.917,1348.013,1348.013,（无操作）,0.0,1.0376335505913503,1.0376335505913503,0.0
2020-12-25,18.6,60.5,0.363,1348.472,1356.571,1343.409,1349.793,（无操作）,0.0,1.0376335505913503,1.0376335505913503,0.0
2020-12-28,-2.5,18.0,0.09,1345.299,1348.939,1335.706,1339.007,（无操作）,0.0,1.0376335505913503,1.0376335505913503,0.0
2020-12-29,9.8,45.3,0.2265,1338.24,1351.183,1336.91,1337.47,（无操作）,0.0,1.0376335505913503,1.0376335505913503,0.0
2020-12-30,9.0,11.6,0.057999999999999996,1336.72,1366.992,1336.72,1362.911,（无操作）,0.0,1.0376335505913503,1.0376335505913503,0.0
2020-12-31,4.5,24.2,0.121,1370.441,1393.121,1370.441,1393.027,（无操作）,0.0,1.0376335505913503,1.0376335505913503,0.0
2021-01-04,-28.1,31.1,0.09330000000000002,1398.956,1424.135,1397.505,1422.125,（无操作）,0.0,1.0376335505913503,1.0376335505913503,0.0
2021-01-05,4.2,9.9,0.0495,1413.182,1426.216,1411.674,1425.16,（无操作）,0.0,1.0376335505913503,1.0376335505913503,0.0
2021-01-06,-2.1,2.8,0.014000000000000002,1430.068,1430.068,1409.907,1415.022,（无操作）,0.0,1.0376335505913503,1.0376335505913503,0.0
2021-01-07,-29.9,37.5,0.1125,1414.897,1414.897,1372.173,1381.942,（无操作）,0.0,1.0376335505913503,1.0376335505913503,0.0
2021-01-08,0.5,20.8,0.10400000000000001,1382.149,1382.149,1367.776,1378.74,（无操作）,0.0,1.0376335505913503,1.0376335505913503,0.0
2021-01-11,-28.8,15.1,0.04529999999999999,1385.353,1406.528,1380.396,1390.655,（无操作）,0.0,1.0376335505913503,1.0376335505913503,0.0
2021-01-12,-26.5,43.9,0.13169999999999998,1389.467,1406.829,1383.557,1405.223,（无操作）,0.0,1.0376335505913503,1.0376335505913503,0.0
2021-01-13,4.6,1.9,0.0095,1412.073,1412.073,1390.619,1407.415,（无操作）,0.0,1.0376335505913503,1.0376335505913503,0.0
2021-01-14,-3.3,7.4,0.037,1406.05,1476.031,1405.706,1447.267,（无操作）,0.0,1.0376335505913503,1.0376335505913503,0.0
2021-01-15,-18.4,30.0,0.09,1450.857,1464.127,1432.586,1447.583,（无操作）,0.0,1.0376335505913503,1.0376335505913503,0.0
2021-01-18,-31.8,79.7,0.07970000000000001,1443.82,1496.322,1440.773,1481.249,（无操作）,0.0,1.0376335505913503,1.0376335505913503,0.0
2021-01-19,-8.3,72.0,0.36,1485.463,1485.463,1443.921,1443.921,（无操作）,0.0,1.0376335505913503,1.0376335505913503,0.0
2021-01-20,-6.7,37.2,0.186,1450.718,1481.453,1450.718,1481.453,（无操作）,0.0,1.0376335505913503,1.0376335505913503,0.0
2021-01-21,-16.8,41.9,0.12569999999999998,1485.65,1491.019,1469.916,1482.285,（无操作）,0.0,1.0376335505913503,1.0376335505913503,0.0
2021-01-22,3.7,15.4,0.077,1482.646,1487.615,1456.612,1486.308,（无操作）,0.0,1.0376335505913503,1.0376335505913503,0.0
2021-01-25,-2.8,22.2,0.11100000000000002,1481.738,1512.114,1474.237,1498.595,（无操作）,0.0,1.0376335505913503,1.0376335505913503,0.0
2021-01-26,-16.8,24.7,0.0741,1497.999,1506.611,1473.411,1478.451,（无操作）,0.0,1.0376335505913503,1.0376335505913503,0.0
2021-01-27,-22.1,32.0,0.096,1481.486,1481.486,1447.094,1458.372,（无操作）,0.0,1.0376335505913503,1.0376335505913503,0.0
2021-01-28,-36.0,67.8,0.0678,1441.398,1458.746,1421.498,1421.587,（无操作）,0.0,1.0376335505913503,1.0376335505913503,0.0
2021-01-29,-5.0,20.8,0.10400000000000001,1435.284,1438.293,1402.794,1421.962,（无操作）,0.0,1.0376335505913503,1.0376335505913503,0.0
2021-02-01,-33.0,84.2,0.08420000000000001,1419.18,1438.13,1412.762,1421.481,（无操作）,0.0,1.0376335505913503,1.0376335505913503,0.0
2021-02-02,-12.0,55.0,0.16499999999999998,1419.711,1438.059,1417.619,1438.059,（无操作）,0.0,1.0376335505913503,1.0376335505913503,0.0
2021-02-03,-3.7,22.4,0.11200000000000002,1436.004,1439.92,1410.147,1410.147,（无操作）,0.0,1.0376335505913503,1.0376335505913503,0.0
2021-02-04,-20.3,29.6,0.08880000000000002,1402.089,1403.838,1368.848,1394.097,（无操作）,0.0,1.0376335505913503,1.0376335505913503,0.0
2021-02-05,-25.6,18.3,0.054900000000000004,1396.125,1404.869,1368.8,1368.8,（无操作）,0.0,1.0376335505913503,1.0376335505913503,0.0
2021-02-08,-27.4,18.4,0.05519999999999999,1371.754,1392.489,1371.754,1382.482,（无操作）,0.0,1.0376335505913503,1.0376335505913503,0.0
2021-02-09,-3.1,8.8,0.044,1389.065,1427.682,1389.065,1427.682,（无操作）,0.0,1.0376335505913503,1.0376335505913503,0.0
2021-02-10,0.9,7.1,0.0355,1424.774,1438.386,1413.64,1437.025,（无操作）,0.0,1.0376335505913503,1.0376335505913503,0.0
2021-02-18,-30.4,17.5,0.017499999999999998,1457.797,1457.797,1429.74,1429.74,（无操作）,0.0,1.0376335505913503,1.0376335505913503,0.0
2021-02-19,16.4,27.1,0.16260000000000002,1426.101,1428.157,1404.816,1427.907,（无操作）,0.0,1.0376335505913503,1.0376335505913503,0.0
2021-02-22,5.8,29.9,0.14950000000000002,1431.558,1436.416,1389.126,1389.916,（无操作）,0.0,1.0376335505913503,1.0376335505913503,0.0
2021-02-23,26.5,14.2,0.08519999999999998,1371.627,1400.285,1371.627,1390.527,冲高回落企稳加1.5成,6.354583363838113e-05,0.9492271720809673,1.0375893694926446,0.08516104733694807
2021-02-24,-10.2,1.0,0.003,1393.719,1393.719,1363.415,1365.637,战略上限0.0成：开盘减0.8成,2.2338625098609135e-06,1.0346361053406927,1.0376867506370717,0.0029398518334227855
2021-02-25,20.1,34.9,0.20939999999999998,1373.844,1373.844,1349.711,1349.711,（无操作）,2.2338625098609135e-06,1.0346361053406927,1.0376511741427397,0.0029056670268192935
2021-02-26,-20.4,14.9,0.044700000000000004,1319.89,1340.376,1319.89,1325.587,（无操作）,2.2338625098609135e-06,1.0346361053406927,1.0375972844435517,0.0028538809297742485
2021-03-01,12.1,10.0,0.06,1339.994,1358.41,1337.887,1358.141,（无操作）,2.2338625098609135e-06,1.0346361053406927,1.0376700056036978,0.0029237621272862582
2021-03-02,1.0,22.8,0.11399999999999999,1373.032,1373.032,1345.712,1352.044,（无操作）,2.2338625098609135e-06,1.0346361053406927,1.0376563857439751,0.0029106749062377904
2021-03-03,25.2,30.8,0.18480000000000002,1350.007,1359.398,1341.082,1359.398,（无操作）,2.2338625098609135e-06,1.0346361053406927,1.0376728135688726,0.0029264602372454395
2021-03-04,-7.5,4.8,0.024,1358.283,1358.283,1323.023,1324.158,（无操作）,2.2338625098609135e-06,1.0346361053406927,1.0375940922540252,0.002850813179657377
2021-03-05,-19.9,20.9,0.0627,1307.064,1335.957,1307.064,1329.839,冲高(+2%)减1.5成(价格强于环境),0.0,1.037612813534987,1.037612813534987,0.0
2021-03-08,-0.5,1.3,0.006500000000000001,1337.021,1337.021,1275.456,1275.456,（无操作）,0.0,1.037612813534987,1.037612813534987,0.0
2021-03-09,-20.3,15.4,0.046200000000000005,1275.323,1275.323,1228.379,1230.137,（无操作）,0.0,1.037612813534987,1.037612813534987,0.0
2021-03-10,6.2,32.8,0.16399999999999998,1251.183,1251.183,1230.656,1232.735,（无操作）,0.0,1.037612813534987,1.037612813534987,0.0
2021-03-11,-10.8,6.4,0.019200000000000002,1241.103,1272.576,1229.211,1267.301,（无操作）,0.0,1.037612813534987,1.037612813534987,0.0
2021-03-12,10.7,34.8,0.20879999999999996,1268.442,1268.442,1251.898,1261.325,（无操作）,0.0,1.037612813534987,1.037612813534987,0.0
2021-03-15,-17.5,4.8,0.0144,1254.675,1254.675,1215.351,1223.39,（无操作）,0.0,1.037612813534987,1.037612813534987,0.0
2021-03-16,-9.6,6.9,0.034499999999999996,1223.796,1230.5,1213.75,1220.367,（无操作）,0.0,1.037612813534987,1.037612813534987,0.0
2021-03-17,-6.4,4.7,0.0235,1220.446,1237.353,1214.207,1236.541,（无操作）,0.0,1.037612813534987,1.037612813534987,0.0
2021-03-18,23.8,25.3,0.1518,1241.563,1251.505,1239.755,1241.31,（无操作）,0.0,1.037612813534987,1.037612813534987,0.0
2021-03-19,-18.7,39.8,0.11939999999999999,1226.414,1241.077,1224.447,1231.292,（无操作）,0.0,1.037612813534987,1.037612813534987,0.0
2021-03-22,-7.8,6.4,0.032,1229.467,1246.83,1229.467,1242.756,（无操作）,0.0,1.037612813534987,1.037612813534987,0.0
2021-03-23,16.6,20.8,0.12480000000000002,1246.361,1252.634,1234.487,1236.474,（无操作）,0.0,1.037612813534987,1.037612813534987,0.0
2021-03-24,-14.4,22.0,0.066,1228.605,1243.542,1220.609,1221.447,（无操作）,0.0,1.037612813534987,1.037612813534987,0.0
2021-03-25,4.1,3.6,0.018,1212.83,1230.788,1212.83,1219.71,（无操作）,0.0,1.037612813534987,1.037612813534987,0.0
2021-03-26,-31.4,45.2,0.045200000000000004,1224.644,1257.841,1224.644,1256.664,（无操作）,0.0,1.037612813534987,1.037612813534987,0.0
2021-03-29,-14.1,35.7,0.10710000000000001,1262.291,1262.291,1250.36,1250.77,（无操作）,0.0,1.037612813534987,1.037612813534987,0.0
2021-03-30,-22.9,65.5,0.1965,1250.282,1257.29,1245.357,1248.342,（无操作）,0.0,1.037612813534987,1.037612813534987,0.0
2021-03-31,-23.8,54.9,0.16469999999999999,1248.161,1252.736,1238.016,1248.332,（无操作）,0.0,1.037612813534987,1.037612813534987,0.0
2021-04-01,5.6,5.3,0.026500000000000003,1250.998,1269.5,1250.998,1266.745,（无操作）,0.0,1.037612813534987,1.037612813534987,0.0
2021-04-02,37.0,29.9,0.20929999999999999,1276.034,1301.837,1276.034,1299.92,"开盘加仓2成(Score+37,Δ+31,隔夜确认)；冲高回落企稳加1.5成",0.00016706368693132967,0.8242194026735615,1.0413888305893355,0.20853827267657085
2021-04-06,-19.5,8.6,0.025799999999999997,1304.642,1304.642,1293.73,1296.62,战略上限0.3成：开盘减1.8成,2.060962685336733e-05,1.0151939854628704,1.0419168398334835,0.025647780464786347
2021-04-07,32.6,43.1,0.30169999999999997,1296.817,1300.316,1283.739,1298.785,"开盘加仓2成(Score+33,Δ+52,隔夜确认)",0.00018121828633732822,0.8068098054768758,1.0421733974975025,0.2258391862484581
2021-04-08,31.3,49.7,0.34790000000000004,1293.641,1303.075,1287.528,1291.857,（无操作）,0.00018121828633732822,0.8068098054768758,1.0409179172097576,0.2249054491831811
2021-04-09,48.0,67.9,0.4753000000000001,1290.315,1294.004,1270.925,1271.443,"开盘加仓2成(Score+48,Δ+17,隔夜确认)",0.00034243758850811975,0.5986821097544306,1.0340719845999597,0.42104406784984494
2021-04-12,9.9,59.6,0.298,1269.017,1278.235,1241.111,1243.496,战略上限3.0成：开盘减1.2成,0.0002426333822486628,0.7252720175519805,1.0269856578446637,0.2937856414917128
2021-04-13,36.0,63.6,0.4452,1242.758,1257.906,1240.437,1241.398,"开盘加仓2成(Score+36,Δ+26,隔夜确认)",0.00036777597476877664,0.5696722985778713,1.026228658103881,0.444887555926931
2021-04-14,10.2,45.0,0.27,1243.245,1256.672,1243.245,1254.71,战略上限2.7成：开盘减1.8成,0.00022301730060358605,0.7495528111914423,1.0293748484317677,0.2718368703748968
2021-04-15,11.7,41.5,0.24900000000000003,1250.359,1264.158,1246.127,1264.158,战略上限2.5成：开盘减0.2成,0.0002047993580556093,0.7723203901335748,1.0312191370144377,0.2510608439932765
2021-04-16,-6.9,15.0,0.075,1265.15,1279.063,1258.437,1274.702,战略上限0.8成：开盘减1.8成,6.114426933432571e-05,0.9539747530115589,1.0319154754205626,0.07553014201791915
2021-04-19,-5.2,4.4,0.022,1273.08,1300.06,1271.7,1299.007,战略上限0.2成：开盘减0.5成；冲高(+2%)减1.5成(价格强于环境),0.0,1.032231150814657,1.032231150814657,0.0
2021-04-20,-13.9,10.4,0.031200000000000006,1295.611,1303.031,1290.503,1290.503,（无操作）,0.0,1.032231150814657,1.032231150814657,0.0
2021-04-21,-7.7,9.4,0.047,1285.312,1290.001,1276.967,1286.855,（无操作）,0.0,1.032231150814657,1.032231150814657,0.0
2021-04-22,3.6,21.4,0.10700000000000001,1288.583,1307.364,1288.583,1305.181,（无操作）,0.0,1.032231150814657,1.032231150814657,0.0
2021-04-23,19.0,11.8,0.0708,1303.293,1316.883,1303.293,1311.827,（无操作）,0.0,1.032231150814657,1.032231150814657,0.0
2021-04-26,-1.3,10.8,0.054000000000000006,1315.515,1334.808,1314.907,1314.907,（无操作）,0.0,1.032231150814657,1.032231150814657,0.0
2021-04-27,23.0,19.8,0.11880000000000002,1310.659,1315.706,1299.086,1311.913,（无操作）,0.0,1.032231150814657,1.032231150814657,0.0
2021-04-28,-17.8,27.9,0.08369999999999998,1318.548,1325.463,1304.786,1324.236,（无操作）,0.0,1.032231150814657,1.032231150814657,0.0
2021-04-29,18.8,23.1,0.1386,1320.888,1334.042,1314.838,1324.055,（无操作）,0.0,1.032231150814657,1.032231150814657,0.0
2021-04-30,-21.8,21.4,0.0642,1319.008,1326.769,1314.505,1322.24,（无操作）,0.0,1.032231150814657,1.032231150814657,0.0
2021-05-06,-49.5,32.6,0.032600000000000004,1321.214,1321.214,1299.38,1310.125,（无操作）,0.0,1.032231150814657,1.032231150814657,0.0
2021-05-07,10.9,50.7,0.3042,1311.657,1311.657,1263.897,1263.897,（无操作）,0.0,1.032231150814657,1.032231150814657,0.0
2021-05-10,55.0,59.2,0.4144,1262.484,1264.897,1250.352,1254.486,"开盘加仓2成(Score+55,Δ+44,隔夜确认)",0.00016344211778811823,0.8257849206517256,1.0308207692272708,0.1989054302129024
2021-05-11,-6.6,14.8,0.074,1243.809,1260.425,1240.389,1258.107,战略上限0.7成：开盘减1.2成,6.122451407928219e-05,0.9528605265154835,1.029887516250227,0.07479165299060542
2021-05-12,-19.8,3.4,0.010199999999999999,1254.738,1272.687,1252.757,1270.908,战略上限0.1成：开盘减0.6成,8.370471571591356e-06,1.0191453431157045,1.0297834423998125,0.01033042370473247
2021-05-13,-7.5,16.8,0.08399999999999999,1257.867,1286.376,1257.867,1275.477,冲高(+2%)减1.5成(价格强于环境),0.0,1.0298794921199523,1.0298794921199523,0.0
2021-05-14,24.4,24.0,0.144,1277.969,1300.535,1276.842,1300.535,（无操作）,0.0,1.0298794921199523,1.0298794921199523,0.0
2021-05-17,-14.4,9.8,0.029400000000000003,1303.083,1338.078,1303.083,1328.917,（无操作）,0.0,1.0298794921199523,1.0298794921199523,0.0
2021-05-18,-25.6,29.9,0.08969999999999999,1330.472,1330.472,1317.419,1321.641,（无操作）,0.0,1.0298794921199523,1.0298794921199523,0.0
2021-05-19,3.3,25.5,0.1275,1320.68,1333.53,1320.68,1326.143,（无操作）,0.0,1.0298794921199523,1.0298794921199523,0.0
2021-05-20,-24.4,42.9,0.12869999999999998,1322.046,1337.618,1322.046,1329.791,（无操作）,0.0,1.0298794921199523,1.0298794921199523,0.0
2021-05-21,37.5,32.1,0.22470000000000004,1334.601,1336.13,1314.876,1315.207,"开盘加仓2成(Score+38,Δ+62,隔夜确认)",0.0001542580606061429,0.8239035936959619,1.0267848748115853,0.19758888749978135
2021-05-24,-14.0,22.6,0.06780000000000001,1314.792,1332.168,1305.462,1330.872,战略上限0.7成：开盘减1.3成,5.294500890876595e-05,0.9570425807683258,1.027505610664753,0.06857678358645705
2021-05-25,25.6,37.8,0.22679999999999997,1329.676,1370.975,1329.676,1370.121,冲高(+3%)防守减1.5成；冲高回落企稳加1.5成,0.00011242753275317513,0.8754016805495086,1.0294410041528217,0.14963394986396497
2021-05-26,-17.7,0.8,0.0024000000000000002,1371.782,1371.782,1361.432,1364.037,战略上限0.0成：开盘减1.5成,1.801384324246383e-06,1.0270807622140694,1.0295379170835615,0.0023866579644318538
2021-05-27,5.4,6.2,0.031,1362.947,1397.769,1362.947,1397.769,（无操作）,1.801384324246383e-06,1.0270807622140694,1.029598681379587,0.0024455345670642416
2021-05-28,-5.6,5.3,0.026500000000000003,1395.427,1411.047,1382.62,1386.039,（无操作）,1.801384324246383e-06,1.0270807622140694,1.0295775511414635,0.002425061545510596
2021-05-31,8.2,21.2,0.10600000000000001,1398.193,1442.668,1398.193,1442.668,冲高(+3%)防守减1.5成,0.0,1.029673708533394,1.029673708533394,0.0
2021-06-01,1.8,22.1,0.1105,1437.317,1464.957,1437.317,1460.543,（无操作）,0.0,1.029673708533394,1.029673708533394,0.0
2021-06-02,20.7,7.5,0.045,1461.736,1461.736,1425.534,1426.847,（无操作）,0.0,1.029673708533394,1.029673708533394,0.0
2021-06-03,0.6,4.2,0.020999999999999998,1425.796,1438.319,1413.512,1414.534,（无操作）,0.0,1.029673708533394,1.029673708533394,0.0
2021-06-04,-23.8,55.2,0.16560000000000002,1406.315,1442.599,1406.315,1431.522,（无操作）,0.0,1.029673708533394,1.029673708533394,0.0
2021-06-07,21.9,17.6,0.1056,1443.862,1448.144,1427.076,1433.565,（无操作）,0.0,1.029673708533394,1.029673708533394,0.0
2021-06-08,3.1,0.6,0.003,1443.745,1443.745,1412.457,1419.075,（无操作）,0.0,1.029673708533394,1.029673708533394,0.0
2021-06-09,20.7,14.9,0.08940000000000001,1420.306,1440.59,1418.526,1427.321,（无操作）,0.0,1.029673708533394,1.029673708533394,0.0
2021-06-10,1.7,5.8,0.028999999999999998,1427.871,1454.196,1427.871,1450.404,（无操作）,0.0,1.029673708533394,1.029673708533394,0.0
2021-06-11,28.2,44.1,0.26460000000000006,1453.6,1453.6,1435.998,1436.276,（无操作）,0.0,1.029673708533394,1.029673708533394,0.0
2021-06-15,-4.4,15.8,0.079,1442.087,1466.275,1439.28,1448.2,（无操作）,0.0,1.029673708533394,1.029673708533394,0.0
2021-06-16,7.8,20.5,0.1025,1452.946,1452.946,1405.932,1406.47,（无操作）,0.0,1.029673708533394,1.029673708533394,0.0
2021-06-17,-14.5,6.4,0.019200000000000002,1409.047,1474.293,1409.047,1473.512,（无操作）,0.0,1.029673708533394,1.029673708533394,0.0
2021-06-18,-7.8,10.0,0.05,1475.209,1499.432,1475.209,1494.701,（无操作）,0.0,1.029673708533394,1.029673708533394,0.0
2021-06-21,-11.8,7.1,0.021299999999999996,1485.66,1528.127,1485.66,1528.127,（无操作）,0.0,1.029673708533394,1.029673708533394,0.0
2021-06-22,30.7,3.1,0.0217,1531.52,1531.52,1512.862,1523.363,"开盘加仓2成(Score+31,Δ+42,隔夜确认)",1.4582083876557496e-05,1.0073297890582193,1.0295435960986636,0.021576363666988858
2021-06-23,22.7,15.9,0.09540000000000001,1530.636,1551.081,1520.716,1534.301,（无操作）,1.4582083876557496e-05,1.0073297890582193,1.0297030949321053,0.02172791942065713
2021-06-24,41.4,36.8,0.25759999999999994,1531.238,1534.458,1498.456,1504.808,"开盘加仓2成(Score+41,Δ+19,隔夜确认)",0.00014900192691600026,0.801398103056381,1.0256173946949936,0.21861884636355322
2021-06-25,13.3,38.8,0.23279999999999998,1505.287,1534.988,1504.058,1534.85,（无操作）,0.00014900192691600026,0.801398103056381,1.030093710583404,0.22201437129200496
2021-06-28,-15.3,11.6,0.0348,1538.019,1578.69,1538.019,1562.98,战略上限0.3成：开盘减1.9成；冲高(+2%)减1.5成(价格强于环境),0.0,1.0311682290203439,1.0311682290203439,0.0
2021-06-29,23.6,21.5,0.129,1567.883,1575.502,1548.278,1562.078,（无操作）,0.0,1.0311682290203439,1.0311682290203439,0.0
2021-06-30,-12.6,4.0,0.012,1564.317,1599.913,1564.317,1588.217,（无操作）,0.0,1.0311682290203439,1.0311682290203439,0.0
2021-07-01,-4.5,24.0,0.12,1587.527,1591.074,1571.433,1579.804,（无操作）,0.0,1.0311682290203439,1.0311682290203439,0.0
2021-07-02,-11.6,7.6,0.022799999999999997,1563.828,1563.828,1535.299,1538.158,（无操作）,0.0,1.0311682290203439,1.0311682290203439,0.0
2021-07-05,-5.7,27.4,0.137,1545.679,1578.579,1545.679,1575.894,（无操作）,0.0,1.0311682290203439,1.0311682290203439,0.0
2021-07-06,-1.2,2.3,0.0115,1580.284,1581.986,1511.773,1532.792,（无操作）,0.0,1.0311682290203439,1.0311682290203439,0.0
2021-07-07,10.2,14.2,0.08519999999999998,1523.827,1571.35,1523.558,1570.028,（无操作）,0.0,1.0311682290203439,1.0311682290203439,0.0
2021-07-08,-7.2,19.8,0.099,1577.497,1613.605,1577.497,1610.775,（无操作）,0.0,1.0311682290203439,1.0311682290203439,0.0
2021-07-09,-29.0,23.8,0.0714,1598.281,1598.281,1561.967,1583.714,（无操作）,0.0,1.0311682290203439,1.0311682290203439,0.0
2021-07-12,23.8,0.8,0.0048000000000000004,1593.574,1608.622,1582.454,1601.606,（无操作）,0.0,1.0311682290203439,1.0311682290203439,0.0
2021-07-13,20.4,7.0,0.041999999999999996,1602.119,1620.032,1575.98,1590.977,（无操作）,0.0,1.0311682290203439,1.0311682290203439,0.0
2021-07-14,-12.6,43.3,0.12989999999999996,1579.033,1583.933,1556.72,1556.72,（无操作）,0.0,1.0311682290203439,1.0311682290203439,0.0
2021-07-15,19.5,35.3,0.2118,1549.277,1565.624,1541.086,1560.704,（无操作）,0.0,1.0311682290203439,1.0311682290203439,0.0
2021-07-16,-38.1,30.2,0.030199999999999998,1568.171,1568.171,1525.072,1525.234,（无操作）,0.0,1.0311682290203439,1.0311682290203439,0.0
2021-07-19,-28.0,24.9,0.07469999999999999,1514.83,1525.386,1507.516,1514.181,（无操作）,0.0,1.0311682290203439,1.0311682290203439,0.0
2021-07-20,-30.5,27.2,0.027200000000000002,1505.078,1525.139,1505.078,1522.627,（无操作）,0.0,1.0311682290203439,1.0311682290203439,0.0
2021-07-21,-12.4,24.2,0.0726,1528.598,1573.02,1528.598,1565.638,（无操作）,0.0,1.0311682290203439,1.0311682290203439,0.0
2021-07-22,7.0,5.3,0.026500000000000003,1570.488,1583.155,1553.723,1582.132,（无操作）,0.0,1.0311682290203439,1.0311682290203439,0.0
2021-07-23,3.7,0.8,0.004,1593.314,1593.314,1548.506,1563.49,（无操作）,0.0,1.0311682290203439,1.0311682290203439,0.0
2021-07-26,10.8,16.8,0.1008,1559.836,1562.096,1502.453,1556.979,（无操作）,0.0,1.0311682290203439,1.0311682290203439,0.0
2021-07-27,-2.9,12.1,0.0605,1556.933,1622.16,1545.289,1545.289,（无操作）,0.0,1.0311682290203439,1.0311682290203439,0.0
2021-07-28,-10.6,4.4,0.0132,1532.42,1547.378,1502.406,1518.703,（无操作）,0.0,1.0311682290203439,1.0311682290203439,0.0
2021-07-29,3.7,10.4,0.052000000000000005,1554.134,1597.026,1549.349,1588.465,（无操作）,0.0,1.0311682290203439,1.0311682290203439,0.0
2021-07-30,26.4,21.1,0.1266,1582.575,1607.554,1573.296,1591.219,（无操作）,0.0,1.0311682290203439,1.0311682290203439,0.0
2021-08-02,-10.4,5.0,0.015,1594.033,1613.485,1572.899,1599.474,（无操作）,0.0,1.0311682290203439,1.0311682290203439,0.0
2021-08-03,24.4,28.0,0.16799999999999998,1586.35,1589.427,1561.413,1564.193,（无操作）,0.0,1.0311682290203439,1.0311682290203439,0.0
2021-08-04,17.1,53.7,0.32220000000000004,1566.446,1607.217,1566.446,1605.894,（无操作）,0.0,1.0311682290203439,1.0311682290203439,0.0
2021-08-05,-20.3,20.2,0.0606,1606.651,1612.693,1592.556,1604.807,（无操作）,0.0,1.0311682290203439,1.0311682290203439,0.0
2021-08-06,9.3,36.2,0.181,1630.303,1630.303,1576.059,1586.673,（无操作）,0.0,1.0311682290203439,1.0311682290203439,0.0
2021-08-09,-14.2,11.1,0.033299999999999996,1567.442,1579.807,1551.722,1574.438,（无操作）,0.0,1.0311682290203439,1.0311682290203439,0.0
2021-08-10,-21.0,13.1,0.039299999999999995,1574.012,1588.195,1573.101,1588.195,（无操作）,0.0,1.0311682290203439,1.0311682290203439,0.0
2021-08-11,-23.3,39.8,0.11939999999999999,1589.427,1592.804,1566.751,1578.789,（无操作）,0.0,1.0311682290203439,1.0311682290203439,0.0
2021-08-12,10.2,39.0,0.23399999999999999,1572.146,1599.761,1572.146,1586.501,（无操作）,0.0,1.0311682290203439,1.0311682290203439,0.0
2021-08-13,0.2,10.3,0.051500000000000004,1580.125,1583.808,1552.14,1552.781,（无操作）,0.0,1.0311682290203439,1.0311682290203439,0.0
2021-08-16,-3.1,11.7,0.058499999999999996,1547.395,1563.248,1540.288,1547.931,（无操作）,0.0,1.0311682290203439,1.0311682290203439,0.0
2021-08-17,2.1,17.1,0.08549999999999999,1544.402,1548.521,1507.53,1509.247,（无操作）,0.0,1.0311682290203439,1.0311682290203439,0.0
2021-08-18,-32.4,38.1,0.0381,1514.459,1527.333,1503.534,1507.989,（无操作）,0.0,1.0311682290203439,1.0311682290203439,0.0
2021-08-19,-32.8,41.1,0.041100000000000005,1509.719,1550.824,1509.719,1546.11,（无操作）,0.0,1.0311682290203439,1.0311682290203439,0.0
2021-08-20,-27.4,63.5,0.1905,1537.912,1550.396,1515.505,1529.086,（无操作）,0.0,1.0311682290203439,1.0311682290203439,0.0
2021-08-23,-7.9,19.6,0.098,1534.391,1566.348,1529.706,1564.111,（无操作）,0.0,1.0311682290203439,1.0311682290203439,0.0
2021-08-24,25.1,8.8,0.0528,1567.7,1585.13,1551.512,1578.031,（无操作）,0.0,1.0311682290203439,1.0311682290203439,0.0
2021-08-25,0.2,15.0,0.075,1573.742,1573.742,1536.451,1542.776,（无操作）,0.0,1.0311682290203439,1.0311682290203439,0.0
2021-08-26,5.7,9.1,0.0455,1546.324,1546.324,1497.338,1497.338,（无操作）,0.0,1.0311682290203439,1.0311682290203439,0.0
2021-08-27,-10.1,8.2,0.024599999999999997,1491.341,1503.68,1478.201,1480.314,（无操作）,0.0,1.0311682290203439,1.0311682290203439,0.0
2021-08-30,32.6,30.6,0.21420000000000003,1487.897,1505.335,1463.87,1471.455,"开盘加仓2成(Score+33,Δ+43,隔夜确认)",0.00013853820561088024,0.8249345832162751,1.0287873185534329,0.19814856935036193
2021-08-31,36.1,51.4,0.3598,1463.13,1463.13,1425.537,1441.174,"开盘加仓2成(Score+36,Δ+4,隔夜确认)",0.000252649613477494,0.6578912791123006,1.0220033331661145,0.35627286353931276
2021-09-01,36.4,38.9,0.27230000000000004,1437.264,1437.264,1405.155,1424.664,战略上限2.7成：开盘减0.8成,0.00019343872339821415,0.7429504089908472,1.0185355944222405,0.27057000947298043
2021-09-02,21.5,50.3,0.30179999999999996,1416.158,1421.877,1397.117,1399.482,（无操作）,0.00019343872339821415,0.7429504089908472,1.0136644204896268,0.26706472677418974
2021-09-03,40.0,61.1,0.4277,1399.465,1414.139,1385.624,1400.89,"开盘加仓2成(Score+40,Δ+18,隔夜确认)",0.0003097337130874489,0.5801182658615296,1.014021127188606,0.42790317646544584
2021-09-06,8.3,41.5,0.20750000000000002,1398.243,1441.253,1398.243,1438.995,战略上限2.1成：开盘减2.2成；冲高(+3%)防守减1.5成,4.4831749576745405e-05,0.9547547775203744,1.019267441002563,0.06329316613776395
2021-09-07,4.4,30.7,0.1535,1435.734,1440.23,1433.791,1438.569,（无操作）,4.4831749576745405e-05,0.9547547775203744,1.0192483426772434,0.06327561444688234
2021-09-08,-14.6,7.1,0.021299999999999996,1439.664,1439.664,1411.136,1412.723,战略上限0.2成：开盘减0.4成,1.508062668257075e-05,0.9975649823003984,1.0188697304692798,0.020910178732141422
2021-09-09,5.1,31.4,0.157,1414.073,1423.907,1394.33,1402.191,（无操作）,1.508062668257075e-05,0.9975649823003984,1.018710901309059,0.02075752697010284
2021-09-10,12.6,31.9,0.19139999999999996,1398.332,1428.43,1394.881,1426.814,（无操作）,1.508062668257075e-05,0.9975649823003984,1.0190822315798638,0.02111434054355724
2021-09-13,-26.6,15.0,0.045,1426.54,1426.54,1384.434,1384.434,（无操作）,1.508062668257075e-05,0.9975649823003984,1.0184431146210564,0.020500047593160386
2021-09-14,16.0,38.4,0.2304,1384.283,1412.409,1384.283,1396.669,（无操作）,1.508062668257075e-05,0.9975649823003984,1.0186276260885179,0.0206774715790882
2021-09-15,27.9,18.9,0.11339999999999999,1395.611,1395.611,1380.627,1384.521,（无操作）,1.508062668257075e-05,0.9975649823003984,1.0184444266355779,0.020501309437329435
2021-09-16,-18.2,7.8,0.023399999999999997,1378.177,1378.177,1348.533,1351.425,（无操作）,1.508062668257075e-05,0.9975649823003984,1.0179453182148914,0.02002105176949281
2021-09-17,-25.6,36.0,0.10800000000000001,1349.342,1360.82,1333.389,1349.685,（无操作）,1.508062668257075e-05,0.9975649823003984,1.0179190779244638,0.01999578951360995
2021-09-22,-37.7,62.1,0.0621,1338.014,1360.071,1338.014,1355.281,"开盘减仓3.5成(Score-38,Δ-12)",0.0,1.0177329828856365,1.0177329828856365,0.0
2021-09-23,-13.9,24.6,0.0738,1359.672,1376.046,1355.917,1363.787,（无操作）,0.0,1.0177329828856365,1.0177329828856365,0.0
2021-09-24,1.9,13.5,0.0675,1362.979,1389.438,1362.979,1375.0,（无操作）,0.0,1.0177329828856365,1.0177329828856365,0.0
2021-09-27,-29.6,44.7,0.13410000000000002,1386.524,1390.823,1357.97,1368.691,（无操作）,0.0,1.0177329828856365,1.0177329828856365,0.0
2021-09-28,-14.9,27.6,0.08280000000000001,1362.328,1378.165,1352.736,1354.096,（无操作）,0.0,1.0177329828856365,1.0177329828856365,0.0
2021-09-29,-38.0,73.4,0.0734,1344.887,1356.05,1337.886,1345.77,（无操作）,0.0,1.0177329828856365,1.0177329828856365,0.0
2021-09-30,-34.8,74.0,0.074,1348.65,1371.428,1348.65,1368.716,（无操作）,0.0,1.0177329828856365,1.0177329828856365,0.0
2021-10-08,-37.4,61.2,0.0612,1378.531,1385.266,1361.997,1364.458,（无操作）,0.0,1.0177329828856365,1.0177329828856365,0.0
2021-10-11,-17.1,37.2,0.1116,1367.213,1376.396,1349.126,1349.771,（无操作）,0.0,1.0177329828856365,1.0177329828856365,0.0
2021-10-12,-30.8,74.4,0.07440000000000001,1348.225,1348.225,1313.797,1319.39,（无操作）,0.0,1.0177329828856365,1.0177329828856365,0.0
2021-10-13,-16.9,54.9,0.16469999999999999,1322.888,1347.761,1322.888,1344.763,（无操作）,0.0,1.0177329828856365,1.0177329828856365,0.0
2021-10-14,-0.4,50.2,0.251,1346.989,1354.033,1339.989,1347.268,（无操作）,0.0,1.0177329828856365,1.0177329828856365,0.0
2021-10-15,3.4,20.1,0.10049999999999999,1349.405,1366.298,1347.734,1363.164,（无操作）,0.0,1.0177329828856365,1.0177329828856365,0.0
2021-10-18,-21.9,17.0,0.051000000000000004,1366.554,1366.554,1340.214,1352.575,（无操作）,0.0,1.0177329828856365,1.0177329828856365,0.0
2021-10-19,-10.2,5.3,0.015899999999999997,1355.07,1368.865,1355.07,1366.791,（无操作）,0.0,1.0177329828856365,1.0177329828856365,0.0
2021-10-20,-22.9,25.2,0.07559999999999999,1370.213,1380.211,1367.738,1373.593,（无操作）,0.0,1.0177329828856365,1.0177329828856365,0.0
2021-10-21,0.1,9.0,0.045,1374.649,1376.885,1356.778,1362.405,（无操作）,0.0,1.0177329828856365,1.0177329828856365,0.0
2021-10-22,7.0,19.1,0.0955,1367.059,1378.118,1361.462,1368.136,（无操作）,0.0,1.0177329828856365,1.0177329828856365,0.0
2021-10-25,-22.6,14.7,0.04409999999999999,1366.205,1380.309,1361.575,1380.309,（无操作）,0.0,1.0177329828856365,1.0177329828856365,0.0
2021-10-26,-18.7,24.1,0.0723,1379.785,1386.982,1373.442,1376.126,（无操作）,0.0,1.0177329828856365,1.0177329828856365,0.0
2021-10-27,-1.2,21.6,0.10800000000000001,1371.791,1371.791,1355.01,1361.817,（无操作）,0.0,1.0177329828856365,1.0177329828856365,0.0
2021-10-28,8.8,14.1,0.0705,1359.073,1365.746,1355.797,1356.375,（无操作）,0.0,1.0177329828856365,1.0177329828856365,0.0
2021-10-29,10.3,27.9,0.16739999999999997,1363.25,1397.436,1363.25,1396.195,（无操作）,0.0,1.0177329828856365,1.0177329828856365,0.0
2021-11-01,-23.9,29.2,0.08759999999999998,1398.585,1415.058,1395.832,1404.208,（无操作）,0.0,1.0177329828856365,1.0177329828856365,0.0
2021-11-02,21.5,13.6,0.08159999999999999,1405.865,1422.705,1397.767,1405.641,（无操作）,0.0,1.0177329828856365,1.0177329828856365,0.0
2021-11-03,4.4,11.0,0.05500000000000001,1408.196,1416.164,1387.421,1399.55,（无操作）,0.0,1.0177329828856365,1.0177329828856365,0.0
2021-11-04,0.5,2.8,0.014000000000000002,1404.659,1418.887,1404.659,1410.742,（无操作）,0.0,1.0177329828856365,1.0177329828856365,0.0
2021-11-05,16.4,0.3,0.0018,1416.243,1416.243,1396.738,1396.738,（无操作）,0.0,1.0177329828856365,1.0177329828856365,0.0
2021-11-08,5.4,3.8,0.019,1398.566,1400.795,1384.805,1400.795,（无操作）,0.0,1.0177329828856365,1.0177329828856365,0.0
2021-11-09,0.1,1.9,0.0095,1404.89,1421.813,1404.292,1420.509,（无操作）,0.0,1.0177329828856365,1.0177329828856365,0.0
2021-11-10,3.3,4.3,0.0215,1417.661,1422.776,1401.955,1420.452,（无操作）,0.0,1.0177329828856365,1.0177329828856365,0.0
2021-11-11,-25.5,35.7,0.10710000000000001,1418.484,1442.738,1418.484,1437.15,（无操作）,0.0,1.0177329828856365,1.0177329828856365,0.0
2021-11-12,-11.2,34.0,0.10200000000000001,1432.709,1443.838,1430.702,1440.157,（无操作）,0.0,1.0177329828856365,1.0177329828856365,0.0
2021-11-15,-15.5,23.9,0.07169999999999999,1441.407,1444.43,1430.664,1432.599,（无操作）,0.0,1.0177329828856365,1.0177329828856365,0.0
2021-11-16,-25.6,15.7,0.04709999999999999,1428.481,1438.362,1419.248,1421.275,（无操作）,0.0,1.0177329828856365,1.0177329828856365,0.0
2021-11-17,-18.5,10.3,0.0309,1420.988,1437.326,1416.757,1436.158,（无操作）,0.0,1.0177329828856365,1.0177329828856365,0.0
2021-11-18,-26.3,34.0,0.10200000000000001,1433.508,1433.508,1419.44,1423.97,（无操作）,0.0,1.0177329828856365,1.0177329828856365,0.0
2021-11-19,-0.9,8.8,0.044,1424.759,1446.143,1424.759,1444.784,（无操作）,0.0,1.0177329828856365,1.0177329828856365,0.0
2021-11-22,-14.7,14.0,0.041999999999999996,1449.452,1482.764,1449.452,1479.988,（无操作）,0.0,1.0177329828856365,1.0177329828856365,0.0
2021-11-23,-13.3,20.4,0.0612,1477.668,1483.414,1476.054,1476.253,（无操作）,0.0,1.0177329828856365,1.0177329828856365,0.0
2021-11-24,-6.5,38.7,0.1935,1477.961,1486.332,1471.994,1472.225,（无操作）,0.0,1.0177329828856365,1.0177329828856365,0.0
2021-11-25,2.8,23.1,0.1155,1472.636,1474.56,1467.045,1468.072,（无操作）,0.0,1.0177329828856365,1.0177329828856365,0.0
2021-11-26,-11.5,26.5,0.0795,1466.363,1467.394,1452.409,1459.932,（无操作）,0.0,1.0177329828856365,1.0177329828856365,0.0
2021-11-29,-38.0,23.5,0.0235,1448.498,1473.974,1448.498,1471.229,（无操作）,0.0,1.0177329828856365,1.0177329828856365,0.0
2021-11-30,15.1,9.9,0.05940000000000001,1477.804,1478.03,1464.953,1475.713,（无操作）,0.0,1.0177329828856365,1.0177329828856365,0.0
2021-12-01,-21.3,18.6,0.0558,1473.521,1473.521,1453.998,1456.483,（无操作）,0.0,1.0177329828856365,1.0177329828856365,0.0
2021-12-02,11.2,3.1,0.018600000000000002,1454.74,1454.74,1428.197,1429.5,（无操作）,0.0,1.0177329828856365,1.0177329828856365,0.0
2021-12-03,7.4,14.6,0.073,1432.229,1444.834,1432.229,1444.834,（无操作）,0.0,1.0177329828856365,1.0177329828856365,0.0
2021-12-06,-8.8,2.0,0.01,1444.933,1444.933,1405.771,1405.771,（无操作）,0.0,1.0177329828856365,1.0177329828856365,0.0
2021-12-07,10.4,4.5,0.027000000000000003,1412.997,1412.997,1380.857,1389.437,（无操作）,0.0,1.0177329828856365,1.0177329828856365,0.0
2021-12-08,9.4,23.3,0.1165,1394.989,1416.199,1394.989,1415.374,（无操作）,0.0,1.0177329828856365,1.0177329828856365,0.0
2021-12-09,-18.3,16.2,0.04859999999999999,1417.344,1437.974,1411.402,1434.522,（无操作）,0.0,1.0177329828856365,1.0177329828856365,0.0
2021-12-10,-21.3,43.1,0.12930000000000003,1431.848,1442.201,1426.784,1435.703,（无操作）,0.0,1.0177329828856365,1.0177329828856365,0.0
2021-12-13,9.7,33.9,0.1695,1439.187,1450.47,1436.171,1445.707,（无操作）,0.0,1.0177329828856365,1.0177329828856365,0.0
2021-12-14,23.2,9.0,0.054000000000000006,1445.052,1451.476,1436.487,1439.469,（无操作）,0.0,1.0177329828856365,1.0177329828856365,0.0
2021-12-15,-12.6,15.6,0.046799999999999994,1439.116,1441.817,1424.9,1424.9,（无操作）,0.0,1.0177329828856365,1.0177329828856365,0.0
2021-12-16,10.4,12.9,0.0774,1425.529,1428.967,1420.114,1425.929,（无操作）,0.0,1.0177329828856365,1.0177329828856365,0.0
2021-12-17,-5.8,0.2,0.001,1426.792,1426.792,1396.493,1399.06,（无操作）,0.0,1.0177329828856365,1.0177329828856365,0.0
2021-12-20,-10.8,6.7,0.0201,1389.179,1399.486,1363.956,1363.956,（无操作）,0.0,1.0177329828856365,1.0177329828856365,0.0
2021-12-21,-0.1,11.4,0.056999999999999995,1366.273,1377.197,1364.895,1374.65,（无操作）,0.0,1.0177329828856365,1.0177329828856365,0.0
2021-12-22,5.4,4.8,0.024,1378.311,1385.157,1374.47,1375.03,（无操作）,0.0,1.0177329828856365,1.0177329828856365,0.0
2021-12-23,27.4,50.1,0.30060000000000003,1375.83,1379.844,1371.29,1375.968,（无操作）,0.0,1.0177329828856365,1.0177329828856365,0.0
2021-12-24,11.0,27.6,0.16560000000000002,1375.178,1375.612,1354.09,1358.73,（无操作）,0.0,1.0177329828856365,1.0177329828856365,0.0
2021-12-27,18.6,29.6,0.17760000000000004,1356.41,1363.347,1349.479,1355.636,（无操作）,0.0,1.0177329828856365,1.0177329828856365,0.0
2021-12-28,-20.0,9.2,0.027599999999999996,1355.654,1370.295,1355.654,1369.619,（无操作）,0.0,1.0177329828856365,1.0177329828856365,0.0
2021-12-29,-9.3,1.5,0.0075,1370.494,1370.494,1352.764,1356.214,（无操作）,0.0,1.0177329828856365,1.0177329828856365,0.0
2021-12-30,10.6,5.6,0.0336,1355.968,1380.713,1355.968,1375.56,（无操作）,0.0,1.0177329828856365,1.0177329828856365,0.0
2021-12-31,-10.3,2.1,0.0063,1384.278,1399.313,1384.278,1398.194,（无操作）,0.0,1.0177329828856365,1.0177329828856365,0.0
2022-01-04,1.1,10.6,0.053000000000000005,1403.394,1403.394,1362.87,1364.99,（无操作）,0.0,1.0177329828856365,1.0177329828856365,0.0
2022-01-05,21.2,42.2,0.2532,1364.014,1364.014,1328.84,1333.335,（无操作）,0.0,1.0177329828856365,1.0177329828856365,0.0
2022-01-06,-25.2,1.1,0.0033,1327.697,1329.263,1310.892,1320.935,（无操作）,0.0,1.0177329828856365,1.0177329828856365,0.0
2022-01-07,4.0,23.6,0.118,1322.892,1328.857,1305.492,1305.492,（无操作）,0.0,1.0177329828856365,1.0177329828856365,0.0
2022-01-10,2.9,17.9,0.0895,1306.597,1322.564,1297.317,1318.267,（无操作）,0.0,1.0177329828856365,1.0177329828856365,0.0
2022-01-11,-14.6,10.9,0.0327,1317.924,1317.924,1292.051,1294.404,（无操作）,0.0,1.0177329828856365,1.0177329828856365,0.0
2022-01-12,23.1,39.3,0.23579999999999995,1298.623,1316.388,1298.623,1316.353,（无操作）,0.0,1.0177329828856365,1.0177329828856365,0.0
2022-01-13,30.8,37.0,0.259,1319.187,1319.187,1294.653,1294.653,"开盘加仓2成(Score+31,Δ+8,隔夜确认)",0.00015421989008386022,0.8141863863085093,1.0138476296652492,0.19693417187616621
2022-01-14,-63.8,9.6,0.0048000000000000004,1289.382,1315.459,1289.382,1312.292,"战略上限0.0成：开盘减1.9成；开盘减仓4.5成(Score-64,Δ-95)",0.0,1.0129353124494591,1.0129353124494591,0.0
2022-01-17,14.3,40.2,0.24120000000000003,1317.385,1340.499,1317.385,1338.317,（无操作）,0.0,1.0129353124494591,1.0129353124494591,0.0
2022-01-18,-8.1,31.8,0.159,1340.414,1359.451,1337.858,1342.356,（无操作）,0.0,1.0129353124494591,1.0129353124494591,0.0
2022-01-19,-24.1,5.5,0.0165,1340.713,1340.713,1319.469,1324.089,（无操作）,0.0,1.0129353124494591,1.0129353124494591,0.0
2022-01-20,-17.4,3.5,0.010499999999999999,1326.638,1328.8,1305.348,1306.023,（无操作）,0.0,1.0129353124494591,1.0129353124494591,0.0
2022-01-21,-15.3,13.4,0.0402,1304.158,1304.158,1289.594,1290.406,（无操作）,0.0,1.0129353124494591,1.0129353124494591,0.0
2022-01-24,1.5,2.6,0.013000000000000001,1286.139,1311.126,1286.139,1307.742,（无操作）,0.0,1.0129353124494591,1.0129353124494591,0.0
2022-01-25,-16.6,21.3,0.0639,1303.93,1307.98,1277.004,1277.004,（无操作）,0.0,1.0129353124494591,1.0129353124494591,0.0
2022-01-26,-12.7,13.4,0.0402,1281.511,1286.276,1265.225,1276.362,（无操作）,0.0,1.0129353124494591,1.0129353124494591,0.0
2022-01-27,-19.2,34.9,0.10469999999999999,1274.627,1274.627,1240.408,1240.554,（无操作）,0.0,1.0129353124494591,1.0129353124494591,0.0
2022-01-28,-16.2,33.0,0.099,1253.942,1253.942,1229.224,1229.224,（无操作）,0.0,1.0129353124494591,1.0129353124494591,0.0
2022-02-07,23.3,6.3,0.03779999999999999,1247.585,1261.073,1230.994,1233.618,（无操作）,0.0,1.0129353124494591,1.0129353124494591,0.0
2022-02-08,11.4,11.8,0.0708,1233.657,1233.657,1194.244,1204.054,（无操作）,0.0,1.0129353124494591,1.0129353124494591,0.0
2022-02-09,-22.8,10.8,0.032400000000000005,1204.241,1211.764,1195.993,1210.286,（无操作）,0.0,1.0129353124494591,1.0129353124494591,0.0
2022-02-10,23.0,35.0,0.21000000000000002,1214.982,1214.982,1183.926,1188.197,（无操作）,0.0,1.0129353124494591,1.0129353124494591,0.0
2022-02-11,-9.4,3.7,0.0185,1182.869,1187.011,1169.59,1169.59,（无操作）,0.0,1.0129353124494591,1.0129353124494591,0.0
2022-02-14,-23.7,11.4,0.0342,1161.845,1177.752,1161.845,1169.442,（无操作）,0.0,1.0129353124494591,1.0129353124494591,0.0
2022-02-15,-15.1,26.7,0.08009999999999999,1172.771,1204.207,1172.771,1203.124,（无操作）,0.0,1.0129353124494591,1.0129353124494591,0.0
2022-02-16,-3.9,8.4,0.041999999999999996,1210.416,1210.416,1197.24,1197.562,（无操作）,0.0,1.0129353124494591,1.0129353124494591,0.0
2022-02-17,-14.3,9.5,0.028499999999999998,1196.598,1216.573,1196.598,1207.821,（无操作）,0.0,1.0129353124494591,1.0129353124494591,0.0
2022-02-18,-6.4,16.1,0.0805,1200.343,1204.609,1198.055,1204.371,（无操作）,0.0,1.0129353124494591,1.0129353124494591,0.0
2022-02-21,-23.0,35.9,0.10769999999999999,1207.148,1207.148,1193.019,1193.601,（无操作）,0.0,1.0129353124494591,1.0129353124494591,0.0
2022-02-22,-6.6,22.7,0.1135,1184.835,1185.903,1170.441,1183.982,（无操作）,0.0,1.0129353124494591,1.0129353124494591,0.0
2022-02-23,-6.0,20.3,0.10149999999999999,1182.422,1232.93,1182.422,1231.077,（无操作）,0.0,1.0129353124494591,1.0129353124494591,0.0
2022-02-24,-10.3,47.1,0.1413,1226.948,1239.778,1201.395,1214.989,（无操作）,0.0,1.0129353124494591,1.0129353124494591,0.0
2022-02-25,10.3,2.5,0.015,1231.541,1251.896,1231.541,1240.878,（无操作）,0.0,1.0129353124494591,1.0129353124494591,0.0
2022-02-28,-21.0,23.0,0.06899999999999999,1243.98,1249.585,1236.51,1249.585,（无操作）,0.0,1.0129353124494591,1.0129353124494591,0.0
2022-03-01,5.9,2.3,0.0115,1254.57,1254.57,1233.545,1239.019,（无操作）,0.0,1.0129353124494591,1.0129353124494591,0.0
2022-03-02,2.0,11.5,0.057499999999999996,1233.104,1233.104,1219.363,1230.278,（无操作）,0.0,1.0129353124494591,1.0129353124494591,0.0
2022-03-03,-16.0,7.7,0.023100000000000002,1235.958,1235.958,1209.368,1209.819,（无操作）,0.0,1.0129353124494591,1.0129353124494591,0.0
2022-03-04,11.5,14.3,0.08580000000000002,1201.124,1225.925,1199.633,1203.089,（无操作）,0.0,1.0129353124494591,1.0129353124494591,0.0
2022-03-07,-21.3,10.7,0.0321,1198.012,1198.012,1166.884,1169.983,（无操作）,0.0,1.0129353124494591,1.0129353124494591,0.0
2022-03-08,-22.2,10.8,0.032400000000000005,1167.594,1177.606,1136.495,1137.075,（无操作）,0.0,1.0129353124494591,1.0129353124494591,0.0
2022-03-09,-24.3,29.0,0.087,1148.182,1151.955,1097.149,1129.647,（无操作）,0.0,1.0129353124494591,1.0129353124494591,0.0
2022-03-10,14.9,7.9,0.047400000000000005,1161.988,1167.032,1152.477,1153.358,（无操作）,0.0,1.0129353124494591,1.0129353124494591,0.0
2022-03-11,-25.5,50.9,0.1527,1137.607,1161.634,1126.616,1161.21,（无操作）,0.0,1.0129353124494591,1.0129353124494591,0.0
2022-03-14,-23.2,52.3,0.15689999999999998,1151.966,1151.966,1126.282,1126.282,（无操作）,0.0,1.0129353124494591,1.0129353124494591,0.0
2022-03-15,-26.7,65.2,0.19560000000000002,1115.187,1140.484,1093.433,1093.433,（无操作）,0.0,1.0129353124494591,1.0129353124494591,0.0
2022-03-16,-11.1,14.6,0.04379999999999999,1115.841,1127.764,1074.002,1125.485,（无操作）,0.0,1.0129353124494591,1.0129353124494591,0.0
2022-03-17,10.2,6.2,0.037200000000000004,1144.976,1160.811,1140.331,1142.713,（无操作）,0.0,1.0129353124494591,1.0129353124494591,0.0
2022-03-18,3.7,3.2,0.016,1136.984,1144.321,1125.97,1144.321,（无操作）,0.0,1.0129353124494591,1.0129353124494591,0.0
2022-03-21,6.1,0.8,0.004,1143.547,1158.967,1143.547,1152.326,（无操作）,0.0,1.0129353124494591,1.0129353124494591,0.0
2022-03-22,-25.9,24.6,0.0738,1145.082,1145.354,1132.886,1134.318,（无操作）,0.0,1.0129353124494591,1.0129353124494591,0.0
2022-03-23,-7.1,1.8,0.009,1138.73,1149.34,1130.555,1144.089,（无操作）,0.0,1.0129353124494591,1.0129353124494591,0.0
2022-03-24,-13.8,26.3,0.0789,1135.847,1141.664,1123.517,1134.57,（无操作）,0.0,1.0129353124494591,1.0129353124494591,0.0
2022-03-25,-5.8,4.2,0.020999999999999998,1137.797,1137.797,1106.863,1106.863,（无操作）,0.0,1.0129353124494591,1.0129353124494591,0.0
2022-03-28,-34.0,17.5,0.017499999999999998,1097.87,1099.388,1086.022,1090.734,（无操作）,0.0,1.0129353124494591,1.0129353124494591,0.0
2022-03-29,-18.3,11.6,0.0348,1097.357,1098.48,1079.855,1079.933,（无操作）,0.0,1.0129353124494591,1.0129353124494591,0.0
2022-03-30,12.9,21.5,0.129,1084.764,1112.519,1084.764,1112.519,（无操作）,0.0,1.0129353124494591,1.0129353124494591,0.0
2022-03-31,-14.3,6.9,0.020700000000000003,1109.553,1109.553,1088.312,1091.059,（无操作）,0.0,1.0129353124494591,1.0129353124494591,0.0
2022-04-01,-1.8,0.7,0.0035000000000000005,1085.306,1093.657,1079.187,1089.195,（无操作）,0.0,1.0129353124494591,1.0129353124494591,0.0
2022-04-06,-20.2,9.9,0.029700000000000004,1087.755,1087.755,1055.574,1058.493,（无操作）,0.0,1.0129353124494591,1.0129353124494591,0.0
2022-04-07,-30.3,21.0,0.020999999999999998,1050.434,1053.348,1036.074,1036.074,（无操作）,0.0,1.0129353124494591,1.0129353124494591,0.0
2022-04-08,-21.9,16.1,0.0483,1032.838,1038.27,1018.992,1027.244,（无操作）,0.0,1.0129353124494591,1.0129353124494591,0.0
2022-04-11,-26.6,14.0,0.041999999999999996,1022.912,1022.912,986.814,988.761,（无操作）,0.0,1.0129353124494591,1.0129353124494591,0.0
2022-04-12,-24.1,24.9,0.07469999999999999,987.451,994.521,970.139,994.438,（无操作）,0.0,1.0129353124494591,1.0129353124494591,0.0
2022-04-13,-24.2,45.9,0.1377,989.663,989.663,964.832,964.832,（无操作）,0.0,1.0129353124494591,1.0129353124494591,0.0
2022-04-14,-7.1,5.5,0.027500000000000004,972.237,981.919,962.594,975.574,（无操作）,0.0,1.0129353124494591,1.0129353124494591,0.0
2022-04-15,-17.2,21.2,0.06359999999999999,968.907,977.645,958.861,973.363,（无操作）,0.0,1.0129353124494591,1.0129353124494591,0.0
2022-04-18,9.8,4.7,0.0235,969.06,1005.28,969.06,1004.608,（无操作）,0.0,1.0129353124494591,1.0129353124494591,0.0
2022-04-19,-20.1,17.5,0.052500000000000005,1002.976,1006.882,988.805,989.933,（无操作）,0.0,1.0129353124494591,1.0129353124494591,0.0
2022-04-20,-4.9,6.1,0.0305,988.751,990.058,973.51,973.51,（无操作）,0.0,1.0129353124494591,1.0129353124494591,0.0
2022-04-21,16.5,1.4,0.0084,968.477,988.364,955.232,957.717,（无操作）,0.0,1.0129353124494591,1.0129353124494591,0.0
2022-04-22,-15.4,15.5,0.0465,953.641,956.363,941.542,942.069,（无操作）,0.0,1.0129353124494591,1.0129353124494591,0.0
2022-04-25,-22.4,30.5,0.0915,924.96,924.96,884.305,884.305,（无操作）,0.0,1.0129353124494591,1.0129353124494591,0.0
2022-04-26,10.5,3.6,0.0216,884.18,898.366,866.907,868.067,（无操作）,0.0,1.0129353124494591,1.0129353124494591,0.0
2022-04-27,-18.7,28.5,0.08549999999999999,857.381,909.718,854.183,906.433,（无操作）,0.0,1.0129353124494591,1.0129353124494591,0.0
2022-04-28,-17.8,36.1,0.10830000000000002,899.661,906.937,890.786,903.064,（无操作）,0.0,1.0129353124494591,1.0129353124494591,0.0
2022-04-29,-27.5,45.1,0.13530000000000003,910.136,947.941,904.49,947.151,（无操作）,0.0,1.0129353124494591,1.0129353124494591,0.0
2022-05-05,4.0,11.6,0.057999999999999996,944.554,966.503,944.554,956.127,（无操作）,0.0,1.0129353124494591,1.0129353124494591,0.0
2022-05-06,-36.5,31.0,0.031,933.011,958.976,933.011,942.227,（无操作）,0.0,1.0129353124494591,1.0129353124494591,0.0
2022-05-09,-14.5,17.7,0.053099999999999994,938.393,952.136,938.393,946.725,（无操作）,0.0,1.0129353124494591,1.0129353124494591,0.0
2022-05-10,-34.7,41.2,0.0412,935.059,980.979,935.059,972.141,（无操作）,0.0,1.0129353124494591,1.0129353124494591,0.0
2022-05-11,8.6,2.9,0.014499999999999999,974.537,1025.391,974.537,1002.456,（无操作）,0.0,1.0129353124494591,1.0129353124494591,0.0
2022-05-12,-7.2,16.4,0.08199999999999999,999.538,1019.345,999.538,1013.063,（无操作）,0.0,1.0129353124494591,1.0129353124494591,0.0
2022-05-13,-27.1,16.2,0.04859999999999999,1020.392,1020.392,1003.302,1010.804,（无操作）,0.0,1.0129353124494591,1.0129353124494591,0.0
2022-05-16,16.2,36.0,0.21600000000000003,1016.941,1022.257,996.506,996.506,（无操作）,0.0,1.0129353124494591,1.0129353124494591,0.0
2022-05-17,16.3,38.3,0.2298,995.974,1013.074,995.579,1010.37,（无操作）,0.0,1.0129353124494591,1.0129353124494591,0.0
2022-05-18,6.9,46.2,0.231,1011.526,1022.236,1011.526,1013.997,（无操作）,0.0,1.0129353124494591,1.0129353124494591,0.0
2022-05-19,-13.5,10.7,0.0321,1002.656,1036.341,1002.656,1036.341,（无操作）,0.0,1.0129353124494591,1.0129353124494591,0.0
2022-05-20,24.6,52.3,0.31379999999999997,1045.69,1046.384,1029.469,1045.377,（无操作）,0.0,1.0129353124494591,1.0129353124494591,0.0
2022-05-23,4.4,28.6,0.143,1044.184,1049.063,1034.574,1046.146,（无操作）,0.0,1.0129353124494591,1.0129353124494591,0.0
2022-05-24,17.0,41.4,0.2484,1045.007,1045.007,996.648,996.648,（无操作）,0.0,1.0129353124494591,1.0129353124494591,0.0
2022-05-25,39.4,52.9,0.3703,996.753,1007.471,994.684,1006.523,"开盘加仓2成(Score+39,Δ+22,隔夜确认)",0.0002031454328004047,0.8103482499595672,1.0148188004181289,0.20148478760377236
2022-05-26,-6.3,16.5,0.08249999999999999,1006.1,1012.706,989.28,1004.256,战略上限0.8成：开盘减1.2成,8.320789361569872e-05,0.9309570735542131,1.0145190999651401,0.0823661441305525
2022-05-27,35.6,73.2,0.5124,1008.058,1010.663,989.079,993.699,"开盘加仓2成(Score+36,Δ+42,隔夜确认)",0.00028445192763567614,0.7279899822788797,1.0106495783185234,0.2796811101528593
2022-05-30,21.5,57.4,0.3444,995.956,1005.631,986.623,1001.54,（无操作）,0.00028445192763567614,0.7279899822788797,1.0128799658831147,0.2812672707529009
2022-05-31,13.5,52.3,0.31379999999999997,1004.081,1035.316,993.994,1035.316,冲高(+3%)防守减1.5成,0.0001374398318290653,0.8799543758066979,1.0222480327366386,0.13919680192390219
2022-06-01,15.1,7.4,0.04440000000000001,1029.091,1036.852,1026.143,1031.583,战略上限0.4成：开盘减0.9成,4.4067847895266324e-05,0.9759945999909558,1.0214542427262983,0.04450482540853626
2022-06-02,10.0,27.4,0.137,1028.686,1080.685,1028.686,1079.854,冲高(+3%)防守减1.5成,0.0,1.0226631915475828,1.0226631915475828,0.0
2022-06-06,-5.2,7.5,0.0375,1084.656,1129.326,1084.656,1121.537,（无操作）,0.0,1.0226631915475828,1.0226631915475828,0.0
2022-06-07,-1.2,8.2,0.040999999999999995,1124.162,1124.162,1105.505,1111.395,（无操作）,0.0,1.0226631915475828,1.0226631915475828,0.0
2022-06-08,26.7,27.2,0.16319999999999998,1108.594,1124.477,1093.576,1111.674,（无操作）,0.0,1.0226631915475828,1.0226631915475828,0.0
2022-06-09,-12.8,6.1,0.018299999999999997,1108.931,1108.931,1075.17,1081.173,（无操作）,0.0,1.0226631915475828,1.0226631915475828,0.0
2022-06-10,-12.0,45.0,0.135,1074.072,1103.04,1073.528,1102.849,（无操作）,0.0,1.0226631915475828,1.0226631915475828,0.0
2022-06-13,-8.7,44.7,0.22349999999999998,1088.76,1093.844,1082.92,1088.377,（无操作）,0.0,1.0226631915475828,1.0226631915475828,0.0
2022-06-14,-26.4,56.3,0.1689,1073.748,1073.748,1040.281,1070.537,（无操作）,0.0,1.0226631915475828,1.0226631915475828,0.0
2022-06-15,-2.6,38.1,0.1905,1069.938,1085.021,1061.419,1062.713,（无操作）,0.0,1.0226631915475828,1.0226631915475828,0.0
2022-06-16,5.7,27.4,0.137,1065.69,1092.45,1065.69,1078.947,（无操作）,0.0,1.0226631915475828,1.0226631915475828,0.0
2022-06-17,-23.7,36.4,0.10919999999999999,1070.618,1093.638,1066.221,1092.087,（无操作）,0.0,1.0226631915475828,1.0226631915475828,0.0
2022-06-20,-19.1,49.8,0.14939999999999998,1099.465,1107.747,1090.531,1095.328,（无操作）,0.0,1.0226631915475828,1.0226631915475828,0.0
2022-06-21,-8.0,44.9,0.2245,1094.328,1096.136,1075.042,1083.021,（无操作）,0.0,1.0226631915475828,1.0226631915475828,0.0
2022-06-22,-7.8,49.1,0.2455,1084.711,1085.278,1063.674,1063.69,（无操作）,0.0,1.0226631915475828,1.0226631915475828,0.0
2022-06-23,14.3,15.3,0.09180000000000002,1064.731,1082.002,1055.271,1081.844,（无操作）,0.0,1.0226631915475828,1.0226631915475828,0.0
2022-06-24,-22.5,34.8,0.10439999999999998,1084.609,1106.372,1084.609,1101.477,（无操作）,0.0,1.0226631915475828,1.0226631915475828,0.0
2022-06-27,13.9,24.7,0.1482,1113.217,1117.901,1102.972,1103.399,（无操作）,0.0,1.0226631915475828,1.0226631915475828,0.0
2022-06-28,-4.3,32.0,0.16,1105.115,1117.284,1087.832,1117.284,（无操作）,0.0,1.0226631915475828,1.0226631915475828,0.0
2022-06-29,-14.2,47.0,0.141,1112.591,1120.752,1090.07,1090.683,（无操作）,0.0,1.0226631915475828,1.0226631915475828,0.0
2022-06-30,-8.6,24.0,0.12,1092.459,1116.183,1090.857,1105.667,（无操作）,0.0,1.0226631915475828,1.0226631915475828,0.0
2022-07-01,-23.7,43.8,0.1314,1105.974,1105.974,1087.047,1089.029,（无操作）,0.0,1.0226631915475828,1.0226631915475828,0.0
2022-07-04,6.5,3.2,0.016,1087.344,1097.81,1078.054,1095.09,（无操作）,0.0,1.0226631915475828,1.0226631915475828,0.0
2022-07-05,5.1,2.4,0.012,1100.178,1103.116,1077.947,1090.93,（无操作）,0.0,1.0226631915475828,1.0226631915475828,0.0
2022-07-06,-0.5,8.8,0.044,1092.701,1112.191,1091.767,1101.749,（无操作）,0.0,1.0226631915475828,1.0226631915475828,0.0
2022-07-07,-15.3,14.5,0.0435,1103.78,1112.677,1088.115,1111.673,（无操作）,0.0,1.0226631915475828,1.0226631915475828,0.0
2022-07-08,-12.5,0.5,0.0015,1117.183,1117.183,1103.012,1104.022,（无操作）,0.0,1.0226631915475828,1.0226631915475828,0.0
2022-07-11,-33.6,4.7,0.0047,1098.666,1098.666,1071.747,1081.163,（无操作）,0.0,1.0226631915475828,1.0226631915475828,0.0
2022-07-12,-25.7,11.8,0.0354,1081.902,1081.902,1049.241,1049.241,（无操作）,0.0,1.0226631915475828,1.0226631915475828,0.0
2022-07-13,2.2,9.1,0.0455,1051.778,1060.411,1042.627,1052.792,（无操作）,0.0,1.0226631915475828,1.0226631915475828,0.0
2022-07-14,29.7,34.1,0.20460000000000003,1052.431,1084.481,1052.431,1076.807,冲高回落企稳加1.5成,0.00014238653474900857,0.8692637128154455,1.0225865301389212,0.14993627708224
2022-07-15,-7.3,20.8,0.10400000000000001,1072.993,1093.372,1072.262,1072.262,战略上限1.0成：开盘减0.5成,9.90617093132205e-05,0.9157277036170586,1.021947810168671,0.10393887583562703
2022-07-18,52.8,64.2,0.4494000000000001,1075.709,1075.709,1055.202,1069.332,"开盘加仓2成(Score+53,Δ+60,隔夜确认)",0.0002890347199856849,0.7112698484409238,1.0203439236326561,0.3029116634432031
2022-07-19,6.8,44.3,0.22149999999999997,1068.693,1071.232,1053.799,1061.853,战略上限2.2成：开盘减0.8成,0.00021144076881192132,0.7941524988464359,1.018671513531681,0.22040374321143955
2022-07-20,31.5,60.6,0.4242,1066.2,1082.08,1066.2,1079.527,"开盘加仓2成(Score+32,Δ+25,隔夜确认)",0.00040260210927350567,0.5902343695356946,1.0248542167533943,0.4240796789562122
2022-07-21,7.3,44.5,0.2225,1080.647,1109.25,1080.647,1091.407,战略上限2.2成：开盘减2.0成,0.00021110537638401925,0.7970712692575661,1.0274731547807194,0.22424127039341
2022-07-22,36.4,74.1,0.5186999999999999,1099.623,1099.623,1077.075,1084.974,"开盘加仓2成(Score+36,Δ+29,隔夜确认)",0.00039820463675382354,0.591229749946948,1.023271427504291,0.42221610605415955
2022-07-25,33.1,76.1,0.5327,1082.617,1094.254,1071.643,1073.761,（无操作）,0.00039820463675382354,0.591229749946948,1.0188063589123704,0.4196838832277048
2022-07-26,15.5,75.2,0.45120000000000005,1072.544,1086.361,1067.657,1084.657,（无操作）,0.00039820463675382354,0.591229749946948,1.0231451966344398,0.42214482177920176
2022-07-27,8.2,42.1,0.2105,1083.671,1097.321,1083.671,1095.699,战略上限2.1成：开盘减2.1成,0.0001986667681654095,0.8073550348372277,1.0250340140492988,0.21236268868010635
2022-07-28,49.6,80.7,0.5649,1102.438,1115.719,1096.173,1108.791,"开盘加仓2成(Score+50,Δ+41,隔夜确认)",0.00038477426798857236,0.6020804689572347,1.0287147143345519,0.41472552052810424
2022-07-29,36.5,76.6,0.5361999999999999,1113.078,1113.078,1087.88,1088.913,（无操作）,0.00038477426798857236,0.6020804689572347,1.021066171435475,0.41034138060729747
2022-08-01,5.3,56.2,0.281,1081.623,1100.182,1069.207,1100.182,战略上限2.8成：开盘减1.3成,0.00026453892708747556,0.732064754433636,1.023105720314589,0.2844681249475005
2022-08-02,55.9,71.5,0.5005,1084.981,1105.435,1080.795,1094.915,"开盘加仓2成(Score+56,Δ+51,隔夜确认)",0.0004522980079369438,0.5282478616168496,1.0234757349771284,0.4838686999954578
2022-08-03,-7.3,52.8,0.264,1099.441,1122.971,1092.412,1100.348,战略上限2.6成：开盘减2.2成；冲高(+2%)减1.5成(价格强于环境),0.00010907892912066327,0.9084230497988575,1.0284478312989211,0.11670478350707714
2022-08-04,31.9,70.7,0.49490000000000006,1106.151,1114.692,1102.201,1110.917,"开盘加仓2成(Score+32,Δ+39,隔夜确认)",0.0002950511034545615,0.7026068865339358,1.030384173230367,0.3181117249392656
2022-08-05,17.9,53.9,0.3234,1115.016,1157.811,1115.016,1157.333,冲高(+3%)防守减1.5成,0.00016031574909270492,0.857268555170372,1.0428072620150795,0.17792233867472293
2022-08-08,-26.2,15.0,0.045,1161.043,1161.043,1146.77,1152.577,战略上限0.5成：开盘减1.3成,4.0440441486654335e-05,0.9963793517458394,1.042990074473203,0.04468951706075045
2022-08-09,2.4,35.0,0.175,1152.914,1162.956,1144.9,1162.32,（无操作）,4.0440441486654335e-05,0.9963793517458394,1.0433840856946075,0.04505026920884634
2022-08-10,-5.2,13.0,0.065,1154.174,1169.69,1154.174,1156.156,（无操作）,4.0440441486654335e-05,0.9963793517458394,1.0431348108132836,0.044822067658725026
2022-08-11,19.8,51.8,0.31079999999999997,1163.539,1173.373,1152.518,1173.144,（无操作）,4.0440441486654335e-05,0.9963793517458394,1.043821813033259,0.04545072798350111
2022-08-12,-17.9,10.0,0.03,1169.662,1169.662,1146.191,1146.191,战略上限0.3成：开盘减0.2成,2.6768784471479853e-05,1.0123625738246784,1.0430447136668284,0.029415939163611467
2022-08-15,12.1,37.7,0.2262,1145.022,1155.038,1143.313,1143.747,（无操作）,2.6768784471479853e-05,1.0123625738246784,1.0429792907575801,0.029355057386290826
2022-08-16,11.6,39.9,0.23939999999999997,1143.705,1153.174,1134.506,1137.302,（无操作）,2.6768784471479853e-05,1.0123625738246784,1.0428067659416613,0.029194471220650043
2022-08-17,4.0,49.3,0.2465,1136.802,1136.802,1128.81,1132.312,（无操作）,2.6768784471479853e-05,1.0123625738246784,1.0426731897071486,0.029070101908905428
2022-08-18,-8.5,6.1,0.0305,1132.602,1147.395,1132.602,1146.634,（无操作）,2.6768784471479853e-05,1.0123625738246784,1.0430565722383494,0.029426973790887472
2022-08-19,-13.1,15.2,0.045599999999999995,1146.327,1153.523,1108.452,1108.452,（无操作）,2.6768784471479853e-05,1.0123625738246784,1.0420344865096591,0.0284749814608998
2022-08-22,-14.5,14.0,0.041999999999999996,1103.153,1108.293,1100.864,1107.281,（无操作）,2.6768784471479853e-05,1.0123625738246784,1.0420031402630432,0.028445755385038685
2022-08-23,-18.9,30.1,0.09030000000000002,1109.253,1116.403,1106.682,1107.3,（无操作）,2.6768784471479853e-05,1.0123625738246784,1.042003648869948,0.028446229605256525
2022-08-24,0.5,16.8,0.08399999999999999,1110.007,1110.007,1068.983,1068.983,（无操作）,2.6768784471479853e-05,1.0123625738246784,1.0409779493553544,0.027488935330855536
2022-08-25,4.1,4.0,0.02,1071.981,1071.981,1045.711,1055.889,战略上限0.2成：开盘减0.1成,1.9423071904655024e-05,1.0202331008956242,1.0407417088659585,0.019705761569488205
2022-08-26,6.8,10.3,0.051500000000000004,1064.712,1067.506,1044.999,1045.994,（无操作）,1.9423071904655024e-05,1.0202331008956242,1.040549517569462,0.019524699527316346
2022-08-29,-27.3,51.5,0.1545,1032.041,1058.662,1032.041,1054.285,冲高(+2%)减1.5成(价格强于环境),0.0,1.040669192420866,1.040669192420866,0.0
2022-08-30,-5.1,54.1,0.2705,1054.256,1063.619,1048.399,1050.282,（无操作）,0.0,1.040669192420866,1.040669192420866,0.0
2022-08-31,-11.1,41.9,0.12569999999999998,1048.401,1048.401,1024.988,1029.656,（无操作）,0.0,1.040669192420866,1.040669192420866,0.0
2022-09-01,3.0,4.8,0.024,1032.775,1040.237,1025.66,1025.66,（无操作）,0.0,1.040669192420866,1.040669192420866,0.0
2022-09-02,-26.0,1.6,0.0048000000000000004,1027.468,1037.482,1022.633,1030.12,（无操作）,0.0,1.040669192420866,1.040669192420866,0.0
2022-09-05,-4.3,4.6,0.023,1030.596,1033.71,1019.319,1024.393,（无操作）,0.0,1.040669192420866,1.040669192420866,0.0
2022-09-06,-1.0,2.4,0.012,1025.858,1038.633,1017.479,1035.784,（无操作）,0.0,1.040669192420866,1.040669192420866,0.0
2022-09-07,-18.9,23.8,0.0714,1032.025,1062.882,1032.025,1049.579,（无操作）,0.0,1.040669192420866,1.040669192420866,0.0
2022-09-08,1.9,5.5,0.027500000000000004,1050.319,1054.172,1040.753,1040.773,（无操作）,0.0,1.040669192420866,1.040669192420866,0.0
2022-09-09,-15.6,7.0,0.020999999999999998,1039.588,1039.588,1022.864,1033.784,（无操作）,0.0,1.040669192420866,1.040669192420866,0.0
2022-09-13,-0.6,7.8,0.039,1034.497,1040.053,1029.208,1031.17,（无操作）,0.0,1.040669192420866,1.040669192420866,0.0
2022-09-14,-33.3,67.7,0.06770000000000001,1018.074,1031.794,1018.074,1031.304,（无操作）,0.0,1.040669192420866,1.040669192420866,0.0
2022-09-15,-12.4,58.9,0.1767,1035.764,1035.764,991.325,1000.081,（无操作）,0.0,1.040669192420866,1.040669192420866,0.0
2022-09-16,-4.4,24.6,0.123,997.358,1017.23,997.358,998.518,（无操作）,0.0,1.040669192420866,1.040669192420866,0.0
2022-09-19,-29.1,54.8,0.16439999999999996,997.526,997.828,972.136,975.548,（无操作）,0.0,1.040669192420866,1.040669192420866,0.0
2022-09-20,-19.3,39.3,0.11789999999999998,982.368,996.389,980.561,985.151,（无操作）,0.0,1.040669192420866,1.040669192420866,0.0
2022-09-21,-32.0,63.1,0.0631,980.621,982.651,970.393,970.393,（无操作）,0.0,1.040669192420866,1.040669192420866,0.0
2022-09-22,-29.1,53.3,0.1599,964.959,984.994,964.959,975.869,（无操作）,0.0,1.040669192420866,1.040669192420866,0.0
2022-09-23,-35.8,52.0,0.052000000000000005,975.578,975.578,957.566,960.94,（无操作）,0.0,1.040669192420866,1.040669192420866,0.0
2022-09-26,-36.1,49.4,0.0494,955.041,976.57,955.041,961.829,（无操作）,0.0,1.040669192420866,1.040669192420866,0.0
2022-09-27,-39.4,67.1,0.06709999999999999,963.488,976.445,960.134,976.445,（无操作）,0.0,1.040669192420866,1.040669192420866,0.0
2022-09-28,-17.2,73.5,0.2205,973.475,974.229,955.752,956.188,（无操作）,0.0,1.040669192420866,1.040669192420866,0.0
2022-09-29,-6.3,46.4,0.23199999999999998,962.448,968.879,956.563,961.475,（无操作）,0.0,1.040669192420866,1.040669192420866,0.0
2022-09-30,-32.0,66.4,0.0664,956.405,959.734,938.53,939.376,（无操作）,0.0,1.040669192420866,1.040669192420866,0.0
2022-10-10,14.9,11.4,0.0684,933.021,933.021,895.942,897.335,（无操作）,0.0,1.040669192420866,1.040669192420866,0.0
2022-10-11,-11.3,13.8,0.041400000000000006,898.367,900.632,890.832,892.739,（无操作）,0.0,1.040669192420866,1.040669192420866,0.0
2022-10-12,-28.1,34.7,0.10410000000000001,890.286,925.738,877.392,924.914,（无操作）,0.0,1.040669192420866,1.040669192420866,0.0
2022-10-13,-6.8,24.5,0.12250000000000001,917.397,941.131,917.397,926.52,（无操作）,0.0,1.040669192420866,1.040669192420866,0.0
2022-10-14,-11.7,7.8,0.023399999999999997,936.422,958.748,927.558,954.924,（无操作）,0.0,1.040669192420866,1.040669192420866,0.0
2022-10-17,-23.6,25.5,0.0765,948.642,964.411,948.308,963.224,（无操作）,0.0,1.040669192420866,1.040669192420866,0.0
2022-10-18,7.2,12.4,0.062,964.97,966.238,953.227,960.0,（无操作）,0.0,1.040669192420866,1.040669192420866,0.0
2022-10-19,7.6,3.8,0.019,957.733,961.257,949.498,949.498,（无操作）,0.0,1.040669192420866,1.040669192420866,0.0
2022-10-20,-3.2,13.2,0.066,944.161,975.359,940.986,963.952,（无操作）,0.0,1.040669192420866,1.040669192420866,0.0
2022-10-21,3.6,3.4,0.017,961.484,971.653,953.896,967.98,（无操作）,0.0,1.040669192420866,1.040669192420866,0.0
2022-10-24,28.4,14.9,0.08940000000000001,967.565,989.668,964.095,969.493,（无操作）,0.0,1.040669192420866,1.040669192420866,0.0
2022-10-25,8.5,13.7,0.0685,962.973,981.119,956.967,971.334,（无操作）,0.0,1.040669192420866,1.040669192420866,0.0
2022-10-26,20.3,28.9,0.17339999999999997,972.452,1007.454,972.452,1003.255,冲高回落企稳加1.5成,0.0001555161625701245,0.8845688135577361,1.0405911812370263,0.14993627708224005
2022-10-27,13.6,19.3,0.11580000000000001,1008.706,1017.419,997.112,1004.909,战略上限1.2成：开盘减0.3成,0.00011955775478819292,0.9208221395069771,1.0409668033134252,0.11541642194931143
2022-10-28,-7.1,19.0,0.095,996.612,1014.849,991.339,993.721,战略上限0.9成：开盘减0.2成,9.913347330664794e-05,0.9411670459808547,1.0396780602086102,0.09475146008947172
2022-10-31,12.7,28.7,0.1722,991.887,1019.433,991.887,1010.327,（无操作）,9.913347330664794e-05,0.9411670459808547,1.0413242706663404,0.09618255091797234
2022-11-01,18.8,3.1,0.018600000000000002,1011.964,1029.567,1003.171,1024.522,战略上限0.2成：开盘减0.8成,1.9142627475103724e-05,1.022074428363772,1.0416864713498202,0.01882720331448183
2022-11-02,14.9,43.6,0.2616,1020.074,1045.647,1020.074,1037.179,（无操作）,1.9142627475103724e-05,1.022074428363772,1.0419287595857725,0.01905536346831799
2022-11-03,-4.6,10.4,0.052000000000000005,1028.433,1052.43,1028.433,1048.07,冲高(+2%)减1.5成(价格强于环境),0.0,1.0421450360379183,1.0421450360379183,0.0
2022-11-04,-14.1,6.3,0.018899999999999997,1048.891,1075.387,1048.891,1072.87,（无操作）,0.0,1.0421450360379183,1.0421450360379183,0.0
2022-11-07,25.9,29.3,0.1758,1070.145,1079.133,1058.71,1061.351,（无操作）,0.0,1.0421450360379183,1.0421450360379183,0.0
2022-11-08,35.1,29.2,0.2044,1061.712,1061.712,1041.924,1051.709,"开盘加仓2成(Score+35,Δ+9,隔夜确认)",0.00019621596514421153,0.8337160288303346,1.0400781253161882,0.19841018810305103
2022-11-09,-13.0,23.8,0.0714,1049.721,1052.672,1037.199,1037.527,战略上限0.7成：开盘减1.3成,7.071757793317669e-05,0.9653884522056285,1.0387598486859035,0.07063364701003264
2022-11-10,-13.6,0.1,0.00030000000000000003,1033.129,1041.046,1021.987,1023.064,战略上限0.0成：开盘减0.7成,3.015447730471578e-07,1.0381009237053587,1.0384094233070513,0.00029708859989947914
2022-11-11,29.7,49.4,0.2964,1053.859,1053.859,1023.265,1023.265,（无操作）,3.015447730471578e-07,1.0381009237053587,1.0384094839175508,0.00029714695115072684
2022-11-14,19.8,46.3,0.27779999999999994,1021.409,1029.308,1015.014,1022.913,（无操作）,3.015447730471578e-07,1.0381009237053587,1.0384093777737906,0.0002970447638803794
2022-11-15,-2.5,43.4,0.217,1022.041,1052.563,1022.041,1052.045,冲高(+2%)减1.5成(价格强于环境),0.0,1.0384151214717043,1.0384151214717043,0.0
2022-11-16,-20.7,9.5,0.028499999999999998,1052.414,1052.414,1034.977,1036.492,（无操作）,0.0,1.0384151214717043,1.0384151214717043,0.0
2022-11-17,5.3,6.2,0.031,1029.315,1041.673,1016.195,1041.673,（无操作）,0.0,1.0384151214717043,1.0384151214717043,0.0
2022-11-18,5.6,0.6,0.003,1039.855,1044.724,1030.984,1031.992,（无操作）,0.0,1.0384151214717043,1.0384151214717043,0.0
2022-11-21,0.9,7.0,0.034999999999999996,1023.901,1032.692,1021.347,1032.472,（无操作）,0.0,1.0384151214717043,1.0384151214717043,0.0
2022-11-22,-0.6,13.9,0.06949999999999999,1029.503,1029.503,1015.439,1017.822,（无操作）,0.0,1.0384151214717043,1.0384151214717043,0.0
2022-11-23,8.2,36.5,0.1825,1014.738,1019.586,994.678,1017.016,（无操作）,0.0,1.0384151214717043,1.0384151214717043,0.0
2022-11-24,3.0,31.6,0.158,1019.177,1024.1,1014.427,1015.355,（无操作）,0.0,1.0384151214717043,1.0384151214717043,0.0
2022-11-25,-3.5,13.6,0.068,1012.797,1012.797,999.988,999.988,（无操作）,0.0,1.0384151214717043,1.0384151214717043,0.0
2022-11-28,19.5,15.9,0.09540000000000001,983.594,995.998,983.594,992.812,（无操作）,0.0,1.0384151214717043,1.0384151214717043,0.0
2022-11-29,-0.7,33.7,0.1685,995.34,1003.11,990.34,1002.447,（无操作）,0.0,1.0384151214717043,1.0384151214717043,0.0
2022-11-30,22.0,5.3,0.031799999999999995,999.613,1002.753,991.778,1000.263,（无操作）,0.0,1.0384151214717043,1.0384151214717043,0.0
2022-12-01,-17.2,5.2,0.015600000000000003,1008.707,1015.503,1006.148,1009.332,（无操作）,0.0,1.0384151214717043,1.0384151214717043,0.0
2022-12-02,39.6,35.4,0.24779999999999996,1005.632,1021.517,1005.632,1008.145,"开盘加仓2成(Score+40,Δ+57,隔夜确认)",0.00020641669584599775,0.8307320971773635,1.038830057011027,0.2003195406498086
2022-12-05,2.0,23.0,0.11499999999999999,1011.281,1011.281,999.838,1003.6,战略上限1.1成：开盘减0.9成,0.00011820641213812776,0.9198928784037828,1.0385248336256079,0.11423121660718254
2022-12-06,-8.1,22.7,0.1135,1003.306,1013.977,1001.039,1003.136,战略上限1.1成：开盘减0.0成,0.0001174802345313791,0.9206210924645244,1.038469745011394,0.11348299082663836
2022-12-07,14.7,4.7,0.028200000000000003,999.278,1007.36,998.496,1000.475,战略上限0.3成：开盘减0.8成,2.929321517807591e-05,1.0087003791156919,1.0380075085709775,0.02823402452611596
2022-12-08,4.1,17.0,0.08499999999999999,999.748,1001.675,995.985,997.315,（无操作）,2.929321517807591e-05,1.0087003791156919,1.0379149420110148,0.02814735746911787
2022-12-09,2.6,23.1,0.1155,998.739,1001.686,993.365,1001.686,（无操作）,2.929321517807591e-05,1.0087003791156919,1.038042982654558,0.028267233659081376
2022-12-12,17.2,2.9,0.0174,1000.289,1010.89,997.618,1004.622,战略上限0.2成：开盘减0.1成,1.8056017655470972e-05,1.0199352039658445,1.0380746765349191,0.01747414996156529
2022-12-13,-13.1,1.2,0.0036,1002.54,1002.54,989.182,989.307,战略上限0.0成：开盘减0.1成,3.727465739084902e-06,1.034292967930879,1.0379805758788159,0.003552675294347122
2022-12-14,15.5,20.9,0.1254,1003.566,1003.566,983.868,984.219,（无操作）,3.727465739084902e-06,1.034292967930879,1.0379616105331353,0.003534468486143773
2022-12-15,16.3,23.2,0.1392,985.152,991.472,985.152,989.198,（无操作）,3.727465739084902e-06,1.034292967930879,1.0379801695850503,0.003552285257670507
2022-12-16,-11.3,14.0,0.041999999999999996,984.252,984.252,974.245,978.361,（无操作）,3.727465739084902e-06,1.034292967930879,1.037939775038836,0.003513505499700494
2022-12-19,-20.6,32.4,0.09719999999999998,973.598,976.129,955.503,956.186,（无操作）,3.727465739084902e-06,1.034292967930879,1.0378571184860717,0.00343414376768132
2022-12-20,-21.7,44.5,0.1335,955.078,957.614,951.565,952.767,（无操作）,3.727465739084902e-06,1.034292967930879,1.0378443742807097,0.003421906441697532
2022-12-21,7.9,23.7,0.11850000000000001,950.561,952.865,937.769,940.835,（无操作）,3.727465739084902e-06,1.034292967930879,1.037799898159511,0.0033791969288601005
2022-12-22,17.7,10.2,0.0612,944.573,944.573,929.062,930.805,（无操作）,3.727465739084902e-06,1.034292967930879,1.037762511678148,0.0033432926206385916
2022-12-23,-13.2,28.1,0.08430000000000001,925.141,927.227,915.311,920.351,（无操作）,3.727465739084902e-06,1.034292967930879,1.0377235447513116,0.0033058677696810473
2022-12-26,-4.3,20.3,0.10149999999999999,920.735,951.11,920.735,951.11,冲高(+2%)减1.5成(价格强于环境),0.0,1.0377918659373355,1.0377918659373355,0.0
2022-12-27,-24.7,52.9,0.1587,951.856,964.583,948.508,963.136,（无操作）,0.0,1.0377918659373355,1.0377918659373355,0.0
2022-12-28,-27.3,49.7,0.14910000000000004,960.388,962.333,957.238,957.274,（无操作）,0.0,1.0377918659373355,1.0377918659373355,0.0
2022-12-29,-24.8,67.8,0.20339999999999997,956.098,968.936,956.098,962.253,（无操作）,0.0,1.0377918659373355,1.0377918659373355,0.0
2022-12-30,11.5,21.5,0.129,963.294,969.506,959.738,959.905,（无操作）,0.0,1.0377918659373355,1.0377918659373355,0.0
2023-01-03,-15.8,51.1,0.15330000000000002,960.509,980.923,958.748,979.913,（无操作）,0.0,1.0377918659373355,1.0377918659373355,0.0
2023-01-04,5.4,38.9,0.1945,982.026,982.026,966.719,972.378,（无操作）,0.0,1.0377918659373355,1.0377918659373355,0.0
2023-01-05,2.7,17.7,0.0885,972.606,984.397,972.094,983.52,（无操作）,0.0,1.0377918659373355,1.0377918659373355,0.0
2023-01-06,-13.2,45.2,0.13560000000000003,985.994,1002.625,985.994,991.095,（无操作）,0.0,1.0377918659373355,1.0377918659373355,0.0
2023-01-09,26.6,32.8,0.19679999999999997,994.74,998.166,986.628,988.669,（无操作）,0.0,1.0377918659373355,1.0377918659373355,0.0
2023-01-10,8.0,16.2,0.081,989.849,997.05,989.085,990.315,（无操作）,0.0,1.0377918659373355,1.0377918659373355,0.0
2023-01-11,-5.1,7.4,0.037,990.145,991.813,973.962,973.962,（无操作）,0.0,1.0377918659373355,1.0377918659373355,0.0
2023-01-12,8.7,31.9,0.1595,978.361,978.361,971.727,974.194,（无操作）,0.0,1.0377918659373355,1.0377918659373355,0.0
2023-01-13,18.4,37.4,0.2244,976.58,976.58,968.107,974.312,（无操作）,0.0,1.0377918659373355,1.0377918659373355,0.0
2023-01-16,-19.8,8.1,0.024299999999999995,972.703,999.489,972.703,992.613,（无操作）,0.0,1.0377918659373355,1.0377918659373355,0.0
2023-01-17,21.3,13.7,0.08219999999999998,994.642,1004.781,994.642,1003.677,（无操作）,0.0,1.0377918659373355,1.0377918659373355,0.0
2023-01-18,-11.7,24.8,0.07440000000000001,1006.688,1009.088,1004.98,1006.746,（无操作）,0.0,1.0377918659373355,1.0377918659373355,0.0
2023-01-19,6.9,23.4,0.11699999999999999,1004.786,1023.651,1004.786,1023.651,（无操作）,0.0,1.0377918659373355,1.0377918659373355,0.0
2023-01-20,-6.7,25.4,0.127,1025.004,1034.357,1024.805,1029.135,（无操作）,0.0,1.0377918659373355,1.0377918659373355,0.0
2023-01-30,13.1,15.3,0.09180000000000002,1046.437,1046.437,1031.61,1031.61,（无操作）,0.0,1.0377918659373355,1.0377918659373355,0.0
2023-01-31,7.4,14.1,0.0705,1027.819,1028.399,1014.358,1014.358,（无操作）,0.0,1.0377918659373355,1.0377918659373355,0.0
2023-02-01,-8.3,2.5,0.0125,1016.311,1026.701,1011.441,1026.398,（无操作）,0.0,1.0377918659373355,1.0377918659373355,0.0
2023-02-02,30.9,30.3,0.2121,1030.335,1039.021,1030.09,1031.68,"开盘加仓2成(Score+31,Δ+39,隔夜确认)",0.00020134679096074079,0.8302334927498685,1.0379589500482456,0.20012877897408346
2023-02-03,9.0,18.3,0.0915,1029.118,1034.23,1017.921,1033.87,战略上限0.9成：开盘减1.1成,9.22401936518816e-05,0.9424609141775624,1.0378252831884331,0.09188865462777125
2023-02-06,0.2,9.3,0.0465,1031.918,1035.282,1021.437,1024.426,战略上限0.5成：开盘减0.5成,4.6758078849641885e-05,0.9893712602135888,1.037271451897212,0.046179032109687226
2023-02-07,-7.0,42.9,0.2145,1024.237,1027.33,1014.994,1020.166,（无操作）,4.6758078849641885e-05,0.9893712602135888,1.0370722624813125,0.04599583268536537
2023-02-08,-8.4,21.7,0.1085,1021.161,1025.071,1010.694,1010.694,（无操作）,4.6758078849641885e-05,0.9893712602135888,1.0366293699584488,0.045588241192466114
2023-02-09,-17.3,49.4,0.1482,1007.839,1037.703,1007.839,1036.861,冲高(+2%)减1.5成(价格强于环境),0.0,1.0374143343980586,1.0374143343980586,0.0
2023-02-10,-14.4,50.3,0.15089999999999998,1034.218,1034.536,1019.619,1024.538,（无操作）,0.0,1.0374143343980586,1.0374143343980586,0.0
2023-02-13,-7.1,37.0,0.185,1020.55,1031.082,1020.55,1024.036,（无操作）,0.0,1.0374143343980586,1.0374143343980586,0.0
2023-02-14,1.6,12.6,0.063,1026.45,1028.94,1017.285,1022.669,（无操作）,0.0,1.0374143343980586,1.0374143343980586,0.0
2023-02-15,-1.8,14.0,0.06999999999999999,1022.794,1025.483,1016.342,1024.217,（无操作）,0.0,1.0374143343980586,1.0374143343980586,0.0
2023-02-16,13.2,24.6,0.1476,1024.121,1029.125,1003.237,1005.18,（无操作）,0.0,1.0374143343980586,1.0374143343980586,0.0
2023-02-17,-10.3,1.6,0.0048000000000000004,1002.082,1004.788,986.335,986.335,（无操作）,0.0,1.0374143343980586,1.0374143343980586,0.0
2023-02-20,10.1,2.6,0.015600000000000003,985.113,999.597,981.402,998.832,（无操作）,0.0,1.0374143343980586,1.0374143343980586,0.0
2023-02-21,-13.9,0.4,0.0012000000000000001,997.554,1001.288,990.235,995.725,（无操作）,0.0,1.0374143343980586,1.0374143343980586,0.0
2023-02-22,-13.6,23.8,0.0714,988.789,991.808,987.803,989.653,（无操作）,0.0,1.0374143343980586,1.0374143343980586,0.0
2023-02-23,-3.8,20.7,0.1035,988.196,996.898,988.196,992.462,（无操作）,0.0,1.0374143343980586,1.0374143343980586,0.0
2023-02-24,3.8,8.3,0.041499999999999995,996.028,997.75,989.217,990.632,（无操作）,0.0,1.0374143343980586,1.0374143343980586,0.0
2023-02-27,-30.3,42.4,0.0424,988.108,993.674,984.353,986.282,（无操作）,0.0,1.0374143343980586,1.0374143343980586,0.0
2023-02-28,-0.4,20.4,0.10200000000000001,991.44,993.021,981.05,990.467,（无操作）,0.0,1.0374143343980586,1.0374143343980586,0.0
2023-03-01,-3.3,11.2,0.05600000000000001,989.108,996.492,985.423,994.634,（无操作）,0.0,1.0374143343980586,1.0374143343980586,0.0
2023-03-02,12.7,20.6,0.1236,994.544,996.074,988.436,988.894,（无操作）,0.0,1.0374143343980586,1.0374143343980586,0.0
2023-03-03,0.8,19.9,0.0995,996.1,1000.906,990.435,998.901,（无操作）,0.0,1.0374143343980586,1.0374143343980586,0.0
2023-03-06,21.9,60.0,0.36,999.724,1010.755,993.254,1007.635,（无操作）,0.0,1.0374143343980586,1.0374143343980586,0.0
2023-03-07,8.9,37.0,0.185,1005.619,1005.619,990.474,990.575,（无操作）,0.0,1.0374143343980586,1.0374143343980586,0.0
2023-03-08,-13.8,8.2,0.024599999999999997,989.707,995.697,989.124,994.886,（无操作）,0.0,1.0374143343980586,1.0374143343980586,0.0
2023-03-09,-30.8,3.5,0.0035000000000000005,996.563,1002.977,994.359,998.303,（无操作）,0.0,1.0374143343980586,1.0374143343980586,0.0
2023-03-10,-23.6,16.7,0.05009999999999999,990.9,1003.721,989.051,993.552,（无操作）,0.0,1.0374143343980586,1.0374143343980586,0.0
2023-03-13,18.4,7.1,0.04259999999999999,992.942,999.259,992.775,998.907,（无操作）,0.0,1.0374143343980586,1.0374143343980586,0.0
2023-03-14,3.2,2.5,0.0125,997.77,1016.918,989.632,1013.391,（无操作）,0.0,1.0374143343980586,1.0374143343980586,0.0
2023-03-15,1.1,22.2,0.11100000000000002,1016.178,1026.837,1007.304,1007.304,（无操作）,0.0,1.0374143343980586,1.0374143343980586,0.0
2023-03-16,-33.5,23.2,0.0232,1001.517,1008.783,990.492,992.435,（无操作）,0.0,1.0374143343980586,1.0374143343980586,0.0
2023-03-17,12.8,36.6,0.21960000000000002,1002.366,1020.266,999.181,1015.758,（无操作）,0.0,1.0374143343980586,1.0374143343980586,0.0
2023-03-20,5.6,19.4,0.097,1016.229,1033.873,1016.229,1025.321,（无操作）,0.0,1.0374143343980586,1.0374143343980586,0.0
2023-03-21,32.9,30.3,0.2121,1024.533,1030.186,1020.851,1030.186,"开盘加仓2成(Score+33,Δ+27,隔夜确认)",0.00020241337008272675,0.8299314675184468,1.0384548875904906,0.20080161648223094
2023-03-22,7.5,19.6,0.098,1031.614,1037.403,1028.921,1034.049,战略上限1.0成：开盘减1.0成,9.867732070380099e-05,0.9368935205820159,1.0389307053784607,0.09821365781972408
2023-03-23,31.5,32.1,0.22470000000000004,1030.466,1058.988,1030.466,1058.988,"开盘加仓2成(Score+32,Δ+24,隔夜确认)",0.00022640482553745186,0.8052088601606051,1.0449688535468602,0.2294422389456447
2023-03-24,9.7,36.6,0.183,1058.119,1063.229,1052.386,1060.987,战略上限1.8成：开盘减0.5成,0.00018069167619037618,0.8535546270586465,1.0452661465048452,0.18340928775627385
2023-03-27,26.1,38.1,0.2286,1057.172,1067.476,1045.724,1057.487,（无操作）,0.00018069167619037618,0.8535546270586465,1.0446337256381788,0.18291492404459747
2023-03-28,4.3,12.5,0.0625,1059.666,1061.126,1037.42,1038.625,战略上限0.6成：开盘减1.2成,6.163660606270027e-05,0.9796501576955894,1.0436674776674615,0.061338808903911815
2023-03-29,6.9,35.9,0.1795,1039.795,1074.536,1036.592,1062.136,冲高(+3%)防守减1.5成,0.0,1.0456292694816613,1.0456292694816613,0.0
2023-03-30,3.7,11.2,0.05600000000000001,1065.387,1069.116,1053.579,1065.69,（无操作）,0.0,1.0456292694816613,1.0456292694816613,0.0
2023-03-31,-4.5,15.9,0.0795,1063.288,1081.988,1063.288,1081.541,（无操作）,0.0,1.0456292694816613,1.0456292694816613,0.0
2023-04-03,32.4,22.2,0.1554,1093.075,1127.548,1093.075,1126.489,"开盘加仓2成(Score+32,Δ+37,隔夜确认)；冲高(+3%)防守减1.5成；冲高回落企稳加1.5成",0.00014417788606767583,0.8878569055320262,1.0502717082305164,0.15464074812804807
2023-04-04,-4.4,39.5,0.1975,1122.383,1146.038,1120.681,1129.084,冲高(+2%)减1.5成(价格强于环境),6.644919336553891e-06,1.0452301366280374,1.052732808732231,0.007126853121666093
2023-04-06,42.3,34.2,0.2394,1127.032,1162.937,1127.032,1146.964,"开盘加仓2成(Score+42,Δ+47,隔夜确认)；冲高(+3%)防守减1.5成；冲高回落企稳加1.5成",0.00019494143577240564,0.8346073480184851,1.0581981569577465,0.21129389374677332
2023-04-07,-16.8,23.8,0.0714,1149.536,1161.765,1144.519,1161.021,战略上限0.7成：开盘减1.4成,6.575796461180989e-05,0.9830341481971997,1.0593805260287679,0.07206700138029054
2023-04-10,-21.3,2.5,0.0075,1164.983,1168.089,1129.172,1129.172,战略上限0.1成：开盘减0.6成,6.8218231022548805e-06,1.0516594213399535,1.0593624329759728,0.007271365678297617
2023-04-11,2.4,17.9,0.0895,1132.222,1135.727,1109.51,1121.74,（无操作）,6.8218231022548805e-06,1.0516594213399535,1.0593117331866768,0.0072238526271235625
2023-04-12,23.1,20.5,0.123,1118.129,1137.59,1116.297,1129.406,（无操作）,6.8218231022548805e-06,1.0516594213399535,1.0593640292825788,0.007272861575112174
2023-04-13,21.8,35.7,0.21420000000000003,1122.371,1123.379,1098.9,1100.126,（无操作）,6.8218231022548805e-06,1.0516594213399535,1.0591642863021447,0.007085647674538719
2023-04-14,28.9,50.2,0.3012,1107.625,1137.053,1097.287,1136.213,（无操作）,6.8218231022548805e-06,1.0516594213399535,1.0594104654324359,0.007316374856952599
2023-04-17,-1.9,28.8,0.144,1134.051,1145.764,1134.051,1140.13,（无操作）,6.8218231022548805e-06,1.0516594213399535,1.0594371865135273,0.007341412282468101
2023-04-18,-24.4,41.2,0.1236,1130.813,1136.103,1117.344,1129.817,（无操作）,6.8218231022548805e-06,1.0516594213399535,1.0593668330518737,0.007275488972706866
2023-04-19,-4.0,29.4,0.147,1131.74,1149.378,1128.989,1134.404,（无操作）,6.8218231022548805e-06,1.0516594213399535,1.059398124754444,0.007304811320375034
2023-04-20,-18.8,44.9,0.1347,1134.938,1165.064,1134.938,1164.948,冲高(+2%)减1.5成(价格强于环境),0.0,1.0595526659367442,1.0595526659367442,0.0
2023-04-21,-1.6,36.6,0.183,1162.938,1162.938,1116.825,1116.825,（无操作）,0.0,1.0595526659367442,1.0595526659367442,0.0
2023-04-24,9.3,8.8,0.044,1116.666,1116.666,1090.867,1096.378,（无操作）,0.0,1.0595526659367442,1.0595526659367442,0.0
2023-04-25,5.0,1.5,0.0075,1095.946,1101.063,1072.292,1076.865,（无操作）,0.0,1.0595526659367442,1.0595526659367442,0.0
2023-04-26,-24.1,22.0,0.066,1072.696,1084.365,1062.6,1069.005,（无操作）,0.0,1.0595526659367442,1.0595526659367442,0.0
2023-04-27,8.2,17.1,0.08549999999999999,1063.53,1082.016,1060.29,1068.012,（无操作）,0.0,1.0595526659367442,1.0595526659367442,0.0
2023-04-28,-12.5,18.3,0.054900000000000004,1060.706,1088.364,1060.706,1087.869,（无操作）,0.0,1.0595526659367442,1.0595526659367442,0.0
2023-05-04,26.1,5.9,0.0354,1077.852,1077.852,1061.168,1064.205,（无操作）,0.0,1.0595526659367442,1.0595526659367442,0.0
2023-05-05,5.5,18.2,0.091,1062.663,1065.137,1047.288,1049.089,（无操作）,0.0,1.0595526659367442,1.0595526659367442,0.0
2023-05-08,24.9,38.5,0.231,1050.1,1060.352,1048.87,1057.214,（无操作）,0.0,1.0595526659367442,1.0595526659367442,0.0
2023-05-09,-17.4,26.1,0.07830000000000001,1058.373,1061.139,1034.213,1034.213,（无操作）,0.0,1.0595526659367442,1.0595526659367442,0.0
2023-05-10,-13.6,2.2,0.0066,1031.129,1035.843,1019.15,1025.706,（无操作）,0.0,1.0595526659367442,1.0595526659367442,0.0
2023-05-11,13.2,37.7,0.2262,1035.183,1035.889,1025.971,1025.971,（无操作）,0.0,1.0595526659367442,1.0595526659367442,0.0
2023-05-12,-30.4,11.9,0.0119,1028.36,1034.15,1014.105,1014.105,（无操作）,0.0,1.0595526659367442,1.0595526659367442,0.0
2023-05-15,-24.8,21.4,0.0642,1013.526,1025.785,1008.018,1025.785,（无操作）,0.0,1.0595526659367442,1.0595526659367442,0.0
2023-05-16,-31.6,5.8,0.0058,1029.33,1032.942,1023.363,1025.866,（无操作）,0.0,1.0595526659367442,1.0595526659367442,0.0
2023-05-17,-12.8,20.6,0.0618,1025.447,1032.918,1024.395,1029.65,（无操作）,0.0,1.0595526659367442,1.0595526659367442,0.0
2023-05-18,-16.0,4.1,0.012299999999999998,1031.404,1038.227,1029.893,1034.822,（无操作）,0.0,1.0595526659367442,1.0595526659367442,0.0
2023-05-19,-4.5,16.3,0.08149999999999999,1040.346,1048.744,1037.667,1040.161,（无操作）,0.0,1.0595526659367442,1.0595526659367442,0.0
2023-05-22,-26.8,13.5,0.0405,1040.829,1040.829,1028.12,1032.112,（无操作）,0.0,1.0595526659367442,1.0595526659367442,0.0
2023-05-23,-21.0,9.9,0.029700000000000004,1029.144,1029.144,1016.106,1016.106,（无操作）,0.0,1.0595526659367442,1.0595526659367442,0.0
2023-05-24,-18.1,21.0,0.063,1011.124,1022.726,1007.737,1011.774,（无操作）,0.0,1.0595526659367442,1.0595526659367442,0.0
2023-05-25,-18.6,14.6,0.04379999999999999,1016.916,1021.719,1007.029,1021.719,（无操作）,0.0,1.0595526659367442,1.0595526659367442,0.0
2023-05-26,1.0,8.3,0.041499999999999995,1023.858,1040.11,1023.858,1038.661,（无操作）,0.0,1.0595526659367442,1.0595526659367442,0.0
2023-05-29,-3.2,1.8,0.009,1041.27,1041.27,1027.868,1028.38,（无操作）,0.0,1.0595526659367442,1.0595526659367442,0.0
2023-05-30,-2.5,18.5,0.0925,1025.826,1046.069,1025.072,1044.425,（无操作）,0.0,1.0595526659367442,1.0595526659367442,0.0
2023-05-31,-7.5,6.8,0.034,1040.339,1053.91,1040.339,1053.91,（无操作）,0.0,1.0595526659367442,1.0595526659367442,0.0
2023-06-01,-2.4,9.1,0.0455,1048.954,1065.233,1048.954,1053.549,（无操作）,0.0,1.0595526659367442,1.0595526659367442,0.0
2023-06-02,44.2,57.2,0.40040000000000003,1055.948,1058.142,1048.51,1053.291,"开盘加仓2成(Score+44,Δ+47,隔夜确认)",0.00020058244427937068,0.8476421327493954,1.058913816066858,0.1995173545871681
2023-06-05,-25.9,2.3,0.006899999999999999,1063.15,1065.045,1050.291,1051.734,战略上限0.1成：开盘减1.9成,6.885341083437467e-06,1.0534682434745204,1.0607097907935683,0.006827076908218476
2023-06-06,20.2,22.9,0.13739999999999997,1047.919,1047.919,1022.984,1022.984,（无操作）,6.885341083437467e-06,1.0534682434745204,1.0605118372374196,0.0066416927332441705
2023-06-07,35.5,45.9,0.32130000000000003,1023.95,1025.174,1015.835,1019.051,"开盘加仓2成(Score+36,Δ+15,隔夜确认)",0.00021392445319433963,0.8413645457791391,1.0593644737312842,0.20578368763331056
2023-06-08,-62.0,1.0,0.0005,1012.656,1012.994,1004.887,1007.12,"战略上限0.0成：开盘减2.0成；开盘减仓4.5成(Score-62,Δ-98)",0.0,1.0578881109125693,1.0578881109125693,0.0
2023-06-09,17.5,45.9,0.2754,1008.903,1032.551,1005.19,1032.551,（无操作）,0.0,1.0578881109125693,1.0578881109125693,0.0
2023-06-12,0.9,6.8,0.034,1030.258,1031.939,1023.177,1026.639,（无操作）,0.0,1.0578881109125693,1.0578881109125693,0.0
2023-06-13,21.0,45.8,0.27479999999999993,1025.21,1042.849,1022.649,1039.463,（无操作）,0.0,1.0578881109125693,1.0578881109125693,0.0
2023-06-14,7.9,20.3,0.10149999999999999,1038.89,1038.89,1031.9,1035.314,（无操作）,0.0,1.0578881109125693,1.0578881109125693,0.0
2023-06-15,34.6,40.7,0.28490000000000004,1036.311,1036.311,1029.904,1033.85,"开盘加仓2成(Score+35,Δ+27,隔夜确认)",0.00020406218426649356,0.8463104887300554,1.0572801779339698,0.19954000236358352
2023-06-16,-18.4,2.9,0.0087,1034.425,1054.58,1034.425,1052.883,战略上限0.1成：开盘减1.9成,8.893209627669794e-06,1.0480972114875253,1.0574607207199351,0.008854711148074642
2023-06-19,-19.4,34.3,0.10289999999999999,1053.343,1059.285,1046.569,1055.454,（无操作）,8.893209627669794e-06,1.0480972114875253,1.057483585161888,0.008876141252751126
2023-06-20,1.3,25.0,0.125,1054.511,1057.512,1043.849,1055.412,（无操作）,8.893209627669794e-06,1.0480972114875253,1.0574832116470836,0.008875791176806546
2023-06-21,3.6,23.7,0.11850000000000001,1050.124,1050.124,1020.222,1020.222,（无操作）,8.893209627669794e-06,1.0480972114875253,1.0571702596002859,0.008582390613401322
2023-06-26,4.6,11.0,0.05500000000000001,1011.149,1028.411,1008.407,1010.314,（无操作）,8.893209627669794e-06,1.0480972114875253,1.057082145679295,0.008499750211934326
2023-06-27,-1.3,0.1,0.0005,1011.082,1015.452,1008.503,1011.352,战略上限0.0成：开盘减0.1成,5.227513572906491e-07,1.0565561995666124,1.057084885197311,0.0005001354556308223
2023-06-28,-12.2,4.2,0.0126,1017.081,1017.081,998.753,1008.219,（无操作）,5.227513572906491e-07,1.0565561995666124,1.0570832474173086,0.0004985868917929757
2023-06-29,1.9,0.8,0.004,1004.543,1010.324,1001.458,1001.458,（无操作）,5.227513572906491e-07,1.0565561995666124,1.057079713095382,0.0004952450815999545
2023-06-30,-29.5,40.0,0.12,999.182,1008.635,999.182,1005.15,（无操作）,5.227513572906491e-07,1.0565561995666124,1.0570816430933931,0.0004970699569080239
2023-07-03,-29.1,19.6,0.058800000000000005,1006.577,1012.748,999.941,1008.399,（无操作）,5.227513572906491e-07,1.0565561995666124,1.057083341512553,0.0004986758614380014
2023-07-04,1.2,3.3,0.0165,1008.433,1022.093,1005.724,1015.396,（无操作）,5.227513572906491e-07,1.0565561995666124,1.0570869992038,0.0005021342969758357
2023-07-05,-11.3,13.2,0.039599999999999996,1013.379,1016.037,1005.329,1005.732,（无操作）,5.227513572906491e-07,1.0565561995666124,1.057081947334683,0.0004973576262429368
2023-07-06,-20.6,50.5,0.1515,1004.667,1011.882,1001.783,1002.111,（无操作）,5.227513572906491e-07,1.0565561995666124,1.0570800544520182,0.0004955678457838767
2023-07-07,-28.2,35.3,0.1059,1001.016,1001.016,990.554,991.849,（无操作）,5.227513572906491e-07,1.0565561995666124,1.0570746899775898,0.0004904955306312037
2023-07-10,-15.0,22.1,0.06630000000000001,992.744,999.596,990.748,993.731,（无操作）,5.227513572906491e-07,1.0565561995666124,1.0570756737956442,0.0004914257719757345
2023-07-11,-9.6,7.1,0.0355,996.559,1002.207,994.425,1001.414,（无操作）,5.227513572906491e-07,1.0565561995666124,1.0570796900943222,0.0004952233333166655
2023-07-12,-3.5,12.6,0.063,999.236,999.236,984.065,984.981,（无操作）,5.227513572906491e-07,1.0565561995666124,1.057071099721268,0.0004871007776026338
2023-07-13,19.1,42.7,0.25620000000000004,988.697,997.569,988.697,995.973,（无操作）,5.227513572906491e-07,1.0565561995666124,1.0570768458041873,0.0004925339530814811
2023-07-14,5.9,28.3,0.14150000000000001,999.789,999.939,991.003,991.559,（无操作）,5.227513572906491e-07,1.0565561995666124,1.0570745383796962,0.0004903521882934369
2023-07-17,-20.1,16.8,0.0504,988.881,988.881,982.617,984.821,（无操作）,5.227513572906491e-07,1.0565561995666124,1.0570710160810508,0.0004870216916427693
2023-07-18,12.6,5.7,0.0342,985.244,986.428,980.019,980.019,（无操作）,5.227513572906491e-07,1.0565561995666124,1.057068505829033,0.000484648118447948
2023-07-19,6.5,3.2,0.016,986.998,986.998,974.109,975.115,（无操作）,5.227513572906491e-07,1.0565561995666124,1.0570659422563768,0.0004822241161950521
2023-07-20,-1.1,9.1,0.0455,978.384,978.384,960.868,961.13,（无操作）,5.227513572906491e-07,1.0565561995666124,1.0570586315786452,0.00047531139430025143
2023-07-21,-23.8,32.0,0.096,958.886,962.394,954.756,955.549,（无操作）,5.227513572906491e-07,1.0565561995666124,1.05705571410332,0.0004725527046901695
2023-07-24,8.4,10.0,0.05,953.965,959.875,949.718,950.552,（无操作）,5.227513572906491e-07,1.0565561995666124,1.0570531019147877,0.00047008267349599804
2023-07-25,-8.8,17.9,0.0895,961.522,965.027,957.631,964.396,（无操作）,5.227513572906491e-07,1.0565561995666124,1.057060338884578,0.00047692577180376126
2023-07-26,-28.1,39.1,0.1173,963.554,967.208,959.49,961.597,（无操作）,5.227513572906491e-07,1.0565561995666124,1.057058875703529,0.00047554223181945146
2023-07-27,6.4,15.7,0.0785,962.609,962.609,951.59,952.296,（无操作）,5.227513572906491e-07,1.0565561995666124,1.0570540135931548,0.0004709447390018214
2023-07-28,-33.4,41.4,0.0414,950.515,962.86,949.222,962.645,"开盘减仓3.5成(Score-33,Δ-40)",0.0,1.0570528341314844,1.0570528341314844,0.0
2023-07-31,6.7,3.9,0.0195,961.689,973.628,961.689,968.994,（无操作）,0.0,1.0570528341314844,1.0570528341314844,0.0
2023-08-01,-27.5,36.2,0.1086,969.405,969.683,966.578,969.683,（无操作）,0.0,1.0570528341314844,1.0570528341314844,0.0
2023-08-02,-0.7,27.9,0.1395,967.687,971.523,966.774,968.439,（无操作）,0.0,1.0570528341314844,1.0570528341314844,0.0
2023-08-03,-17.1,57.2,0.17160000000000003,962.55,971.86,962.55,970.373,（无操作）,0.0,1.0570528341314844,1.0570528341314844,0.0
2023-08-04,-4.0,38.2,0.191,972.484,976.956,969.501,975.778,（无操作）,0.0,1.0570528341314844,1.0570528341314844,0.0
2023-08-07,1.7,19.7,0.0985,973.289,975.915,967.63,968.898,（无操作）,0.0,1.0570528341314844,1.0570528341314844,0.0
2023-08-08,-12.9,44.5,0.1335,967.433,968.91,965.532,965.532,（无操作）,0.0,1.0570528341314844,1.0570528341314844,0.0
2023-08-09,-12.5,43.9,0.13169999999999998,961.504,964.215,956.919,957.369,（无操作）,0.0,1.0570528341314844,1.0570528341314844,0.0
2023-08-10,-10.2,36.8,0.11039999999999998,957.218,961.252,954.797,959.17,（无操作）,0.0,1.0570528341314844,1.0570528341314844,0.0
2023-08-11,2.8,40.5,0.20249999999999999,960.095,960.095,938.765,938.765,（无操作）,0.0,1.0570528341314844,1.0570528341314844,0.0
2023-08-14,-17.1,36.0,0.10800000000000001,932.092,932.092,921.171,930.495,（无操作）,0.0,1.0570528341314844,1.0570528341314844,0.0
2023-08-15,-15.0,37.1,0.11130000000000002,933.057,933.057,911.999,917.45,（无操作）,0.0,1.0570528341314844,1.0570528341314844,0.0
2023-08-16,-43.0,63.4,0.0634,916.586,919.324,901.787,901.787,（无操作）,0.0,1.0570528341314844,1.0570528341314844,0.0
2023-08-17,-20.1,56.5,0.1695,899.799,912.877,898.151,910.378,（无操作）,0.0,1.0570528341314844,1.0570528341314844,0.0
2023-08-18,-24.1,60.2,0.18060000000000004,924.296,924.296,904.249,904.249,（无操作）,0.0,1.0570528341314844,1.0570528341314844,0.0
2023-08-21,-16.4,61.8,0.18539999999999998,900.224,905.081,892.093,892.093,（无操作）,0.0,1.0570528341314844,1.0570528341314844,0.0
2023-08-22,-17.6,47.5,0.14250000000000002,896.745,903.4,877.793,901.128,（无操作）,0.0,1.0570528341314844,1.0570528341314844,0.0
2023-08-23,1.2,18.3,0.0915,899.961,899.961,879.459,879.459,（无操作）,0.0,1.0570528341314844,1.0570528341314844,0.0
2023-08-24,13.7,9.7,0.058199999999999995,883.799,893.692,880.614,885.476,（无操作）,0.0,1.0570528341314844,1.0570528341314844,0.0
2023-08-25,-19.3,33.2,0.09960000000000001,880.167,880.167,865.979,870.399,（无操作）,0.0,1.0570528341314844,1.0570528341314844,0.0
2023-08-28,-18.1,2.8,0.0084,926.0,926.0,879.355,880.191,（无操作）,0.0,1.0570528341314844,1.0570528341314844,0.0
2023-08-29,27.9,11.2,0.0672,878.78,918.901,878.78,916.455,冲高回落企稳加1.5成,7.747074458431864e-05,0.9860188836778487,1.0570173349058705,0.06716867253113148
2023-08-30,24.2,34.2,0.2052,935.818,949.14,932.309,939.648,（无操作）,7.747074458431864e-05,0.9860188836778487,1.0588141138850147,0.06875166212137523
2023-08-31,9.7,28.2,0.141,936.195,947.514,936.195,942.613,（无操作）,7.747074458431864e-05,0.9860188836778487,1.059043814642707,0.0689536447455623
2023-09-01,42.8,39.3,0.27509999999999996,944.251,944.251,927.494,934.787,"开盘加仓2成(Score+43,Δ+33,隔夜确认)",0.00030169955472628785,0.7741847413333816,1.056209562997304,0.26701597064089666
2023-09-04,-18.7,26.8,0.0804,935.821,942.428,930.413,942.428,战略上限0.8成：开盘减1.9成,9.076984833112956e-05,0.9714784938774208,1.0570225405004305,0.08092925490738381
2023-09-05,18.3,42.8,0.2568,942.556,944.178,929.492,930.629,（无操作）,9.076984833112956e-05,0.9714784938774208,1.0559515470599716,0.07999709211823638
2023-09-06,-16.5,18.8,0.056400000000000006,926.25,935.477,921.931,934.604,战略上限0.6成：开盘减0.2成,6.427341356699478e-05,0.9960085454163505,1.056078734829718,0.056880408091024855
2023-09-07,0.1,8.8,0.044,929.358,929.358,899.828,899.828,战略上限0.4成：开盘减0.1成,4.998356767369992e-05,1.0092822878247514,1.0542589015574415,0.04266182971397894
2023-09-08,-12.1,5.3,0.015899999999999997,895.504,906.169,894.597,901.506,战略上限0.2成：开盘减0.3成,1.871491370726657e-05,1.0372694919239576,1.0541410989205406,0.016005074665867675
2023-09-11,0.2,29.7,0.14850000000000002,901.542,914.893,901.542,907.505,（无操作）,1.871491370726657e-05,1.0372694919239576,1.0542533696878704,0.01610986338980478
2023-09-12,-3.6,39.0,0.195,905.915,909.252,901.622,901.622,（无操作）,1.871491370726657e-05,1.0372694919239576,1.0541432698505306,0.016007101130537663
2023-09-13,12.3,43.5,0.261,900.004,900.341,883.182,889.132,（无操作）,1.871491370726657e-05,1.0372694919239576,1.0539095205783269,0.01578885884363035
2023-09-14,33.8,73.9,0.5173000000000001,888.26,888.26,878.113,880.802,"开盘加仓2成(Score+34,Δ+21,隔夜确认)",0.0002558901817401887,0.8264908516892427,1.0518794355463643,0.21427225995729346
2023-09-15,-3.4,31.3,0.1565,883.074,891.192,876.734,887.013,战略上限1.6成：开盘减0.6成,0.0001865190437303635,0.8877200700919676,1.0531648866283685,0.15709298575844147
2023-09-18,-21.9,29.7,0.08909999999999998,881.383,887.414,878.555,879.534,战略上限0.9成：开盘减0.7成,0.00010635946834818009,0.958336031477528,1.0518828001116762,0.08893269157382985
2023-09-19,4.9,21.0,0.10500000000000001,879.345,880.021,870.796,873.618,（无操作）,0.00010635946834818009,0.958336031477528,1.0512535774969285,0.08838737675513107
2023-09-20,-10.0,39.3,0.1965,870.032,872.972,866.023,866.023,（无操作）,0.00010635946834818009,0.958336031477528,1.050445777334824,0.08768634026117512
2023-09-21,-29.0,42.8,0.1284,862.638,867.888,860.394,860.394,（无操作）,0.00010635946834818009,0.958336031477528,1.0498470798874922,0.08716607414840924
2023-09-22,-24.0,46.4,0.1392,860.728,882.958,860.228,882.878,冲高(+2%)减1.5成(价格强于环境),0.0,1.0516668466474073,1.0516668466474073,0.0
2023-09-25,-19.3,57.4,0.1722,880.317,880.317,874.555,874.555,（无操作）,0.0,1.0516668466474073,1.0516668466474073,0.0
2023-09-26,-7.3,44.2,0.221,876.258,883.867,875.51,876.051,（无操作）,0.0,1.0516668466474073,1.0516668466474073,0.0
2023-09-27,-30.9,67.8,0.0678,875.435,883.837,875.435,880.17,（无操作）,0.0,1.0516668466474073,1.0516668466474073,0.0
2023-09-28,-10.1,42.9,0.12869999999999998,880.394,889.528,878.851,887.8,（无操作）,0.0,1.0516668466474073,1.0516668466474073,0.0
2023-10-09,15.2,10.5,0.063,884.204,889.148,882.132,887.212,（无操作）,0.0,1.0516668466474073,1.0516668466474073,0.0
2023-10-10,-3.2,0.1,0.0005,888.146,890.934,882.044,882.044,（无操作）,0.0,1.0516668466474073,1.0516668466474073,0.0
2023-10-11,21.4,32.8,0.19679999999999997,885.628,894.165,884.583,893.449,（无操作）,0.0,1.0516668466474073,1.0516668466474073,0.0
2023-10-12,13.4,23.3,0.1398,896.002,901.006,891.434,899.984,（无操作）,0.0,1.0516668466474073,1.0516668466474073,0.0
2023-10-13,-7.5,26.8,0.134,895.468,895.952,889.038,891.72,（无操作）,0.0,1.0516668466474073,1.0516668466474073,0.0
2023-10-16,-28.2,30.3,0.09090000000000001,890.483,890.483,871.989,874.026,（无操作）,0.0,1.0516668466474073,1.0516668466474073,0.0
2023-10-17,15.6,22.8,0.1368,874.282,884.391,872.019,882.191,（无操作）,0.0,1.0516668466474073,1.0516668466474073,0.0
2023-10-18,-17.2,45.7,0.13710000000000003,884.706,884.706,869.644,869.762,（无操作）,0.0,1.0516668466474073,1.0516668466474073,0.0
2023-10-19,-28.3,34.8,0.10439999999999998,864.459,877.728,864.459,870.101,（无操作）,0.0,1.0516668466474073,1.0516668466474073,0.0
2023-10-20,-11.5,24.6,0.0738,865.775,871.358,861.461,861.809,（无操作）,0.0,1.0516668466474073,1.0516668466474073,0.0
2023-10-23,-27.2,36.7,0.1101,857.482,857.482,837.162,840.144,（无操作）,0.0,1.0516668466474073,1.0516668466474073,0.0
2023-10-24,21.1,10.1,0.0606,844.085,855.392,840.475,850.614,（无操作）,0.0,1.0516668466474073,1.0516668466474073,0.0
2023-10-25,-12.1,15.0,0.045,859.765,861.144,848.646,848.646,（无操作）,0.0,1.0516668466474073,1.0516668466474073,0.0
2023-10-26,-11.5,28.9,0.08669999999999999,841.987,850.621,838.139,849.309,（无操作）,0.0,1.0516668466474073,1.0516668466474073,0.0
2023-10-27,-10.2,37.7,0.1131,843.877,865.792,843.877,861.852,（无操作）,0.0,1.0516668466474073,1.0516668466474073,0.0
2023-10-30,-9.7,41.9,0.20950000000000002,862.117,881.781,862.117,878.129,（无操作）,0.0,1.0516668466474073,1.0516668466474073,0.0
2023-10-31,31.2,4.4,0.030800000000000004,882.427,882.427,870.056,874.406,"开盘加仓2成(Score+31,Δ+41,隔夜确认)",3.6688758731418695e-05,1.0192755077706672,1.051356378537972,0.030513792870041755
2023-11-01,-24.3,5.0,0.015,874.04,875.787,869.918,869.918,战略上限0.1成：开盘减0.2成,1.804281755615778e-05,1.0355646575462798,1.0512604293090975,0.014930431437558376
2023-11-02,28.3,31.3,0.18780000000000002,871.551,874.932,859.932,859.932,（无操作）,1.804281755615778e-05,1.0355646575462798,1.0510802537329818,0.014761571375351402
2023-11-03,22.2,55.5,0.333,861.545,876.343,861.545,875.373,（无操作）,1.804281755615778e-05,1.0355646575462798,1.0513588528788662,0.015022649297467088
2023-11-06,35.7,45.7,0.3199,880.603,891.262,880.603,890.207,"开盘加仓2成(Score+36,Δ+14,隔夜确认)",0.0002567264815768836,0.8252740141833428,1.0538137251684556,0.21686917291628557
2023-11-07,-20.1,40.0,0.12,887.204,892.557,884.059,891.456,战略上限1.2成：开盘减1.0成,0.00014243075218925254,0.9266269406648188,1.053597689288441,0.12051160505996689
2023-11-08,-6.2,47.4,0.23700000000000002,890.873,905.389,890.873,899.626,（无操作）,0.00014243075218925254,0.9266269406648188,1.0547613485338272,0.12148189545163175
2023-11-09,8.6,38.9,0.1945,897.931,903.12,891.922,893.798,（无操作）,0.00014243075218925254,0.9266269406648188,1.0539312621100683,0.12078996612205473
2023-11-10,0.1,3.2,0.016,888.987,893.692,887.3,889.75,战略上限0.2成：开盘减1.0成,1.8956336194095715e-05,1.036339207741779,1.0532056078704757,0.01601434705878523
2023-11-13,19.1,25.9,0.15539999999999998,893.5,896.551,889.804,896.551,（无操作）,1.8956336194095715e-05,1.036339207741779,1.0533345299129317,0.01613478120057218
2023-11-14,9.6,20.6,0.10300000000000001,895.814,904.341,895.162,904.341,（无操作）,1.8956336194095715e-05,1.036339207741779,1.0534821997718837,0.016272692631936998
2023-11-15,33.5,29.3,0.2051,912.627,912.627,900.894,902.18,"开盘加仓2成(Score+34,Δ+24,隔夜确认)",0.0002366816494384429,0.8375378572918051,1.0510673077821795,0.2031548778174211
2023-11-16,8.9,26.7,0.1335,898.744,898.744,887.111,887.111,战略上限1.3成：开盘减0.7成,0.00015600540120015672,0.910008897691452,1.0484030051555242,0.13200468406091828
2023-11-17,16.7,23.3,0.1398,886.673,891.38,885.473,891.38,（无操作）,0.00015600540120015672,0.910008897691452,1.0490689922132477,0.13255571897937526
2023-11-20,30.0,25.2,0.15119999999999997,890.898,895.351,883.581,892.631,"开盘加仓2成(Score+30,Δ+13,隔夜确认)",0.0001780204418696203,0.8903859354112571,1.0492925004577782,0.15144162850415338
2023-11-21,36.6,38.1,0.2667,892.92,896.046,884.895,884.895,"开盘加仓2成(Score+37,Δ+7,隔夜确认)",0.0003133535033714498,0.7694839173364054,1.0467688657022844,0.2648960601057299
2023-11-22,16.9,33.6,0.2016,881.957,883.388,870.76,870.76,战略上限2.0成：开盘减0.6成,0.00023906267969396564,0.8349724686585392,1.0431386876288569,0.1995575674060149
2023-11-23,-2.7,19.8,0.099,869.853,878.026,867.58,877.77,战略上限1.0成：开盘减1.0成,0.00011869737061326346,0.9396202437957154,1.0438092347989196,0.09981612303255329
2023-11-24,-0.3,25.6,0.128,875.58,875.58,864.031,864.774,（无操作）,0.00011869737061326346,0.9396202437957154,1.0422666437704298,0.09848381946042903
2023-11-27,-0.8,14.1,0.0705,864.267,869.369,861.929,868.03,战略上限0.7成：开盘减0.3成,8.501488050145241e-05,0.9687163531448393,1.042511819866515,0.07078621586383992
2023-11-28,20.3,28.8,0.1728,868.812,872.314,865.863,871.906,（无操作）,8.501488050145241e-05,0.9687163531448393,1.0428413375433387,0.07107982943322752
2023-11-29,0.9,16.6,0.08299999999999999,870.4,870.998,862.036,862.036,（无操作）,8.501488050145241e-05,0.9687163531448393,1.0420022406727893,0.07033179456565423
2023-11-30,23.7,25.4,0.15239999999999998,861.51,865.685,858.346,865.685,（无操作）,8.501488050145241e-05,0.9687163531448393,1.042312459971739,0.0706084880045426
2023-12-01,-12.2,3.8,0.011399999999999999,863.334,869.228,857.091,867.537,战略上限0.1成：开盘减0.6成,1.3760703882691462e-05,1.0302017483851622,1.0421396681494408,0.011455201379558876
2023-12-04,38.6,61.3,0.4290999999999999,867.834,872.334,861.92,861.92,"开盘加仓2成(Score+39,Δ+51,隔夜确认)",0.0002538118988362634,0.8217729973694634,1.0405385492144155,0.21024262100631974
2023-12-05,6.7,42.8,0.21400000000000002,859.485,859.485,845.8,845.8,（无操作）,0.0002538118988362634,0.8217729973694634,1.036447101405175,0.20712499822196878
2023-12-06,17.1,39.4,0.2364,843.815,851.56,843.815,848.791,（无操作）,0.0002538118988362634,0.8217729973694634,1.0372062527945942,0.20770531882610502
2023-12-07,5.8,32.0,0.16,847.102,849.281,839.69,847.476,战略上限1.6成：开盘减0.5成,0.00019582578050765263,0.870868594099462,1.0368262432609654,0.16006312556243088
2023-12-08,23.6,69.2,0.4152,849.161,868.234,848.999,868.234,（无操作）,0.00019582578050765263,0.870868594099462,1.0408911948127433,0.1633432980897378
2023-12-11,-19.4,0.2,0.0006000000000000001,859.974,880.021,859.915,878.516,战略上限0.0成：开盘减1.6成；冲高(+2%)减1.5成(价格强于环境),0.0,1.0392019363743115,1.0392019363743115,0.0
2023-12-12,7.8,2.7,0.013500000000000002,876.69,876.69,867.224,869.967,（无操作）,0.0,1.0392019363743115,1.0392019363743115,0.0
2023-12-13,5.8,34.3,0.1715,868.866,874.022,861.251,861.251,（无操作）,0.0,1.0392019363743115,1.0392019363743115,0.0
2023-12-14,21.7,56.8,0.34079999999999994,865.092,866.404,855.846,855.898,（无操作）,0.0,1.0392019363743115,1.0392019363743115,0.0
2023-12-15,15.3,51.2,0.30720000000000003,857.01,857.172,847.17,847.507,（无操作）,0.0,1.0392019363743115,1.0392019363743115,0.0
2023-12-18,-17.9,15.8,0.047400000000000005,845.538,846.623,838.425,840.681,（无操作）,0.0,1.0392019363743115,1.0392019363743115,0.0
2023-12-19,-11.9,1.5,0.0045,839.644,850.047,839.644,845.859,（无操作）,0.0,1.0392019363743115,1.0392019363743115,0.0
2023-12-20,0.3,14.9,0.0745,847.272,847.272,835.458,835.713,（无操作）,0.0,1.0392019363743115,1.0392019363743115,0.0
2023-12-21,-36.2,23.5,0.0235,832.37,850.122,832.37,847.817,（无操作）,0.0,1.0392019363743115,1.0392019363743115,0.0
2023-12-22,5.2,13.9,0.06949999999999999,846.666,851.002,840.413,843.318,（无操作）,0.0,1.0392019363743115,1.0392019363743115,0.0
2023-12-25,3.5,16.8,0.08399999999999999,840.379,843.052,835.577,837.222,（无操作）,0.0,1.0392019363743115,1.0392019363743115,0.0
2023-12-26,-12.1,12.0,0.036,836.531,836.531,822.5,825.258,（无操作）,0.0,1.0392019363743115,1.0392019363743115,0.0
2023-12-27,0.6,6.6,0.033,826.831,832.804,826.831,830.057,（无操作）,0.0,1.0392019363743115,1.0392019363743115,0.0
2023-12-28,7.8,16.0,0.08,828.401,852.348,828.401,850.385,（无操作）,0.0,1.0392019363743115,1.0392019363743115,0.0
2023-12-29,-22.2,20.4,0.0612,849.611,853.645,849.459,852.005,（无操作）,0.0,1.0392019363743115,1.0392019363743115,0.0
2024-01-02,10.8,1.4,0.0084,850.969,850.969,839.801,839.801,（无操作）,0.0,1.0392019363743115,1.0392019363743115,0.0
2024-01-03,-23.3,16.6,0.049800000000000004,838.302,841.765,827.849,829.772,（无操作）,0.0,1.0392019363743115,1.0392019363743115,0.0
2024-01-04,-26.1,28.9,0.08669999999999999,831.23,831.23,818.141,823.848,（无操作）,0.0,1.0392019363743115,1.0392019363743115,0.0
2024-01-05,-10.8,25.3,0.0759,820.397,825.375,805.109,807.729,（无操作）,0.0,1.0392019363743115,1.0392019363743115,0.0
2024-01-08,-3.7,5.9,0.0295,802.895,802.895,784.17,784.433,（无操作）,0.0,1.0392019363743115,1.0392019363743115,0.0
2024-01-09,14.2,26.0,0.156,786.48,792.684,777.677,782.926,（无操作）,0.0,1.0392019363743115,1.0392019363743115,0.0
2024-01-10,-12.0,2.8,0.0084,779.08,789.592,773.229,777.153,（无操作）,0.0,1.0392019363743115,1.0392019363743115,0.0
2024-01-11,-4.2,1.7,0.0085,775.372,792.774,775.372,789.864,（无操作）,0.0,1.0392019363743115,1.0392019363743115,0.0
2024-01-12,13.4,34.8,0.20879999999999996,788.025,789.555,778.358,778.358,（无操作）,0.0,1.0392019363743115,1.0392019363743115,0.0
2024-01-15,-22.1,26.7,0.08009999999999999,774.957,782.852,772.86,773.405,（无操作）,0.0,1.0392019363743115,1.0392019363743115,0.0
2024-01-16,-30.5,45.9,0.045899999999999996,771.841,777.403,765.971,777.403,（无操作）,0.0,1.0392019363743115,1.0392019363743115,0.0
2024-01-17,-39.7,59.6,0.0596,775.864,775.864,757.045,757.045,（无操作）,0.0,1.0392019363743115,1.0392019363743115,0.0
2024-01-18,-34.3,62.2,0.0622,752.286,768.586,742.931,768.282,（无操作）,0.0,1.0392019363743115,1.0392019363743115,0.0
2024-01-19,-8.2,18.8,0.094,767.239,771.027,762.521,765.47,（无操作）,0.0,1.0392019363743115,1.0392019363743115,0.0
2024-01-22,-12.2,22.0,0.066,763.601,763.601,740.892,742.227,（无操作）,0.0,1.0392019363743115,1.0392019363743115,0.0
2024-01-23,2.8,3.6,0.018,738.383,753.826,738.383,749.743,（无操作）,0.0,1.0392019363743115,1.0392019363743115,0.0
2024-01-24,-19.5,4.7,0.014100000000000001,753.01,753.01,728.499,750.275,（无操作）,0.0,1.0392019363743115,1.0392019363743115,0.0
2024-01-25,-25.9,19.5,0.058499999999999996,749.133,766.742,746.701,765.791,（无操作）,0.0,1.0392019363743115,1.0392019363743115,0.0
2024-01-26,-20.5,34.1,0.10230000000000002,759.938,760.32,746.096,746.096,（无操作）,0.0,1.0392019363743115,1.0392019363743115,0.0
2024-01-29,-11.8,13.7,0.04109999999999999,748.264,748.264,725.308,725.308,（无操作）,0.0,1.0392019363743115,1.0392019363743115,0.0
2024-01-30,-3.1,1.4,0.007000000000000001,720.193,721.178,697.845,697.845,（无操作）,0.0,1.0392019363743115,1.0392019363743115,0.0
2024-01-31,-18.2,17.0,0.051000000000000004,693.847,699.06,681.598,684.852,（无操作）,0.0,1.0392019363743115,1.0392019363743115,0.0
2024-02-01,12.3,19.9,0.11939999999999999,680.718,702.234,679.624,690.005,（无操作）,0.0,1.0392019363743115,1.0392019363743115,0.0
2024-02-02,19.5,39.7,0.23820000000000002,693.02,693.02,661.705,673.407,（无操作）,0.0,1.0392019363743115,1.0392019363743115,0.0
2024-02-05,-26.5,14.7,0.04409999999999999,675.396,686.024,641.34,676.793,（无操作）,0.0,1.0392019363743115,1.0392019363743115,0.0
2024-02-06,-21.1,15.3,0.04590000000000001,675.453,721.295,673.972,720.8,（无操作）,0.0,1.0392019363743115,1.0392019363743115,0.0
2024-02-07,14.4,11.4,0.0684,723.312,743.799,723.312,743.423,（无操作）,0.0,1.0392019363743115,1.0392019363743115,0.0
2024-02-08,-1.3,6.4,0.032,749.639,767.517,745.832,751.504,（无操作）,0.0,1.0392019363743115,1.0392019363743115,0.0
2024-02-19,-26.5,7.1,0.021299999999999996,762.644,763.316,750.455,763.316,（无操作）,0.0,1.0392019363743115,1.0392019363743115,0.0
2024-02-20,-18.3,9.5,0.028499999999999998,756.084,757.359,749.069,754.702,（无操作）,0.0,1.0392019363743115,1.0392019363743115,0.0
2024-02-21,-11.8,16.3,0.048900000000000006,747.25,768.351,747.227,755.155,（无操作）,0.0,1.0392019363743115,1.0392019363743115,0.0
2024-02-22,4.0,15.4,0.077,757.262,767.418,757.26,762.382,（无操作）,0.0,1.0392019363743115,1.0392019363743115,0.0
2024-02-23,-1.9,8.6,0.043,768.509,768.509,755.807,764.482,（无操作）,0.0,1.0392019363743115,1.0392019363743115,0.0
2024-02-26,19.1,37.1,0.22260000000000005,764.033,775.89,762.383,768.488,（无操作）,0.0,1.0392019363743115,1.0392019363743115,0.0
2024-02-27,4.3,15.6,0.078,763.665,796.907,763.035,796.907,（无操作）,0.0,1.0392019363743115,1.0392019363743115,0.0
2024-02-28,5.6,17.4,0.087,797.825,810.082,771.592,771.592,（无操作）,0.0,1.0392019363743115,1.0392019363743115,0.0
2024-02-29,15.3,34.4,0.20639999999999997,769.557,807.707,769.557,807.707,（无操作）,0.0,1.0392019363743115,1.0392019363743115,0.0
2024-03-01,-23.1,5.7,0.0171,809.401,817.019,805.449,815.487,（无操作）,0.0,1.0392019363743115,1.0392019363743115,0.0
2024-03-04,14.8,31.8,0.19080000000000003,819.958,821.703,808.141,818.513,（无操作）,0.0,1.0392019363743115,1.0392019363743115,0.0
2024-03-05,0.4,8.0,0.04,812.621,823.25,812.621,817.772,（无操作）,0.0,1.0392019363743115,1.0392019363743115,0.0
2024-03-06,-17.1,15.3,0.04590000000000001,816.145,819.613,806.251,811.899,（无操作）,0.0,1.0392019363743115,1.0392019363743115,0.0
2024-03-07,16.1,23.3,0.1398,814.168,815.225,794.239,794.239,（无操作）,0.0,1.0392019363743115,1.0392019363743115,0.0
2024-03-08,28.5,42.3,0.25379999999999997,795.322,804.727,792.605,803.2,（无操作）,0.0,1.0392019363743115,1.0392019363743115,0.0
2024-03-11,-5.1,5.8,0.028999999999999998,800.899,818.439,800.899,818.439,（无操作）,0.0,1.0392019363743115,1.0392019363743115,0.0
2024-03-12,27.1,4.6,0.027599999999999996,818.516,826.339,814.684,817.75,（无操作）,0.0,1.0392019363743115,1.0392019363743115,0.0
2024-03-13,32.2,34.2,0.2394,821.323,823.9,814.006,814.932,"开盘加仓2成(Score+32,Δ+5,隔夜确认)",0.0002529291387375669,0.8313615490994491,1.037481597989132,0.19867345048740037
2024-03-14,14.6,0.2,0.0012000000000000001,811.514,813.651,799.3,804.856,战略上限0.0成：开盘减2.0成,1.5328638858128183e-06,1.0352711398912005,1.0365048745868801,0.0011902835441767617
2024-03-15,-11.4,36.0,0.10800000000000001,802.911,808.918,794.878,808.674,（无操作）,1.5328638858128183e-06,1.0352711398912005,1.0365107270611962,0.0011959231464110153
2024-03-18,-25.8,51.3,0.15389999999999998,810.387,825.681,810.387,825.4,（无操作）,1.5328638858128183e-06,1.0352711398912005,1.0365363657425504,0.0012206285212613085
2024-03-19,9.1,17.9,0.0895,822.182,823.992,811.774,811.774,（无操作）,1.5328638858128183e-06,1.0352711398912005,1.0365154789392423,0.0012005021375225931
2024-03-20,2.2,22.8,0.11399999999999999,810.689,814.904,806.693,814.027,（无操作）,1.5328638858128183e-06,1.0352711398912005,1.0365189324815771,0.001203830003750297
2024-03-21,24.8,28.5,0.17099999999999999,820.143,823.28,805.949,806.138,（无操作）,1.5328638858128183e-06,1.0352711398912005,1.0365068397183819,0.0011921772050410323
2024-03-22,-14.6,17.7,0.053099999999999994,804.023,805.198,793.824,794.201,（无操作）,1.5328638858128183e-06,1.0352711398912005,1.036488541922177,0.0011745446107091
2024-03-25,-14.0,18.9,0.05669999999999999,792.846,797.023,781.646,781.646,（无操作）,1.5328638858128183e-06,1.0352711398912005,1.0364692968160905,0.001155998473443102
2024-03-26,-12.6,6.8,0.020399999999999998,781.727,786.834,770.027,772.089,（无操作）,1.5328638858128183e-06,1.0352711398912005,1.0364546472359337,0.0011418804941340816
2024-03-27,-25.4,18.0,0.054000000000000006,771.545,771.545,752.821,752.821,（无操作）,1.5328638858128183e-06,1.0352711398912005,1.036425112014582,0.0011134158271584372
2024-03-28,12.3,4.1,0.024599999999999997,753.896,769.989,753.896,763.275,（无操作）,1.5328638858128183e-06,1.0352711398912005,1.0364411365736443,0.0011288597501172655
2024-03-29,-8.9,11.9,0.0595,761.651,763.203,751.456,762.742,（无操作）,1.5328638858128183e-06,1.0352711398912005,1.0364403195571932,0.0011280723491075286
2024-04-01,-18.1,11.9,0.0357,765.633,776.329,765.633,775.526,（无操作）,1.5328638858128183e-06,1.0352711398912005,1.0364599156891092,0.0011469578127567938
2024-04-02,-18.9,10.4,0.031200000000000006,774.727,774.727,764.627,768.787,（无操作）,1.5328638858128183e-06,1.0352711398912005,1.0364495857193827,0.0011370025560523904
2024-04-03,-21.8,26.6,0.07980000000000001,768.214,768.214,756.47,756.764,（无操作）,1.5328638858128183e-06,1.0352711398912005,1.0364311560968837,0.0011192409634343482
2024-04-08,-12.2,15.9,0.047700000000000006,753.835,753.835,740.665,740.665,（无操作）,1.5328638858128183e-06,1.0352711398912005,1.036406478521186,0.001095456901818607
2024-04-09,13.6,4.8,0.0288,739.392,749.626,737.126,749.626,（无操作）,1.5328638858128183e-06,1.0352711398912005,1.0364202145144668,0.0011086956884612947
2024-04-10,-3.5,8.8,0.044,749.225,749.225,732.596,735.734,（无操作）,1.5328638858128183e-06,1.0352711398912005,1.036398919969365,0.0010881717999068777
2024-04-11,-23.9,40.2,0.12060000000000001,735.67,745.989,735.67,738.674,（无操作）,1.5328638858128183e-06,1.0352711398912005,1.0364034265891893,0.0010925153940442487
2024-04-12,1.3,2.3,0.0115,742.929,746.603,738.43,738.43,（无操作）,1.5328638858128183e-06,1.0352711398912005,1.036403052570401,0.0010921549067165357
2024-04-15,-24.0,49.6,0.14880000000000002,739.198,754.46,738.548,750.899,冲高(+2%)减1.5成(价格强于环境),0.0,1.0364263137323804,1.0364263137323804,0.0
2024-04-16,-39.7,70.9,0.0709,746.881,746.881,733.147,733.147,（无操作）,0.0,1.0364263137323804,1.0364263137323804,0.0
2024-04-17,-19.7,69.3,0.20789999999999997,737.658,750.966,737.658,750.888,（无操作）,0.0,1.0364263137323804,1.0364263137323804,0.0
2024-04-18,-25.9,84.4,0.2532,747.132,756.644,741.695,745.695,（无操作）,0.0,1.0364263137323804,1.0364263137323804,0.0
2024-04-19,-22.9,73.4,0.2202,741.285,741.285,729.819,730.562,（无操作）,0.0,1.0364263137323804,1.0364263137323804,0.0
2024-04-22,-28.4,76.2,0.2286,723.408,734.881,722.579,731.811,（无操作）,0.0,1.0364263137323804,1.0364263137323804,0.0
2024-04-23,-12.3,58.9,0.1767,732.868,732.868,725.516,727.853,（无操作）,0.0,1.0364263137323804,1.0364263137323804,0.0
2024-04-24,-11.8,44.4,0.13319999999999999,731.711,738.635,730.073,738.635,（无操作）,0.0,1.0364263137323804,1.0364263137323804,0.0
2024-04-25,-22.3,94.0,0.282,735.563,739.059,731.693,733.344,（无操作）,0.0,1.0364263137323804,1.0364263137323804,0.0
2024-04-26,-12.6,36.2,0.1086,733.016,752.444,733.016,752.25,（无操作）,0.0,1.0364263137323804,1.0364263137323804,0.0
2024-04-29,-20.8,36.3,0.1089,752.924,779.343,752.924,776.154,（无操作）,0.0,1.0364263137323804,1.0364263137323804,0.0
2024-04-30,-12.4,26.4,0.07919999999999999,773.844,773.844,765.877,767.464,（无操作）,0.0,1.0364263137323804,1.0364263137323804,0.0
2024-05-06,-26.2,22.2,0.06659999999999999,778.988,784.008,774.36,777.663,（无操作）,0.0,1.0364263137323804,1.0364263137323804,0.0
2024-05-07,3.4,9.0,0.045,776.824,778.276,768.624,769.792,（无操作）,0.0,1.0364263137323804,1.0364263137323804,0.0
2024-05-08,-16.1,17.2,0.05159999999999999,769.688,769.688,761.581,761.658,（无操作）,0.0,1.0364263137323804,1.0364263137323804,0.0
2024-05-09,6.4,6.4,0.032,762.401,779.254,762.401,778.873,（无操作）,0.0,1.0364263137323804,1.0364263137323804,0.0
2024-05-10,22.0,26.9,0.1614,778.152,778.152,764.737,767.172,（无操作）,0.0,1.0364263137323804,1.0364263137323804,0.0
2024-05-13,1.3,2.6,0.013000000000000001,760.098,767.351,760.098,763.69,（无操作）,0.0,1.0364263137323804,1.0364263137323804,0.0
2024-05-14,18.6,33.2,0.19920000000000002,766.645,767.808,759.651,760.305,（无操作）,0.0,1.0364263137323804,1.0364263137323804,0.0
2024-05-15,24.5,36.7,0.2202,758.8,759.513,749.474,749.474,（无操作）,0.0,1.0364263137323804,1.0364263137323804,0.0
2024-05-16,-14.4,14.4,0.0432,753.452,753.743,745.186,746.472,（无操作）,0.0,1.0364263137323804,1.0364263137323804,0.0
2024-05-17,33.0,24.7,0.1729,743.795,754.461,743.084,754.418,"开盘加仓2成(Score+33,Δ+47,隔夜确认)",0.00024080365607008014,0.8572282040880518,1.0388948166931296,0.17486526035747726
2024-05-20,9.8,17.1,0.08549999999999999,752.202,759.957,750.559,753.542,战略上限0.9成：开盘减0.9成,0.0001180266500755838,0.9495351369963924,1.038473174947648,0.08564307687171521
2024-05-21,22.4,24.9,0.14939999999999998,752.288,754.246,747.68,748.235,（无操作）,0.0001180266500755838,0.9495351369963924,1.0378468075156968,0.08509123878378243
2024-05-22,-3.9,11.8,0.059,749.909,755.401,744.09,754.973,战略上限0.6成：开盘减0.3成,8.166940077202365e-05,0.9767861331501418,1.0384443256591989,0.05937553991632312
2024-05-23,6.2,8.8,0.044,754.403,754.403,741.569,742.396,战略上限0.4成：开盘减0.2成,6.056378627926107e-05,0.9927003109708803,1.0376626236494586,0.04333037699714565
2024-05-24,-17.8,34.7,0.10410000000000001,741.677,744.883,727.021,727.207,（无操作）,6.056378627926107e-05,0.9927003109708803,1.0367427202996629,0.04248152262506601
2024-05-27,5.2,12.2,0.061,726.366,739.168,720.473,738.653,（无操作）,6.056378627926107e-05,0.9927003109708803,1.0374359333974152,0.04312133500141444
2024-05-28,-12.1,35.7,0.10710000000000001,736.7,745.939,734.849,734.849,（无操作）,6.056378627926107e-05,0.9927003109708803,1.037205548754409,0.04290879260815326
2024-05-29,-23.6,31.8,0.09540000000000001,734.288,740.237,731.712,734.333,（无操作）,6.056378627926107e-05,0.9927003109708803,1.0371742978406888,0.04287995466374339
2024-05-30,-33.7,67.5,0.0675,733.547,745.129,733.547,742.704,"开盘减仓3.5成(Score-34,Δ-10)",0.0,1.0371044815128065,1.0371044815128065,0.0
2024-05-31,-10.1,34.1,0.10230000000000002,743.177,750.647,741.641,743.228,（无操作）,0.0,1.0371044815128065,1.0371044815128065,0.0
2024-06-03,23.7,19.6,0.11760000000000001,743.608,753.33,743.453,750.427,（无操作）,0.0,1.0371044815128065,1.0371044815128065,0.0
2024-06-04,30.8,34.2,0.2394,748.302,754.532,747.741,753.638,"开盘加仓2成(Score+31,Δ+7,隔夜确认)",0.0002770502252883454,0.8296835852102452,1.0384791628961032,0.2010589958334556
2024-06-05,-1.2,18.7,0.0935,752.049,761.038,751.827,752.045,战略上限0.9成：开盘减1.1成,0.00012905627155044316,0.9409266407724235,1.0379827645105766,0.0935045619798093
2024-06-06,8.8,38.5,0.1925,756.788,758.843,743.229,743.229,（无操作）,0.00012905627155044316,0.9409266407724235,1.036845004420588,0.09250983824893445
2024-06-07,8.6,45.8,0.229,744.385,747.973,732.715,737.926,（无操作）,0.00012905627155044316,0.9409266407724235,1.0361606190125559,0.09191043984173877
2024-06-11,-28.7,5.0,0.015,735.838,756.386,735.838,755.835,战略上限0.1成：开盘减0.8成；冲高(+2%)减1.5成(价格强于环境),0.0,1.0361542792243688,1.0361542792243688,0.0
2024-06-12,-6.4,27.6,0.13799999999999998,758.382,760.626,754.105,754.933,（无操作）,0.0,1.0361542792243688,1.0361542792243688,0.0
2024-06-13,35.2,60.4,0.42279999999999995,758.606,765.013,756.061,758.982,"开盘加仓2成(Score+35,Δ+42,隔夜确认)",0.0002730367176093709,0.828923423379495,1.0361533773840905,0.19999930370132615
2024-06-14,10.3,33.7,0.20220000000000002,756.411,756.411,750.899,754.261,（无操作）,0.0002730367176093709,0.828923423379495,1.0348643710402567,0.1990028388490635
2024-06-17,-29.2,3.6,0.0108,749.943,759.716,749.943,757.106,战略上限0.1成：开盘减1.9成,1.4886201089590921e-05,1.0224247971034832,1.033695229265619,0.010903051347293939
2024-06-18,-6.2,12.3,0.0615,757.852,763.008,753.629,756.904,（无操作）,1.4886201089590921e-05,1.0224247971034832,1.033692222252999,0.01090017406240868
2024-06-19,11.9,3.4,0.020399999999999998,758.41,758.41,747.958,751.688,（无操作）,1.4886201089590921e-05,1.0224247971034832,1.0336145758281157,0.010825871641435926
2024-06-20,-1.1,0.7,0.0035000000000000005,752.153,765.931,752.153,755.151,战略上限0.0成：开盘减0.1成,4.809759773198644e-06,1.030000033156149,1.0336321280586398,0.003513914480689085
2024-06-21,-29.2,35.4,0.10619999999999999,749.733,758.374,747.076,758.374,（无操作）,4.809759773198644e-06,1.030000033156149,1.0336476299143886,0.0035288590160477214
2024-06-24,-31.9,32.4,0.0324,754.413,759.801,738.487,739.142,"开盘减仓3.5成(Score-32,Δ-3)",0.0,1.0336267641832773,1.0336267641832773,0.0
2024-06-25,-10.9,17.9,0.05369999999999999,738.324,738.324,714.292,717.749,（无操作）,0.0,1.0336267641832773,1.0336267641832773,0.0
2024-06-26,8.7,1.8,0.009,719.84,730.155,713.472,729.644,（无操作）,0.0,1.0336267641832773,1.0336267641832773,0.0
2024-06-27,-32.0,21.4,0.0214,725.52,725.52,715.357,715.357,（无操作）,0.0,1.0336267641832773,1.0336267641832773,0.0
2024-06-28,10.2,0.2,0.0012000000000000001,713.363,723.202,710.755,712.077,（无操作）,0.0,1.0336267641832773,1.0336267641832773,0.0
2024-07-01,-11.2,2.2,0.0066,711.655,713.374,699.881,709.603,（无操作）,0.0,1.0336267641832773,1.0336267641832773,0.0
2024-07-02,2.8,14.7,0.0735,709.155,709.155,698.703,699.123,（无操作）,0.0,1.0336267641832773,1.0336267641832773,0.0
2024-07-03,23.8,40.1,0.2406,698.958,706.588,693.917,701.785,（无操作）,0.0,1.0336267641832773,1.0336267641832773,0.0
2024-07-04,14.8,53.0,0.318,702.089,702.666,690.247,690.376,（无操作）,0.0,1.0336267641832773,1.0336267641832773,0.0
2024-07-05,-6.0,33.1,0.1655,688.529,699.811,684.306,698.849,（无操作）,0.0,1.0336267641832773,1.0336267641832773,0.0
2024-07-08,25.9,54.5,0.327,700.024,701.511,691.305,692.488,（无操作）,0.0,1.0336267641832773,1.0336267641832773,0.0
2024-07-09,-4.1,48.7,0.2435,689.787,711.071,689.787,709.888,（无操作）,0.0,1.0336267641832773,1.0336267641832773,0.0
2024-07-10,9.1,42.4,0.21200000000000002,707.194,714.851,707.194,710.369,（无操作）,0.0,1.0336267641832773,1.0336267641832773,0.0
2024-07-11,16.2,37.0,0.22200000000000003,722.043,724.361,713.3,718.04,（无操作）,0.0,1.0336267641832773,1.0336267641832773,0.0
2024-07-12,25.5,49.5,0.29700000000000004,713.312,720.28,711.205,718.37,（无操作）,0.0,1.0336267641832773,1.0336267641832773,0.0
2024-07-15,21.7,68.1,0.40859999999999996,716.475,718.61,713.115,715.864,（无操作）,0.0,1.0336267641832773,1.0336267641832773,0.0
2024-07-16,-41.7,27.8,0.027800000000000002,712.758,732.279,712.758,732.064,（无操作）,0.0,1.0336267641832773,1.0336267641832773,0.0
2024-07-17,0.3,20.6,0.10300000000000001,733.073,733.881,729.002,729.002,（无操作）,0.0,1.0336267641832773,1.0336267641832773,0.0
2024-07-18,-12.6,29.0,0.087,721.765,737.07,719.174,735.41,（无操作）,0.0,1.0336267641832773,1.0336267641832773,0.0
2024-07-19,-26.9,59.6,0.17880000000000001,731.409,750.656,731.409,749.471,（无操作）,0.0,1.0336267641832773,1.0336267641832773,0.0
2024-07-22,-25.4,57.2,0.17160000000000003,749.316,754.927,748.101,752.001,（无操作）,0.0,1.0336267641832773,1.0336267641832773,0.0
2024-07-23,20.8,1.6,0.009600000000000001,750.129,750.129,721.097,721.108,（无操作）,0.0,1.0336267641832773,1.0336267641832773,0.0
2024-07-24,-24.7,17.9,0.05369999999999999,720.47,724.386,712.503,713.321,（无操作）,0.0,1.0336267641832773,1.0336267641832773,0.0
2024-07-25,-35.0,47.9,0.0479,708.936,721.594,708.936,713.883,（无操作）,0.0,1.0336267641832773,1.0336267641832773,0.0
2024-07-26,-29.1,50.1,0.15030000000000002,713.893,722.802,711.081,719.87,（无操作）,0.0,1.0336267641832773,1.0336267641832773,0.0
2024-07-29,-1.1,38.1,0.1905,719.554,720.108,707.597,707.597,（无操作）,0.0,1.0336267641832773,1.0336267641832773,0.0
2024-07-30,-15.3,32.3,0.09689999999999999,706.857,710.785,701.016,710.015,（无操作）,0.0,1.0336267641832773,1.0336267641832773,0.0
2024-07-31,19.8,8.5,0.051000000000000004,707.66,743.653,707.66,743.374,（无操作）,0.0,1.0336267641832773,1.0336267641832773,0.0
2024-08-01,27.7,21.4,0.1284,745.964,746.088,735.792,738.871,（无操作）,0.0,1.0336267641832773,1.0336267641832773,0.0
2024-08-02,-29.8,10.5,0.0315,730.652,740.093,725.66,725.66,（无操作）,0.0,1.0336267641832773,1.0336267641832773,0.0
2024-08-05,24.3,6.7,0.0402,719.156,727.919,704.296,704.296,（无操作）,0.0,1.0336267641832773,1.0336267641832773,0.0
2024-08-06,8.5,18.2,0.091,714.489,714.489,705.141,713.864,（无操作）,0.0,1.0336267641832773,1.0336267641832773,0.0
2024-08-07,-0.8,8.6,0.043,712.736,714.125,707.336,707.588,（无操作）,0.0,1.0336267641832773,1.0336267641832773,0.0
2024-08-08,9.9,2.7,0.013500000000000002,703.055,714.931,700.317,708.923,（无操作）,0.0,1.0336267641832773,1.0336267641832773,0.0
2024-08-09,8.9,27.3,0.1365,717.138,717.138,705.546,705.546,（无操作）,0.0,1.0336267641832773,1.0336267641832773,0.0
2024-08-12,10.0,17.9,0.0895,704.375,709.11,704.249,707.331,（无操作）,0.0,1.0336267641832773,1.0336267641832773,0.0
2024-08-13,-4.2,6.1,0.0305,707.695,710.797,703.038,710.747,（无操作）,0.0,1.0336267641832773,1.0336267641832773,0.0
2024-08-14,17.4,48.2,0.2892,711.664,711.664,700.93,700.93,（无操作）,0.0,1.0336267641832773,1.0336267641832773,0.0
2024-08-15,5.7,27.3,0.1365,699.094,713.123,699.094,707.551,（无操作）,0.0,1.0336267641832773,1.0336267641832773,0.0
2024-08-16,-1.6,31.4,0.157,707.387,710.138,704.297,705.224,（无操作）,0.0,1.0336267641832773,1.0336267641832773,0.0
2024-08-19,7.8,35.5,0.1775,705.039,711.756,703.233,703.322,（无操作）,0.0,1.0336267641832773,1.0336267641832773,0.0
2024-08-20,24.0,50.0,0.3,704.116,704.116,692.077,693.523,（无操作）,0.0,1.0336267641832773,1.0336267641832773,0.0
2024-08-21,25.7,51.2,0.30720000000000003,691.134,697.64,691.134,691.636,（无操作）,0.0,1.0336267641832773,1.0336267641832773,0.0
2024-08-22,14.4,44.8,0.2688,692.189,694.834,684.394,685.531,（无操作）,0.0,1.0336267641832773,1.0336267641832773,0.0
2024-08-23,-11.4,3.3,0.009899999999999999,683.587,687.398,676.72,685.759,（无操作）,0.0,1.0336267641832773,1.0336267641832773,0.0
2024-08-26,2.1,23.7,0.11850000000000001,684.773,687.284,679.891,682.499,（无操作）,0.0,1.0336267641832773,1.0336267641832773,0.0
2024-08-27,-4.9,1.6,0.008,679.753,679.753,673.063,674.347,（无操作）,0.0,1.0336267641832773,1.0336267641832773,0.0
2024-08-28,2.5,20.5,0.1025,672.967,673.622,669.707,671.22,（无操作）,0.0,1.0336267641832773,1.0336267641832773,0.0
2024-08-29,22.6,20.6,0.1236,667.882,683.042,667.497,679.595,（无操作）,0.0,1.0336267641832773,1.0336267641832773,0.0
2024-08-30,12.0,29.2,0.17519999999999997,678.613,699.19,678.613,694.164,（无操作）,0.0,1.0336267641832773,1.0336267641832773,0.0
2024-09-02,19.1,22.6,0.13560000000000003,693.675,693.675,670.011,670.011,（无操作）,0.0,1.0336267641832773,1.0336267641832773,0.0
2024-09-03,-30.2,0.6,0.0006000000000000001,670.065,679.503,670.065,674.955,（无操作）,0.0,1.0336267641832773,1.0336267641832773,0.0
2024-09-04,-33.7,20.4,0.020399999999999998,668.931,677.586,668.931,672.284,（无操作）,0.0,1.0336267641832773,1.0336267641832773,0.0
2024-09-05,-7.3,1.9,0.0095,672.995,678.662,670.302,671.265,（无操作）,0.0,1.0336267641832773,1.0336267641832773,0.0
2024-09-06,-1.6,2.6,0.013000000000000001,672.621,673.703,662.337,662.337,（无操作）,0.0,1.0336267641832773,1.0336267641832773,0.0
2024-09-09,0.2,28.1,0.1405,659.502,663.66,652.965,654.939,（无操作）,0.0,1.0336267641832773,1.0336267641832773,0.0
2024-09-10,15.2,28.7,0.1722,656.036,661.085,649.506,660.014,（无操作）,0.0,1.0336267641832773,1.0336267641832773,0.0
2024-09-11,0.5,32.2,0.161,657.386,665.555,657.386,664.332,（无操作）,0.0,1.0336267641832773,1.0336267641832773,0.0
2024-09-12,-2.0,1.0,0.005,666.218,670.13,658.854,658.854,（无操作）,0.0,1.0336267641832773,1.0336267641832773,0.0
2024-09-13,7.4,3.3,0.0165,658.983,661.903,650.796,655.046,（无操作）,0.0,1.0336267641832773,1.0336267641832773,0.0
2024-09-18,-7.9,7.6,0.038,654.511,654.511,642.336,647.409,（无操作）,0.0,1.0336267641832773,1.0336267641832773,0.0
2024-09-19,-6.5,29.9,0.14950000000000002,649.726,656.405,644.793,651.466,（无操作）,0.0,1.0336267641832773,1.0336267641832773,0.0
2024-09-20,29.2,11.5,0.06899999999999999,651.821,653.843,643.096,648.36,（无操作）,0.0,1.0336267641832773,1.0336267641832773,0.0
2024-09-23,-11.2,18.4,0.05519999999999999,649.003,652.254,643.042,643.042,（无操作）,0.0,1.0336267641832773,1.0336267641832773,0.0
2024-09-24,3.7,7.8,0.039,648.13,667.218,640.742,667.049,（无操作）,0.0,1.0336267641832773,1.0336267641832773,0.0
2024-09-25,1.6,4.4,0.022,673.181,684.092,667.104,667.338,（无操作）,0.0,1.0336267641832773,1.0336267641832773,0.0
2024-09-26,-19.5,21.4,0.0642,667.548,693.309,664.476,693.149,（无操作）,0.0,1.0336267641832773,1.0336267641832773,0.0
2024-09-27,-2.5,9.1,0.0455,704.522,741.855,704.522,740.016,（无操作）,0.0,1.0336267641832773,1.0336267641832773,0.0
2024-09-30,-21.4,10.3,0.0309,782.307,872.365,782.307,872.365,（无操作）,0.0,1.0336267641832773,1.0336267641832773,0.0
2024-10-08,-36.1,27.9,0.027899999999999998,1045.047,1045.047,981.612,1023.967,（无操作）,0.0,1.0336267641832773,1.0336267641832773,0.0
2024-10-09,16.3,31.2,0.18719999999999998,993.781,1083.629,971.908,997.852,（无操作）,0.0,1.0336267641832773,1.0336267641832773,0.0
2024-10-10,-23.4,40.5,0.12150000000000001,1014.357,1014.357,954.172,954.172,（无操作）,0.0,1.0336267641832773,1.0336267641832773,0.0
2024-10-11,-16.8,35.3,0.1059,939.571,939.571,896.33,898.899,（无操作）,0.0,1.0336267641832773,1.0336267641832773,0.0
2024-10-14,-4.5,22.6,0.11299999999999999,904.144,926.307,875.696,925.955,（无操作）,0.0,1.0336267641832773,1.0336267641832773,0.0
2024-10-15,-12.9,26.3,0.0789,920.986,937.736,898.827,898.827,（无操作）,0.0,1.0336267641832773,1.0336267641832773,0.0
2024-10-16,15.7,11.9,0.0714,874.275,891.507,873.796,875.689,（无操作）,0.0,1.0336267641832773,1.0336267641832773,0.0
2024-10-17,-11.3,11.2,0.0336,897.2,900.965,879.096,879.096,（无操作）,0.0,1.0336267641832773,1.0336267641832773,0.0
2024-10-18,3.7,6.3,0.0315,879.952,1008.314,879.627,978.661,（无操作）,0.0,1.0336267641832773,1.0336267641832773,0.0
2024-10-21,8.5,3.2,0.016,999.535,1051.262,979.165,1000.375,（无操作）,0.0,1.0336267641832773,1.0336267641832773,0.0
2024-10-22,-18.4,23.0,0.06899999999999999,988.701,993.387,973.358,985.834,（无操作）,0.0,1.0336267641832773,1.0336267641832773,0.0
2024-10-23,-5.4,18.8,0.094,976.249,1000.453,974.962,979.151,（无操作）,0.0,1.0336267641832773,1.0336267641832773,0.0
2024-10-24,-14.2,42.7,0.12810000000000002,968.993,987.02,968.993,977.601,（无操作）,0.0,1.0336267641832773,1.0336267641832773,0.0
2024-10-25,-0.4,25.6,0.128,981.406,1003.037,976.741,991.216,（无操作）,0.0,1.0336267641832773,1.0336267641832773,0.0
2024-10-28,-11.8,39.0,0.11699999999999999,988.434,988.735,978.237,986.56,（无操作）,0.0,1.0336267641832773,1.0336267641832773,0.0
2024-10-29,-1.0,19.9,0.0995,988.5,1005.062,975.372,975.372,（无操作）,0.0,1.0336267641832773,1.0336267641832773,0.0
2024-10-30,1.1,14.9,0.0745,967.841,972.701,950.65,958.822,（无操作）,0.0,1.0336267641832773,1.0336267641832773,0.0
2024-10-31,-11.4,25.8,0.0774,960.682,977.865,948.412,969.448,（无操作）,0.0,1.0336267641832773,1.0336267641832773,0.0
2024-11-01,-7.7,39.3,0.1965,960.211,965.435,939.765,939.765,（无操作）,0.0,1.0336267641832773,1.0336267641832773,0.0
2024-11-04,5.2,33.5,0.1675,938.191,954.667,938.191,954.667,（无操作）,0.0,1.0336267641832773,1.0336267641832773,0.0
2024-11-05,12.6,28.6,0.17160000000000003,954.141,997.675,954.141,996.169,（无操作）,0.0,1.0336267641832773,1.0336267641832773,0.0
2024-11-06,31.4,18.0,0.126,1002.063,1014.545,992.791,998.095,"开盘加仓2成(Score+31,Δ+19,隔夜确认)",0.0001299038946093419,0.9033897918961843,1.0330462195862955,0.12550883516328504
2024-11-07,12.8,6.8,0.040799999999999996,986.502,1029.169,986.502,1028.439,战略上限0.4成：开盘减0.8成；冲高(+3%)防守减1.5成,0.0,1.0327381424658733,1.0327381424658733,0.0
2024-11-08,27.0,29.1,0.17460000000000003,1053.452,1063.752,1025.637,1025.637,（无操作）,0.0,1.0327381424658733,1.0327381424658733,0.0
2024-11-11,-12.6,8.0,0.024,1033.547,1074.369,1033.547,1073.835,（无操作）,0.0,1.0327381424658733,1.0327381424658733,0.0
2024-11-12,-11.1,12.9,0.0387,1070.644,1080.119,1044.382,1050.537,（无操作）,0.0,1.0327381424658733,1.0327381424658733,0.0
2024-11-13,-15.2,21.7,0.06509999999999999,1042.195,1062.323,1041.548,1061.366,（无操作）,0.0,1.0327381424658733,1.0327381424658733,0.0
2024-11-14,-16.4,27.5,0.08249999999999999,1056.21,1060.932,1027.111,1027.316,（无操作）,0.0,1.0327381424658733,1.0327381424658733,0.0
2024-11-15,-20.0,35.4,0.10619999999999999,1024.599,1027.121,986.876,986.876,（无操作）,0.0,1.0327381424658733,1.0327381424658733,0.0
2024-11-18,9.8,9.8,0.049,989.403,996.919,963.468,968.713,（无操作）,0.0,1.0327381424658733,1.0327381424658733,0.0
2024-11-19,-12.3,6.1,0.018299999999999997,973.997,999.295,961.582,998.015,（无操作）,0.0,1.0327381424658733,1.0327381424658733,0.0
2024-11-20,-10.4,0.4,0.0012000000000000001,992.673,1007.064,988.323,1002.539,（无操作）,0.0,1.0327381424658733,1.0327381424658733,0.0
2024-11-21,-12.1,12.1,0.0363,1002.975,1018.552,1002.975,1011.463,（无操作）,0.0,1.0327381424658733,1.0327381424658733,0.0
2024-11-22,-8.6,5.9,0.0295,1011.644,1016.384,969.353,969.353,（无操作）,0.0,1.0327381424658733,1.0327381424658733,0.0
2024-11-25,-0.2,14.4,0.072,970.817,970.817,941.409,957.921,（无操作）,0.0,1.0327381424658733,1.0327381424658733,0.0
2024-11-26,23.6,32.1,0.19260000000000002,955.579,967.011,951.046,951.593,（无操作）,0.0,1.0327381424658733,1.0327381424658733,0.0
2024-11-27,5.1,18.3,0.0915,947.945,987.756,941.948,985.975,（无操作）,0.0,1.0327381424658733,1.0327381424658733,0.0
2024-11-28,17.5,37.5,0.225,985.787,1000.285,982.997,983.684,（无操作）,0.0,1.0327381424658733,1.0327381424658733,0.0
2024-11-29,8.3,28.1,0.1405,980.427,1018.322,980.118,1007.391,（无操作）,0.0,1.0327381424658733,1.0327381424658733,0.0
2024-12-02,26.3,51.1,0.30660000000000004,1008.71,1020.793,1007.327,1015.787,（无操作）,0.0,1.0327381424658733,1.0327381424658733,0.0
2024-12-03,14.6,40.8,0.2448,1017.067,1017.067,998.27,1005.265,（无操作）,0.0,1.0327381424658733,1.0327381424658733,0.0
2024-12-04,18.2,52.0,0.312,1020.082,1020.922,996.319,999.358,（无操作）,0.0,1.0327381424658733,1.0327381424658733,0.0
2024-12-05,6.2,53.9,0.26949999999999996,993.168,1005.039,993.168,1001.844,（无操作）,0.0,1.0327381424658733,1.0327381424658733,0.0
2024-12-06,24.1,32.3,0.19379999999999997,1004.77,1022.479,996.259,1014.446,（无操作）,0.0,1.0327381424658733,1.0327381424658733,0.0
2024-12-09,32.4,54.8,0.3836,1012.875,1015.069,997.584,1003.382,"开盘加仓2成(Score+32,Δ+8,隔夜确认)",0.00020382022094535816,0.8261905139726986,1.030700054905294,0.19841809453613227
2024-12-10,6.6,4.1,0.020499999999999997,1051.528,1051.528,1009.567,1010.911,战略上限0.2成：开盘减1.9成,2.0285261312005034e-05,1.0190861669315225,1.0395927607297029,0.019725602729078733
2024-12-11,19.3,8.0,0.048,1007.547,1015.768,1004.238,1007.188,（无操作）,2.0285261312005034e-05,1.0190861669315225,1.0395172387018383,0.019654384756360842
2024-12-12,18.7,40.1,0.2406,1008.136,1011.35,999.919,1010.895,（无操作）,2.0285261312005034e-05,1.0190861669315225,1.0395924361655218,0.019725296684184764
2024-12-13,16.5,16.1,0.0966,1003.994,1008.058,989.776,989.776,（无操作）,2.0285261312005034e-05,1.0190861669315225,1.0391640317318735,0.01932116988969419
2024-12-16,-10.9,10.2,0.0306,990.575,990.575,971.989,975.268,（无操作）,2.0285261312005034e-05,1.0190861669315225,1.038869733160759,0.019043356060672846
2024-12-17,0.2,11.1,0.05550000000000001,974.045,978.059,966.121,967.276,（无操作）,2.0285261312005034e-05,1.0190861669315225,1.0387076133523536,0.01889024993039589
2024-12-18,-19.5,24.7,0.0741,970.463,982.981,966.645,981.513,（无操作）,2.0285261312005034e-05,1.0190861669315225,1.0389964146176525,0.01916296091691222
2024-12-19,-30.1,51.2,0.0512,969.381,995.938,969.381,993.002,"开盘减仓3.5成(Score-30,Δ-11)",0.0,1.0387404817539674,1.0387404817539674,0.0
2024-12-20,-4.1,26.6,0.133,990.058,1020.798,990.058,1011.209,（无操作）,0.0,1.0387404817539674,1.0387404817539674,0.0
2024-12-23,21.4,8.1,0.04859999999999999,1011.193,1023.571,998.529,998.607,（无操作）,0.0,1.0387404817539674,1.0387404817539674,0.0
2024-12-24,2.8,2.9,0.014499999999999999,1002.505,1015.883,992.84,1014.017,（无操作）,0.0,1.0387404817539674,1.0387404817539674,0.0
2024-12-25,-8.1,1.5,0.0075,1018.57,1024.43,1009.951,1017.357,（无操作）,0.0,1.0387404817539674,1.0387404817539674,0.0
2024-12-26,-13.8,15.6,0.046799999999999994,1014.07,1030.172,1014.07,1027.023,（无操作）,0.0,1.0387404817539674,1.0387404817539674,0.0
2024-12-27,-11.0,16.9,0.0507,1026.707,1040.785,1018.579,1018.579,（无操作）,0.0,1.0387404817539674,1.0387404817539674,0.0
2024-12-30,-19.6,57.6,0.1728,1014.781,1028.726,1013.532,1020.633,（无操作）,0.0,1.0387404817539674,1.0387404817539674,0.0
2024-12-31,-24.3,61.4,0.18419999999999997,1020.522,1020.522,988.935,988.935,（无操作）,0.0,1.0387404817539674,1.0387404817539674,0.0
2025-01-02,-8.3,33.5,0.1675,986.822,986.822,946.654,955.333,（无操作）,0.0,1.0387404817539674,1.0387404817539674,0.0
2025-01-03,-4.3,9.2,0.046,955.722,962.24,941.48,941.819,（无操作）,0.0,1.0387404817539674,1.0387404817539674,0.0
2025-01-06,-24.4,7.1,0.021299999999999996,943.756,945.069,933.232,938.707,（无操作）,0.0,1.0387404817539674,1.0387404817539674,0.0
2025-01-07,-6.5,16.4,0.08199999999999999,938.599,966.063,938.599,965.53,（无操作）,0.0,1.0387404817539674,1.0387404817539674,0.0
2025-01-08,-23.1,31.1,0.09330000000000002,956.711,973.311,938.859,965.119,（无操作）,0.0,1.0387404817539674,1.0387404817539674,0.0
2025-01-09,1.4,14.2,0.071,962.235,971.431,961.439,961.439,（无操作）,0.0,1.0387404817539674,1.0387404817539674,0.0
2025-01-10,-12.5,31.0,0.093,962.222,977.261,950.592,950.592,（无操作）,0.0,1.0387404817539674,1.0387404817539674,0.0
2025-01-13,-16.8,28.4,0.08519999999999998,938.382,952.954,938.382,952.186,（无操作）,0.0,1.0387404817539674,1.0387404817539674,0.0
2025-01-14,-34.3,31.6,0.0316,958.494,983.141,948.824,981.779,（无操作）,0.0,1.0387404817539674,1.0387404817539674,0.0
2025-01-15,-4.8,29.1,0.14550000000000002,976.13,987.74,975.121,977.661,（无操作）,0.0,1.0387404817539674,1.0387404817539674,0.0
2025-01-16,35.2,42.7,0.29890000000000005,982.086,989.284,955.239,956.397,"开盘加仓2成(Score+35,Δ+40,隔夜确认)",0.0002114318646367901,0.8309923854031739,1.033205186446206,0.19571407857384038
2025-01-17,6.1,35.8,0.179,949.843,976.42,948.6,965.903,战略上限1.8成：开盘减0.2成,0.00019444864435381678,0.8471157126099624,1.0349342415372471,0.18147870791124573
2025-01-20,16.6,38.7,0.23220000000000002,969.841,976.028,965.184,968.271,（无操作）,0.00019444864435381678,0.8471157126099624,1.035394695927077,0.18184271568875704
2025-01-21,6.9,39.1,0.1955,973.909,979.215,965.89,976.296,（无操作）,0.00019444864435381678,0.8471157126099624,1.0369551462980164,0.18307391054067337
2025-01-22,35.3,75.0,0.525,972.212,976.762,967.845,975.34,"开盘加仓2成(Score+35,Δ+28,隔夜确认)",0.0004074974848199409,0.6398835090030673,1.0373321058473486,0.38314498761187366
2025-01-23,9.1,76.5,0.3825,987.265,992.953,966.106,966.106,战略上限3.8成：开盘减0.0成,0.00040378039721638935,0.6435514246207412,1.0336460890538783,0.3773967401068583
2025-01-24,43.9,53.6,0.3752,966.092,978.951,966.092,974.834,战略上限3.8成：开盘减0.0成,0.00040143370572921067,0.6458174109330366,1.037148636023866,0.3773145058466088
2025-01-27,3.3,53.0,0.265,972.189,972.216,955.09,955.09,战略上限2.6成：开盘减1.1成,0.0002824173217616494,0.7614659770364194,1.0311999368777531,0.2615729018157516
2025-02-05,-11.5,0.6,0.0018,989.119,989.119,978.411,982.829,战略上限0.0成：开盘减2.7成,1.8940679217120974e-06,1.0387981219111668,1.0406596667925951,0.001788812366646076
2025-02-06,32.9,24.4,0.17079999999999998,977.019,1011.86,977.019,1011.22,"开盘加仓2成(Score+33,Δ+44,隔夜确认)；冲高(+3%)防守减1.5成；冲高回落企稳加1.5成",0.00017569615586142512,0.8682002297079124,1.0458676964381028,0.16987566145820351
2025-02-07,14.7,19.9,0.11939999999999999,1011.056,1035.086,1007.546,1018.799,战略上限1.2成：开盘减0.5成,0.00012350766183363122,0.9209393369806688,1.0467688193491105,0.12020751864454987
2025-02-10,31.7,13.2,0.0924,1023.02,1037.487,1022.524,1036.765,战略上限0.9成：开盘减0.3成,9.459209928987627e-05,0.9505057451747843,1.0485755229950529,0.09352667086882903
2025-02-11,30.0,31.8,0.2226,1034.955,1035.553,1020.605,1024.412,（无操作）,9.459209928987627e-05,0.9505057451747843,1.047407026792525,0.09251540150010408
2025-02-12,17.3,26.3,0.1578,1026.872,1041.229,1023.334,1041.137,（无操作）,9.459209928987627e-05,0.9505057451747843,1.0489890796531482,0.09388404168223347
2025-02-13,14.6,4.6,0.027599999999999996,1040.425,1040.425,1017.088,1017.088,战略上限0.3成：开盘减0.7成,2.7825398034615967e-05,1.0199367574557117,1.0482376358919432,0.026998533030299303
2025-02-14,34.0,66.6,0.4661999999999999,1012.612,1022.932,1011.899,1022.464,"开盘加仓2成(Score+34,Δ+19,隔夜确认)",0.0002347337291156142,0.8103141395736436,1.050320927180111,0.22850805063061508
2025-02-17,2.2,19.8,0.099,1030.859,1037.74,1029.231,1037.307,战略上限1.0成：开盘减1.3成,0.00010105830202459078,0.9480457564107211,1.0528742405089433,0.09956410753059142
2025-02-18,17.2,16.9,0.1014,1034.63,1034.63,1007.256,1011.168,（无操作）,0.00010105830202459078,0.9480457564107211,1.0502326775523225,0.09729931597611184
2025-02-19,-2.1,3.0,0.015,1010.669,1035.063,1010.669,1034.571,战略上限0.1成：开盘减0.8成；冲高(+2%)减1.5成(价格强于环境),0.0,1.0504460783605882,1.0504460783605882,0.0
2025-02-20,28.1,30.3,0.18180000000000002,1034.787,1040.587,1026.809,1033.085,（无操作）,0.0,1.0504460783605882,1.0504460783605882,0.0
2025-02-21,14.1,13.4,0.0804,1042.401,1098.193,1040.222,1094.774,（无操作）,0.0,1.0504460783605882,1.0504460783605882,0.0
2025-02-24,9.2,20.5,0.1025,1093.03,1107.717,1093.03,1100.054,（无操作）,0.0,1.0504460783605882,1.0504460783605882,0.0
2025-02-25,35.3,3.9,0.0273,1083.94,1115.513,1083.94,1102.901,"开盘加仓2成(Score+35,Δ+26,隔夜确认)",2.644320397437687e-05,1.0217689004213442,1.0509331365278884,0.027750800781577885
2025-02-26,8.7,13.5,0.0675,1108.584,1128.726,1096.941,1126.82,（无操作）,2.644320397437687e-05,1.0217689004213442,1.0515656315237516,0.0283355885825509
2025-02-27,17.6,5.3,0.031799999999999995,1127.247,1135.73,1102.731,1126.287,（无操作）,2.644320397437687e-05,1.0217689004213442,1.0515515372960331,0.028322565103439706
2025-02-28,-18.3,36.6,0.10980000000000001,1118.521,1118.521,1077.134,1078.798,（无操作）,2.644320397437687e-05,1.0217689004213442,1.050295775982494,0.027160801950730968
2025-03-03,19.2,15.3,0.09180000000000002,1079.644,1085.724,1058.073,1062.351,（无操作）,2.644320397437687e-05,1.0217689004213442,1.0498608646067273,0.026757797278124426
2025-03-04,12.8,4.0,0.024,1052.468,1086.344,1052.468,1080.665,战略上限0.2成：开盘减0.0成；冲高(+3%)防守减1.5成,0.0,1.0503409449120424,1.0503409449120424,0.0
2025-03-05,15.1,1.2,0.0072,1081.097,1088.633,1072.594,1083.817,（无操作）,0.0,1.0503409449120424,1.0503409449120424,0.0
2025-03-06,-6.6,6.4,0.032,1100.442,1124.227,1100.442,1121.585,（无操作）,0.0,1.0503409449120424,1.0503409449120424,0.0
2025-03-07,-5.6,10.9,0.05450000000000001,1113.838,1120.408,1104.934,1107.623,（无操作）,0.0,1.0503409449120424,1.0503409449120424,0.0
2025-03-10,9.5,9.5,0.0475,1107.31,1109.91,1088.652,1105.164,（无操作）,0.0,1.0503409449120424,1.0503409449120424,0.0
2025-03-11,-7.4,11.1,0.05550000000000001,1086.383,1100.742,1086.383,1100.742,（无操作）,0.0,1.0503409449120424,1.0503409449120424,0.0
2025-03-12,4.7,3.3,0.0165,1107.957,1110.648,1092.708,1092.708,（无操作）,0.0,1.0503409449120424,1.0503409449120424,0.0
2025-03-13,9.1,22.5,0.1125,1093.594,1093.594,1065.807,1069.703,（无操作）,0.0,1.0503409449120424,1.0503409449120424,0.0
2025-03-14,4.6,4.2,0.020999999999999998,1070.796,1088.433,1070.285,1088.113,（无操作）,0.0,1.0503409449120424,1.0503409449120424,0.0
2025-03-17,-9.2,3.8,0.019,1089.998,1089.998,1080.939,1083.213,（无操作）,0.0,1.0503409449120424,1.0503409449120424,0.0
2025-03-18,10.8,0.6,0.0036,1087.345,1101.571,1087.345,1089.825,（无操作）,0.0,1.0503409449120424,1.0503409449120424,0.0
2025-03-19,-7.4,13.3,0.0665,1084.902,1087.377,1075.9,1076.937,（无操作）,0.0,1.0503409449120424,1.0503409449120424,0.0
2025-03-20,14.5,16.0,0.096,1075.132,1075.394,1064.793,1064.793,（无操作）,0.0,1.0503409449120424,1.0503409449120424,0.0
2025-03-21,11.5,17.2,0.10319999999999999,1063.331,1063.366,1038.314,1042.893,（无操作）,0.0,1.0503409449120424,1.0503409449120424,0.0
2025-03-24,1.8,11.2,0.05600000000000001,1042.33,1047.374,1030.392,1045.942,（无操作）,0.0,1.0503409449120424,1.0503409449120424,0.0
2025-03-25,-29.8,4.8,0.0144,1045.849,1049.215,1028.955,1031.697,（无操作）,0.0,1.0503409449120424,1.0503409449120424,0.0
2025-03-26,3.6,0.1,0.0005,1029.807,1038.47,1029.055,1029.055,（无操作）,0.0,1.0503409449120424,1.0503409449120424,0.0
2025-03-27,-25.9,46.2,0.1386,1028.695,1049.799,1026.91,1040.57,（无操作）,0.0,1.0503409449120424,1.0503409449120424,0.0
2025-03-28,-23.1,58.1,0.1743,1037.756,1042.926,1029.476,1029.476,（无操作）,0.0,1.0503409449120424,1.0503409449120424,0.0
2025-03-31,23.7,27.1,0.16260000000000002,1024.264,1027.709,1012.946,1022.714,（无操作）,0.0,1.0503409449120424,1.0503409449120424,0.0
2025-04-01,13.3,6.3,0.03779999999999999,1027.961,1034.933,1023.739,1024.376,（无操作）,0.0,1.0503409449120424,1.0503409449120424,0.0
2025-04-02,29.3,31.2,0.18719999999999998,1021.821,1028.025,1020.724,1022.748,（无操作）,0.0,1.0503409449120424,1.0503409449120424,0.0
2025-04-03,9.0,32.1,0.1605,1011.605,1030.559,1011.605,1018.072,（无操作）,0.0,1.0503409449120424,1.0503409449120424,0.0
2025-04-07,55.4,21.5,0.1505,960.489,983.153,877.69,924.173,"开盘加仓2成(Score+55,Δ+46,隔夜确认)",0.0001644967444213168,0.89226463270278,1.0442880824848617,0.14557616076623703
2025-04-08,-21.0,2.8,0.0084,932.237,950.779,923.767,940.091,战略上限0.1成：开盘减1.4成,9.42159827119901e-06,1.0367591383298165,1.0456162980701862,0.008470755244267643
2025-04-09,-32.4,21.4,0.0214,922.862,992.05,917.548,980.569,"开盘减仓3.5成(Score-32,Δ-11)",0.0,1.04544962593606,1.04544962593606,0.0
2025-04-10,9.0,15.4,0.077,1003.683,1006.162,985.806,991.224,（无操作）,0.0,1.04544962593606,1.04544962593606,0.0
2025-04-11,-33.3,22.3,0.0223,990.831,1027.491,987.52,1011.709,（无操作）,0.0,1.04544962593606,1.04544962593606,0.0
2025-04-14,-18.1,15.3,0.04590000000000001,1018.258,1025.368,1006.268,1014.283,（无操作）,0.0,1.04544962593606,1.04544962593606,0.0
2025-04-15,5.1,5.8,0.028999999999999998,1011.671,1011.793,995.796,1006.34,（无操作）,0.0,1.04544962593606,1.04544962593606,0.0
2025-04-16,19.7,11.9,0.0714,1016.755,1016.755,996.381,1014.509,（无操作）,0.0,1.04544962593606,1.04544962593606,0.0
2025-04-17,6.2,9.0,0.045,1007.63,1023.948,1006.358,1016.812,（无操作）,0.0,1.04544962593606,1.04544962593606,0.0
2025-04-18,13.2,10.8,0.06480000000000001,1011.511,1012.934,1003.425,1008.597,（无操作）,0.0,1.04544962593606,1.04544962593606,0.0
2025-04-21,4.2,4.9,0.0245,1012.813,1021.376,1008.561,1019.411,（无操作）,0.0,1.04544962593606,1.04544962593606,0.0
2025-04-22,-17.1,12.9,0.0387,1018.42,1023.497,1012.595,1016.218,（无操作）,0.0,1.04544962593606,1.04544962593606,0.0
2025-04-23,16.5,14.9,0.08940000000000001,1019.016,1022.656,1010.087,1012.648,（无操作）,0.0,1.04544962593606,1.04544962593606,0.0
2025-04-24,15.6,34.6,0.2076,1012.335,1012.395,1000.465,1003.316,（无操作）,0.0,1.04544962593606,1.04544962593606,0.0
2025-04-25,-11.4,33.5,0.10049999999999999,1003.871,1011.589,997.978,1004.572,（无操作）,0.0,1.04544962593606,1.04544962593606,0.0
2025-04-28,4.7,46.7,0.23349999999999999,1004.048,1008.589,997.905,1002.832,（无操作）,0.0,1.04544962593606,1.04544962593606,0.0
2025-04-29,-2.5,26.0,0.13,996.967,1005.706,994.218,1003.867,（无操作）,0.0,1.04544962593606,1.04544962593606,0.0
2025-04-30,5.3,22.8,0.11399999999999999,1000.651,1014.374,1000.651,1012.417,（无操作）,0.0,1.04544962593606,1.04544962593606,0.0
2025-05-06,-35.6,1.5,0.0015,1016.437,1027.022,1013.58,1026.521,（无操作）,0.0,1.04544962593606,1.04544962593606,0.0
2025-05-07,10.9,29.4,0.17639999999999997,1044.173,1044.573,1021.791,1030.186,（无操作）,0.0,1.04544962593606,1.04544962593606,0.0
2025-05-08,2.4,39.6,0.198,1024.966,1030.085,1022.493,1026.439,（无操作）,0.0,1.04544962593606,1.04544962593606,0.0
2025-05-09,-40.9,6.4,0.0064,1020.787,1020.787,1006.319,1006.319,（无操作）,0.0,1.04544962593606,1.04544962593606,0.0
2025-05-12,-2.5,26.4,0.132,1008.961,1016.727,1004.488,1011.231,（无操作）,0.0,1.04544962593606,1.04544962593606,0.0
2025-05-13,-28.8,10.7,0.0321,1020.343,1021.531,1009.634,1009.682,（无操作）,0.0,1.04544962593606,1.04544962593606,0.0
2025-05-14,-9.9,16.1,0.0805,1014.095,1021.393,1006.512,1013.772,（无操作）,0.0,1.04544962593606,1.04544962593606,0.0
2025-05-15,-15.9,5.3,0.015899999999999997,1011.574,1011.69,999.257,1000.969,（无操作）,0.0,1.04544962593606,1.04544962593606,0.0
2025-05-16,20.5,6.3,0.03779999999999999,997.448,999.415,991.418,995.237,（无操作）,0.0,1.04544962593606,1.04544962593606,0.0
2025-05-19,-21.8,2.4,0.0072,994.281,998.623,985.984,995.255,（无操作）,0.0,1.04544962593606,1.04544962593606,0.0
2025-05-20,13.4,11.7,0.07019999999999998,995.752,1002.0,993.691,997.677,（无操作）,0.0,1.04544962593606,1.04544962593606,0.0
2025-05-21,10.9,11.5,0.06899999999999999,996.656,999.964,993.736,995.487,（无操作）,0.0,1.04544962593606,1.04544962593606,0.0
2025-05-22,-20.0,4.1,0.012299999999999998,994.079,1000.384,989.055,990.711,（无操作）,0.0,1.04544962593606,1.04544962593606,0.0
2025-05-23,-18.5,8.6,0.025799999999999997,989.711,997.018,980.578,980.578,（无操作）,0.0,1.04544962593606,1.04544962593606,0.0
2025-05-26,20.4,7.8,0.046799999999999994,982.065,985.472,978.142,982.261,（无操作）,0.0,1.04544962593606,1.04544962593606,0.0
2025-05-27,16.3,16.3,0.09780000000000001,982.019,983.429,972.673,972.92,（无操作）,0.0,1.04544962593606,1.04544962593606,0.0
2025-05-28,26.2,45.7,0.27420000000000005,973.904,975.856,969.677,970.64,（无操作）,0.0,1.04544962593606,1.04544962593606,0.0
2025-05-29,-7.0,10.8,0.054000000000000006,972.257,986.447,970.692,986.302,（无操作）,0.0,1.04544962593606,1.04544962593606,0.0
2025-05-30,28.4,47.9,0.2874,981.346,981.346,974.114,977.027,（无操作）,0.0,1.04544962593606,1.04544962593606,0.0
2025-06-03,-12.9,3.7,0.011100000000000002,977.23,987.621,976.105,981.71,（无操作）,0.0,1.04544962593606,1.04544962593606,0.0
2025-06-04,10.1,39.6,0.23760000000000003,982.364,988.164,981.615,986.111,（无操作）,0.0,1.04544962593606,1.04544962593606,0.0
2025-06-05,9.1,33.5,0.1675,987.529,997.932,982.854,996.407,（无操作）,0.0,1.04544962593606,1.04544962593606,0.0
2025-06-06,1.0,41.6,0.20800000000000002,995.315,995.704,989.155,991.642,（无操作）,0.0,1.04544962593606,1.04544962593606,0.0
2025-06-09,-11.0,4.7,0.014100000000000001,991.308,1002.401,989.527,997.612,（无操作）,0.0,1.04544962593606,1.04544962593606,0.0
2025-06-10,32.4,55.6,0.3892,1004.554,1004.777,978.787,982.904,"开盘加仓2成(Score+32,Δ+43,隔夜确认)",0.00020803802729467657,0.8363597007488479,1.0408411099288948,0.19645785243245817
2025-06-11,39.3,60.3,0.42210000000000003,982.598,990.137,980.293,980.933,"开盘加仓2成(Score+39,Δ+7,隔夜确认)",0.0004197741231612928,0.6282042106903394,1.0399745006453158,0.395942679074793
2025-06-12,39.7,61.0,0.42699999999999994,978.686,982.125,974.629,977.973,"开盘加仓2成(Score+40,Δ+0,隔夜确认)",0.00045331182838631226,0.595364916673198,1.038691645415645,0.4268126452148794
2025-06-13,53.9,71.8,0.5025999999999999,971.695,978.42,966.872,972.941,"开盘加仓2成(Score+54,Δ+14,隔夜确认)",0.0005357401532813349,0.5152296779187495,1.0364732383924449,0.5029011277533192
2025-06-16,-1.2,21.3,0.1065,968.186,975.541,968.186,970.891,战略上限1.1成：开盘减4.0成,0.00011373134610201201,0.9236084053969756,1.0340291457453041,0.10678687424109293
2025-06-17,49.7,35.9,0.25129999999999997,971.535,972.199,960.64,963.083,"开盘加仓2成(Score+50,Δ+51,隔夜确认)",0.00026740702047815855,0.7742324584437936,1.03176761394696,0.24960577558543667
2025-06-18,-2.0,14.3,0.0715,962.245,971.796,960.02,968.179,战略上限0.7成：开盘减1.8成,7.664925478517598e-05,0.9576963868399131,1.03190658568857,0.0719156170508767
2025-06-19,35.7,34.3,0.24009999999999998,966.917,974.483,960.54,962.943,"开盘加仓2成(Score+36,Δ+38,隔夜确认)",0.00025612413202938844,0.7840723083046308,1.0307052483734063,0.23928561580335006
2025-06-20,-20.9,11.8,0.0354,963.783,967.981,956.871,957.872,战略上限0.4成：开盘减2.0成,3.786597387545599e-05,0.9943206339934823,1.0305913901215131,0.0351941191006401
2025-06-23,21.1,27.4,0.16439999999999996,952.325,966.192,952.325,961.489,（无操作）,3.786597387545599e-05,0.9943206339934823,1.0307283513490206,0.03532232067536298
2025-06-24,42.4,69.1,0.48369999999999996,963.79,980.52,963.79,978.714,"开盘加仓2成(Score+42,Δ+21,隔夜确认)",0.000251667804313521,0.7881575378025006,1.0344683412334041,0.23810376172288197
2025-06-25,28.9,48.0,0.288,979.971,996.661,976.16,995.61,（无操作）,0.000251667804313521,0.7881575378025006,1.0387205204550853,0.2412227136350476
2025-06-26,-0.1,31.5,0.1575,995.575,1005.895,989.972,989.972,战略上限1.6成：开盘减0.8成,0.00016432422936785742,0.8750711388892164,1.037747524884973,0.1567591173139999
2025-06-27,19.0,38.5,0.231,996.684,998.576,987.831,988.211,（无操作）,0.00016432422936785742,0.8750711388892164,1.037458149917056,0.15652391476304126
2025-06-30,1.5,32.0,0.16,992.297,1004.471,992.297,1003.414,（无操作）,0.00016432422936785742,0.8750711388892164,1.0399563711761357,0.15855014388771213
2025-07-01,4.9,13.2,0.066,1002.085,1002.085,992.549,994.795,战略上限0.7成：开盘减0.9成,6.847992631580173e-05,0.9710672552439237,1.0391907435432517,0.06555436403046891
2025-07-02,25.9,46.1,0.2766,992.383,992.473,981.22,982.636,（无操作）,6.847992631580173e-05,0.9710672552439237,1.0383580961191778,0.06480504281398776
2025-07-03,27.5,38.2,0.22920000000000001,984.338,987.094,980.814,984.949,（无操作）,6.847992631580173e-05,0.9710672552439237,1.0385164901887463,0.06494767832965653
2025-07-04,16.3,24.5,0.147,984.528,997.406,976.829,984.802,（无操作）,6.847992631580173e-05,0.9710672552439237,1.0385064236395778,0.06493861459162191
2025-07-07,7.7,26.0,0.13,983.198,987.106,976.905,978.293,（无操作）,6.847992631580173e-05,0.9710672552439237,1.0380606877991883,0.06453710591554973
2025-07-08,-19.5,14.4,0.0432,978.905,993.186,977.6,991.948,战略上限0.4成：开盘减0.2成,4.581244575582804e-05,0.993245470646456,1.038689034589058,0.04375088446041138
2025-07-09,6.2,11.4,0.056999999999999995,991.342,993.611,981.501,983.111,（无操作）,4.581244575582804e-05,0.993245470646456,1.0382841900059139,0.04337802674160081
2025-07-10,18.5,44.7,0.26820000000000005,981.735,986.309,978.893,979.989,（无操作）,4.581244575582804e-05,0.993245470646456,1.0381411635502642,0.043246231322022356
2025-07-11,1.2,19.3,0.0965,980.375,1000.035,979.176,994.448,（无操作）,4.581244575582804e-05,0.993245470646456,1.0388035657034476,0.04385631370656787
2025-07-14,-9.1,5.4,0.027000000000000003,995.288,998.969,992.389,992.389,战略上限0.3成：开盘减0.2成,2.8181526653855803e-05,1.0107845389365142,1.0387515759910075,0.026923701201427026
2025-07-15,-13.3,20.1,0.060300000000000006,990.731,998.084,986.499,996.246,（无操作）,2.8181526653855803e-05,1.0107845389365142,1.0388602721393114,0.027025514360060413
2025-07-16,13.2,11.3,0.06780000000000001,996.332,1008.467,994.38,997.63,（无操作）,2.8181526653855803e-05,1.0107845389365142,1.0388992753722004,0.02706204258888684
2025-07-17,18.0,34.4,0.20639999999999997,997.712,1005.665,992.556,1005.648,（无操作）,2.8181526653855803e-05,1.0107845389365142,1.039125234852911,0.02727360953793835
2025-07-18,10.4,28.8,0.1728,1008.133,1013.121,1003.089,1007.525,（无操作）,2.8181526653855803e-05,1.0107845389365142,1.0391781315784403,0.02732312370622941
2025-07-21,12.5,44.6,0.2676,1007.585,1010.345,1005.031,1007.894,（无操作）,2.8181526653855803e-05,1.0107845389365142,1.0391885305617756,0.027332857118723596
2025-07-22,26.5,66.8,0.40079999999999993,1007.513,1019.03,1005.838,1016.265,（无操作）,2.8181526653855803e-05,1.0107845389365142,1.039424438121395,0.02755361345615764
2025-07-23,34.3,47.9,0.33530000000000004,1016.581,1030.545,1014.845,1020.855,"开盘加仓2成(Score+34,Δ+8,隔夜确认)",0.00023257525160849248,0.8028978702397507,1.0403234787205382,0.22822286849931525
2025-07-24,42.6,36.1,0.25270000000000004,1019.72,1032.838,1019.309,1032.838,"开盘加仓2成(Score+43,Δ+8,隔夜确认)",0.0002577278202149099,0.777236468691785,1.043427555066912,0.25511218779156836
2025-07-25,6.9,12.8,0.064,1032.448,1059.734,1028.789,1054.196,战略上限0.6成：开盘减1.9成,6.467437647018524e-05,0.9764544517581948,1.0446339207355582,0.06526637477878966
2025-07-28,-1.6,5.3,0.026500000000000003,1054.906,1059.05,1048.548,1055.109,战略上限0.3成：开盘减0.4成,2.624311146953907e-05,1.016975553108948,1.044664896208462,0.026505478646799013
2025-07-29,-19.8,8.9,0.0267,1053.118,1071.437,1051.553,1070.448,（无操作）,2.624311146953907e-05,1.016975553108948,1.045067439295293,0.02688045300242825
2025-07-30,-1.9,6.2,0.031,1065.939,1073.816,1051.108,1058.572,（无操作）,2.624311146953907e-05,1.016975553108948,1.044755776103481,0.02659015975785458
2025-07-31,-2.1,17.3,0.0865,1057.32,1070.759,1045.451,1047.87,（无操作）,2.624311146953907e-05,1.016975553108948,1.0444749223245338,0.026328415003382382
2025-08-01,-37.7,35.3,0.0353,1047.375,1056.418,1029.53,1036.775,"开盘减仓3.5成(Score-38,Δ-36)",0.0,1.0444481887949186,1.0444481887949186,0.0
2025-08-04,16.3,11.0,0.066,1034.127,1049.459,1033.854,1049.406,（无操作）,0.0,1.0444481887949186,1.0444481887949186,0.0
2025-08-05,23.0,8.3,0.049800000000000004,1048.714,1054.107,1046.528,1053.646,（无操作）,0.0,1.0444481887949186,1.0444481887949186,0.0
2025-08-06,-24.4,24.8,0.07440000000000001,1051.872,1060.402,1049.598,1059.761,（无操作）,0.0,1.0444481887949186,1.0444481887949186,0.0
2025-08-07,19.5,20.5,0.123,1059.845,1069.044,1053.731,1058.205,（无操作）,0.0,1.0444481887949186,1.0444481887949186,0.0
2025-08-08,12.7,19.6,0.11760000000000001,1052.461,1052.736,1042.839,1043.537,（无操作）,0.0,1.0444481887949186,1.0444481887949186,0.0
2025-08-11,3.9,34.0,0.16999999999999998,1043.227,1053.695,1043.077,1049.73,（无操作）,0.0,1.0444481887949186,1.0444481887949186,0.0
2025-08-12,-6.8,1.8,0.009,1048.207,1077.876,1044.326,1069.809,（无操作）,0.0,1.0444481887949186,1.0444481887949186,0.0
2025-08-13,18.0,23.6,0.1416,1069.522,1079.139,1067.501,1077.698,（无操作）,0.0,1.0444481887949186,1.0444481887949186,0.0
2025-08-14,17.8,31.2,0.18719999999999998,1079.224,1109.854,1079.224,1085.736,（无操作）,0.0,1.0444481887949186,1.0444481887949186,0.0
2025-08-15,-15.8,4.7,0.014100000000000001,1079.161,1104.5,1076.997,1101.293,（无操作）,0.0,1.0444481887949186,1.0444481887949186,0.0
2025-08-18,34.7,26.0,0.182,1114.32,1138.421,1105.584,1124.822,"开盘加仓2成(Score+35,Δ+50,隔夜确认)",0.00017050270395769452,0.8543586184342434,1.0461438109053454,0.1833258395947768
2025-08-19,4.5,23.3,0.1165,1122.639,1133.629,1111.66,1112.266,战略上限1.2成：开盘减0.7成,0.00010852321343553321,0.923904421397922,1.0446111019130087,0.11555178792761749
2025-08-20,15.1,16.9,0.1014,1109.701,1148.736,1105.274,1148.147,战略上限1.0成：开盘减0.1成；冲高(+3%)防守减1.5成,0.0,1.0474477974758991,1.0474477974758991,0.0
2025-08-21,10.8,5.2,0.031200000000000006,1150.98,1173.278,1143.162,1149.151,（无操作）,0.0,1.0474477974758991,1.0474477974758991,0.0
2025-08-22,-10.5,20.3,0.06090000000000001,1162.291,1248.067,1162.291,1247.862,（无操作）,0.0,1.0474477974758991,1.0474477974758991,0.0
2025-08-25,12.7,46.2,0.2772,1282.054,1320.715,1252.844,1287.734,（无操作）,0.0,1.0474477974758991,1.0474477974758991,0.0
2025-08-26,-17.6,8.0,0.024,1266.586,1284.073,1257.444,1270.871,（无操作）,0.0,1.0474477974758991,1.0474477974758991,0.0
2025-08-27,3.8,36.5,0.1825,1285.444,1332.816,1272.555,1272.556,（无操作）,0.0,1.0474477974758991,1.0474477974758991,0.0
2025-08-28,-10.4,24.4,0.07319999999999999,1280.237,1365.918,1275.499,1364.605,（无操作）,0.0,1.0474477974758991,1.0474477974758991,0.0
2025-08-29,9.9,25.1,0.1255,1335.647,1346.761,1314.742,1341.311,（无操作）,0.0,1.0474477974758991,1.0474477974758991,0.0
2025-09-01,-20.1,11.0,0.033,1348.533,1366.921,1322.801,1357.148,（无操作）,0.0,1.0474477974758991,1.0474477974758991,0.0
2025-09-02,2.7,9.2,0.046,1353.944,1364.195,1314.116,1328.279,（无操作）,0.0,1.0474477974758991,1.0474477974758991,0.0
2025-09-03,-22.3,41.9,0.12569999999999998,1318.506,1325.75,1296.709,1306.479,（无操作）,0.0,1.0474477974758991,1.0474477974758991,0.0
2025-09-04,7.3,11.3,0.056499999999999995,1301.976,1304.052,1210.867,1226.985,（无操作）,0.0,1.0474477974758991,1.0474477974758991,0.0
2025-09-05,5.7,24.1,0.12050000000000001,1232.214,1275.1,1220.783,1268.552,（无操作）,0.0,1.0474477974758991,1.0474477974758991,0.0
2025-09-08,6.7,34.0,0.16999999999999998,1266.475,1280.819,1253.73,1275.868,（无操作）,0.0,1.0474477974758991,1.0474477974758991,0.0
2025-09-09,13.0,53.5,0.321,1250.962,1271.964,1239.938,1245.528,（无操作）,0.0,1.0474477974758991,1.0474477974758991,0.0
2025-09-10,-7.6,20.9,0.1045,1253.504,1272.915,1246.263,1259.096,（无操作）,0.0,1.0474477974758991,1.0474477974758991,0.0
2025-09-11,4.3,33.4,0.16699999999999998,1254.19,1332.759,1244.139,1326.033,（无操作）,0.0,1.0474477974758991,1.0474477974758991,0.0
2025-09-12,12.7,34.1,0.20460000000000003,1324.844,1360.066,1323.447,1338.018,（无操作）,0.0,1.0474477974758991,1.0474477974758991,0.0
2025-09-15,-2.2,32.6,0.16299999999999998,1362.851,1366.46,1332.426,1340.397,（无操作）,0.0,1.0474477974758991,1.0474477974758991,0.0
2025-09-16,15.4,17.5,0.10500000000000001,1347.196,1370.286,1347.196,1358.047,（无操作）,0.0,1.0474477974758991,1.0474477974758991,0.0
2025-09-17,0.7,17.4,0.087,1351.637,1378.873,1338.953,1370.43,（无操作）,0.0,1.0474477974758991,1.0474477974758991,0.0
2025-09-18,3.5,7.8,0.039,1385.503,1433.574,1351.137,1380.351,（无操作）,0.0,1.0474477974758991,1.0474477974758991,0.0
2025-09-19,11.7,1.8,0.0108,1388.859,1400.694,1359.286,1362.649,（无操作）,0.0,1.0474477974758991,1.0474477974758991,0.0
2025-09-22,0.1,14.2,0.071,1361.255,1422.741,1353.715,1408.645,（无操作）,0.0,1.0474477974758991,1.0474477974758991,0.0
2025-09-23,-20.9,0.4,0.0012000000000000001,1406.607,1419.284,1364.441,1407.302,（无操作）,0.0,1.0474477974758991,1.0474477974758991,0.0
2025-09-24,-10.6,0.3,0.0009,1395.374,1479.704,1394.685,1456.469,（无操作）,0.0,1.0474477974758991,1.0474477974758991,0.0
2025-09-25,-16.4,40.3,0.12089999999999998,1449.655,1486.43,1448.686,1474.487,（无操作）,0.0,1.0474477974758991,1.0474477974758991,0.0
2025-09-26,-16.6,49.9,0.1497,1461.953,1485.876,1448.961,1450.824,（无操作）,0.0,1.0474477974758991,1.0474477974758991,0.0
2025-09-29,19.2,9.5,0.056999999999999995,1448.545,1470.414,1424.841,1470.414,（无操作）,0.0,1.0474477974758991,1.0474477974758991,0.0
2025-09-30,-18.7,36.0,0.10800000000000001,1488.293,1505.907,1478.423,1495.288,（无操作）,0.0,1.0474477974758991,1.0474477974758991,0.0
2025-10-09,9.1,2.5,0.0125,1526.918,1588.833,1522.786,1539.081,（无操作）,0.0,1.0474477974758991,1.0474477974758991,0.0
2025-10-10,1.4,20.1,0.10049999999999999,1511.164,1512.339,1444.985,1452.675,（无操作）,0.0,1.0474477974758991,1.0474477974758991,0.0
2025-10-13,10.2,7.8,0.046799999999999994,1409.684,1476.13,1409.684,1473.017,（无操作）,0.0,1.0474477974758991,1.0474477974758991,0.0
2025-10-14,16.7,9.0,0.054000000000000006,1488.048,1489.168,1399.967,1410.3,（无操作）,0.0,1.0474477974758991,1.0474477974758991,0.0
2025-10-15,1.2,10.8,0.054000000000000006,1409.527,1430.28,1390.989,1429.997,（无操作）,0.0,1.0474477974758991,1.0474477974758991,0.0
2025-10-16,-26.7,5.4,0.016200000000000003,1419.553,1444.231,1409.7,1416.575,（无操作）,0.0,1.0474477974758991,1.0474477974758991,0.0
2025-10-17,-23.7,6.6,0.019799999999999998,1411.74,1415.658,1360.449,1363.168,（无操作）,0.0,1.0474477974758991,1.0474477974758991,0.0
2025-10-20,22.9,23.3,0.1398,1390.71,1397.733,1358.686,1367.899,（无操作）,0.0,1.0474477974758991,1.0474477974758991,0.0
2025-10-21,17.7,25.9,0.15539999999999998,1374.983,1410.071,1368.006,1406.318,（无操作）,0.0,1.0474477974758991,1.0474477974758991,0.0
2025-10-22,3.2,10.9,0.05450000000000001,1392.588,1424.232,1380.976,1405.407,（无操作）,0.0,1.0474477974758991,1.0474477974758991,0.0
2025-10-23,-7.3,4.2,0.020999999999999998,1396.091,1403.94,1375.746,1401.256,（无操作）,0.0,1.0474477974758991,1.0474477974758991,0.0
2025-10-24,1.7,14.8,0.074,1421.209,1466.85,1416.462,1462.222,（无操作）,0.0,1.0474477974758991,1.0474477974758991,0.0
2025-10-27,3.1,10.4,0.052000000000000005,1489.663,1491.107,1457.649,1484.206,（无操作）,0.0,1.0474477974758991,1.0474477974758991,0.0
2025-10-28,4.3,3.9,0.0195,1470.484,1496.064,1463.463,1471.731,（无操作）,0.0,1.0474477974758991,1.0474477974758991,0.0
2025-10-29,1.6,9.5,0.0475,1466.439,1495.381,1465.311,1489.123,（无操作）,0.0,1.0474477974758991,1.0474477974758991,0.0
2025-10-30,-20.5,22.6,0.06780000000000001,1485.937,1494.402,1461.3,1461.3,（无操作）,0.0,1.0474477974758991,1.0474477974758991,0.0
2025-10-31,-18.9,21.9,0.0657,1451.057,1452.239,1415.525,1415.525,（无操作）,0.0,1.0474477974758991,1.0474477974758991,0.0
2025-11-03,-2.7,16.5,0.08249999999999999,1403.456,1406.009,1372.254,1400.859,（无操作）,0.0,1.0474477974758991,1.0474477974758991,0.0
2025-11-04,1.9,15.6,0.078,1406.864,1415.734,1378.642,1387.239,（无操作）,0.0,1.0474477974758991,1.0474477974758991,0.0
2025-11-05,-23.8,14.7,0.04409999999999999,1355.722,1398.368,1355.722,1390.395,（无操作）,0.0,1.0474477974758991,1.0474477974758991,0.0
2025-11-06,-1.7,2.0,0.01,1405.154,1442.812,1403.073,1436.858,（无操作）,0.0,1.0474477974758991,1.0474477974758991,0.0
2025-11-07,5.1,16.7,0.08349999999999999,1420.229,1434.387,1414.468,1415.686,（无操作）,0.0,1.0474477974758991,1.0474477974758991,0.0
2025-11-10,11.9,16.3,0.09780000000000001,1422.322,1431.766,1389.774,1407.558,（无操作）,0.0,1.0474477974758991,1.0474477974758991,0.0
2025-11-11,2.6,21.7,0.1085,1416.858,1423.679,1385.067,1387.534,（无操作）,0.0,1.0474477974758991,1.0474477974758991,0.0
2025-11-12,-1.8,13.9,0.06949999999999999,1377.147,1388.508,1362.378,1379.452,（无操作）,0.0,1.0474477974758991,1.0474477974758991,0.0
2025-11-13,18.5,44.9,0.2694,1376.369,1404.629,1373.493,1399.292,（无操作）,0.0,1.0474477974758991,1.0474477974758991,0.0
2025-11-14,-21.1,16.7,0.05009999999999999,1379.437,1390.62,1361.232,1361.232,（无操作）,0.0,1.0474477974758991,1.0474477974758991,0.0
2025-11-17,-34.4,30.9,0.0309,1363.478,1377.547,1344.908,1354.038,（无操作）,0.0,1.0474477974758991,1.0474477974758991,0.0
2025-11-18,-34.8,45.1,0.0451,1350.507,1374.032,1348.1,1357.926,（无操作）,0.0,1.0474477974758991,1.0474477974758991,0.0
2025-11-19,-27.5,43.7,0.13110000000000002,1355.131,1363.855,1338.451,1344.796,（无操作）,0.0,1.0474477974758991,1.0474477974758991,0.0
2025-11-20,-32.9,49.1,0.0491,1362.852,1364.482,1327.294,1328.186,（无操作）,0.0,1.0474477974758991,1.0474477974758991,0.0
2025-11-21,-31.2,34.5,0.034499999999999996,1300.479,1311.324,1282.454,1285.83,（无操作）,0.0,1.0474477974758991,1.0474477974758991,0.0
2025-11-24,8.1,8.7,0.0435,1295.88,1306.044,1273.492,1296.602,（无操作）,0.0,1.0474477974758991,1.0474477974758991,0.0
2025-11-25,12.9,0.9,0.0054,1309.674,1323.205,1298.854,1302.167,（无操作）,0.0,1.0474477974758991,1.0474477974758991,0.0
2025-11-26,16.1,32.0,0.192,1296.455,1327.536,1293.185,1315.041,（无操作）,0.0,1.0474477974758991,1.0474477974758991,0.0
2025-11-27,4.7,22.8,0.11399999999999999,1325.849,1351.436,1308.847,1310.701,（无操作）,0.0,1.0474477974758991,1.0474477974758991,0.0
2025-11-28,12.5,27.9,0.16739999999999997,1307.962,1329.327,1303.199,1327.149,（无操作）,0.0,1.0474477974758991,1.0474477974758991,0.0
2025-12-01,33.6,41.3,0.28909999999999997,1329.422,1341.95,1310.424,1336.756,"开盘加仓2成(Score+34,Δ+21,隔夜确认)",0.00015750067853672424,0.8379582379807193,1.0484982150187567,0.20080146443956606
2025-12-02,-0.1,20.4,0.10200000000000001,1334.002,1335.746,1315.464,1320.156,战略上限1.0成：开盘减1.0成,8.013674247213032e-05,0.9411102815960407,1.0469032829910785,0.10105327121792894
2025-12-03,19.5,46.9,0.2814,1317.582,1324.706,1303.338,1308.367,（无操作）,8.013674247213032e-05,0.9411102815960407,1.0459585509340745,0.10024132337213637
2025-12-04,19.6,52.7,0.31620000000000004,1303.993,1326.226,1294.758,1326.165,（无操作）,8.013674247213032e-05,0.9411102815960407,1.0473848246765933,0.10146656756590651
2025-12-05,18.6,23.0,0.13799999999999998,1319.723,1330.586,1303.716,1326.101,（无操作）,8.013674247213032e-05,0.9411102815960407,1.0473796959250752,0.10146216767661738
2025-12-08,25.7,44.0,0.264,1325.97,1360.711,1325.738,1350.795,（无操作）,8.013674247213032e-05,0.9411102815960407,1.049358592643682,0.10315664426488177
2025-12-09,-16.8,5.5,0.0165,1338.845,1358.899,1337.318,1347.105,战略上限0.2成：开盘减0.9成,1.2920551532420705e-05,1.0310573467241368,1.0484626862962185,0.01660081927528332
2025-12-10,-18.2,0.3,0.0009,1337.524,1350.653,1317.711,1346.703,战略上限0.0成：开盘减0.2成,7.054116449819115e-07,1.047387220465562,1.048337200444094,0.0009061778768602763
2025-12-11,16.5,40.0,0.24,1349.669,1350.867,1325.831,1325.831,（无操作）,7.054116449819115e-07,1.047387220465562,1.0483224770922401,0.0008921459256241062
2025-12-12,34.4,43.3,0.3031,1324.3,1351.558,1314.011,1348.881,"开盘加仓2成(Score+34,Δ+18,隔夜确认)",0.00015894712399986115,0.8377229410441598,1.0521236966122165,0.20377903877501857
2025-12-15,15.3,10.1,0.0606,1333.361,1343.781,1318.53,1318.906,战略上限0.6成：开盘减1.4成,4.770591335520759e-05,0.9859734705645925,1.048893085924256,0.059986681392050906
2025-12-16,-25.1,13.9,0.0417,1313.526,1317.154,1286.252,1293.382,战略上限0.4成：开盘减0.2成,3.329065359361283e-05,1.0048988216489543,1.0479563537751684,0.04108714258098943
2025-12-17,4.3,2.1,0.010499999999999999,1294.697,1327.761,1289.235,1325.335,战略上限0.1成：开盘减0.3成,8.499286995597237e-06,1.0369800809553251,1.048244483485635,0.010745968815264679
2025-12-18,-22.4,52.1,0.15630000000000002,1314.665,1323.676,1305.966,1305.966,（无操作）,8.499286995597237e-06,1.0369800809553251,1.0480798607958173,0.010590585942624612
2025-12-19,11.6,10.1,0.0606,1314.75,1323.86,1306.796,1308.589,（无操作）,8.499286995597237e-06,1.0369800809553251,1.0481021544256066,0.010611631149996865
2025-12-22,41.4,24.2,0.1694,1314.066,1338.145,1314.066,1335.245,"开盘加仓2成(Score+41,Δ+30,隔夜确认)",0.00013505656361502427,0.8705923143900121,1.050925915674155,0.17159497029670395
2025-12-23,34.5,29.9,0.20929999999999999,1333.539,1348.538,1331.385,1340.015,（无操作）,0.00013505656361502427,0.8705923143900121,1.0515701354825988,0.17210247323116523
2025-12-24,36.1,34.8,0.24359999999999996,1342.128,1352.743,1332.916,1352.126,"开盘加仓2成(Score+36,Δ+2,隔夜确认)",0.00019088681300583282,0.7956235077651478,1.0537265306874726,0.2449430809661147
2025-12-25,35.2,52.1,0.36469999999999997,1347.784,1356.604,1339.966,1349.058,（无操作）,0.00019088681300583282,0.7956235077651478,1.0531408899451706,0.24452320163300262
2025-12-26,20.3,35.5,0.213,1346.109,1356.108,1339.141,1345.827,战略上限2.1成：开盘减0.3成,0.00016655345628642282,0.828362480570116,1.0525146189837036,0.21296819480761833
2025-12-29,8.9,7.6,0.038,1345.98,1364.272,1341.942,1346.319,战略上限0.4成：开盘减1.7成,2.971554099108126e-05,1.012451487250725,1.0524580846822966,0.03801253276860735
2025-12-30,13.0,6.6,0.039599999999999996,1346.132,1367.007,1346.029,1359.873,（无操作）,2.971554099108126e-05,1.012451487250725,1.0528608491248896,0.03838053424415187
2025-12-31,7.6,30.6,0.153,1367.166,1368.48,1342.683,1344.2,（无操作）,2.971554099108126e-05,1.012451487250725,1.0523951174509365,0.03795497483584024
2026-01-05,-25.5,6.8,0.020399999999999998,1360.897,1403.535,1360.897,1403.414,战略上限0.2成：开盘减0.2成；冲高(+2%)减1.5成(价格强于环境),0.0,1.0533004227951082,1.0533004227951082,0.0
2026-01-06,34.7,2.8,0.0196,1401.789,1442.104,1400.405,1429.302,"开盘加仓2成(Score+35,Δ+60,隔夜确认)",1.472002640999002e-05,1.032655734508324,1.0536950976961756,0.01996722128996569
2026-01-07,-7.0,14.2,0.071,1442.507,1452.045,1427.98,1443.388,（无操作）,1.472002640999002e-05,1.032655734508324,1.0539024439881868,0.020160034357127682
2026-01-08,14.9,8.2,0.049199999999999994,1441.186,1483.231,1441.186,1455.173,（无操作）,1.472002640999002e-05,1.032655734508324,1.0540759194994285,0.02032129241817484
2026-01-09,-2.8,34.4,0.172,1442.224,1477.239,1437.577,1475.968,冲高(+2%)减1.5成(价格强于环境),0.0,1.0542990743013896,1.0542990743013896,0.0
2026-01-12,15.3,0.5,0.003,1490.499,1515.107,1478.847,1511.836,（无操作）,0.0,1.0542990743013896,1.0542990743013896,0.0
2026-01-13,20.2,11.5,0.06899999999999999,1508.183,1511.653,1460.409,1469.57,（无操作）,0.0,1.0542990743013896,1.0542990743013896,0.0
2026-01-14,-11.7,27.4,0.08219999999999998,1479.295,1532.578,1479.295,1500.911,（无操作）,0.0,1.0542990743013896,1.0542990743013896,0.0
2026-01-15,4.3,20.2,0.101,1491.232,1504.844,1468.024,1493.945,（无操作）,0.0,1.0542990743013896,1.0542990743013896,0.0
2026-01-16,22.1,5.1,0.0306,1509.7,1528.783,1495.679,1514.068,（无操作）,0.0,1.0542990743013896,1.0542990743013896,0.0
2026-01-19,-6.2,14.2,0.071,1513.59,1525.122,1502.725,1506.857,（无操作）,0.0,1.0542990743013896,1.0542990743013896,0.0
2026-01-20,-10.5,24.9,0.07469999999999999,1508.367,1525.809,1473.194,1482.994,（无操作）,0.0,1.0542990743013896,1.0542990743013896,0.0
2026-01-21,-13.5,22.3,0.0669,1482.658,1546.049,1482.658,1535.393,（无操作）,0.0,1.0542990743013896,1.0542990743013896,0.0
2026-01-22,20.4,2.2,0.0132,1563.38,1574.966,1530.245,1541.638,（无操作）,0.0,1.0542990743013896,1.0542990743013896,0.0
2026-01-23,20.7,13.0,0.078,1530.285,1553.707,1523.501,1553.707,（无操作）,0.0,1.0542990743013896,1.0542990743013896,0.0
2026-01-26,31.8,26.1,0.18270000000000003,1556.568,1575.452,1529.316,1532.796,"开盘加仓2成(Score+32,Δ+11,隔夜确认)",0.00012368504221175764,0.8616786334265256,1.0512625713885388,0.18033928261291104
2026-01-27,20.9,24.3,0.1458,1530.07,1562.579,1507.406,1555.978,战略上限1.5成：开盘减0.3成,0.0001001424275944721,0.897682470849822,1.0535018850534135,0.14790615604422136
2026-01-28,20.7,7.5,0.045,1566.188,1569.435,1535.905,1554.804,战略上限0.5成：开盘减1.0成,3.029878613918756e-05,1.0070160498368295,1.0541247237211828,0.044689848197520955
2026-01-29,20.6,25.0,0.15,1550.989,1560.645,1507.299,1507.64,（无操作）,3.029878613918756e-05,1.0070160498368295,1.0526957117717142,0.04339303506613956
2026-01-30,0.1,16.0,0.08,1501.512,1522.329,1465.324,1509.402,（无操作）,3.029878613918756e-05,1.0070160498368295,1.0527490982328915,0.04344154601778136
2026-02-02,-32.4,69.2,0.06920000000000001,1492.811,1508.543,1450.098,1450.898,"开盘减仓3.5成(Score-32,Δ-32)",0.0,1.0522237958914387,1.0522237958914387,0.0
2026-02-03,-2.0,3.5,0.017499999999999998,1475.568,1478.051,1430.004,1471.069,（无操作）,0.0,1.0522237958914387,1.0522237958914387,0.0
2026-02-04,-30.8,36.6,0.0366,1452.976,1455.124,1432.597,1453.476,（无操作）,0.0,1.0522237958914387,1.0522237958914387,0.0
2026-02-05,-21.3,47.0,0.141,1423.662,1441.163,1416.265,1432.522,（无操作）,0.0,1.0522237958914387,1.0522237958914387,0.0
2026-02-06,-28.9,28.4,0.08519999999999998,1415.047,1440.808,1405.874,1422.406,（无操作）,0.0,1.0522237958914387,1.0522237958914387,0.0
2026-02-09,27.1,21.7,0.13019999999999998,1453.54,1458.927,1441.897,1458.163,（无操作）,0.0,1.0522237958914387,1.0522237958914387,0.0
2026-02-10,-22.1,20.4,0.0612,1463.348,1485.966,1463.348,1471.498,（无操作）,0.0,1.0522237958914387,1.0522237958914387,0.0
2026-02-11,-3.4,15.4,0.077,1461.999,1467.281,1453.006,1455.114,（无操作）,0.0,1.0522237958914387,1.0522237958914387,0.0
2026-02-12,1.2,3.6,0.018,1463.609,1481.979,1454.628,1480.995,（无操作）,0.0,1.0522237958914387,1.0522237958914387,0.0
2026-02-13,-5.8,25.7,0.1285,1470.259,1492.086,1466.707,1470.333,（无操作）,0.0,1.0522237958914387,1.0522237958914387,0.0
2026-02-24,12.3,15.8,0.09480000000000001,1493.453,1493.774,1453.55,1465.365,（无操作）,0.0,1.0522237958914387,1.0522237958914387,0.0
2026-02-25,2.7,4.6,0.023,1468.511,1481.291,1454.413,1473.285,（无操作）,0.0,1.0522237958914387,1.0522237958914387,0.0
2026-02-26,12.7,53.7,0.32220000000000004,1478.726,1494.749,1456.033,1485.865,（无操作）,0.0,1.0522237958914387,1.0522237958914387,0.0
2026-02-27,-14.0,9.7,0.029099999999999997,1468.078,1493.524,1463.731,1488.023,（无操作）,0.0,1.0522237958914387,1.0522237958914387,0.0
2026-03-02,4.5,6.3,0.0315,1459.776,1486.549,1459.51,1464.772,（无操作）,0.0,1.0522237958914387,1.0522237958914387,0.0
2026-03-03,-17.2,10.3,0.0309,1467.764,1469.603,1385.593,1388.41,（无操作）,0.0,1.0522237958914387,1.0522237958914387,0.0
2026-03-04,-15.3,12.7,0.038099999999999995,1380.13,1407.003,1376.111,1381.558,（无操作）,0.0,1.0522237958914387,1.0522237958914387,0.0
2026-03-05,6.2,10.7,0.053500000000000006,1418.883,1423.612,1397.755,1405.353,（无操作）,0.0,1.0522237958914387,1.0522237958914387,0.0
2026-03-06,-16.7,31.5,0.0945,1396.594,1422.001,1396.594,1414.394,（无操作）,0.0,1.0522237958914387,1.0522237958914387,0.0
2026-03-09,-15.3,11.0,0.033,1373.817,1398.245,1351.883,1390.483,（无操作）,0.0,1.0522237958914387,1.0522237958914387,0.0
2026-03-10,12.1,36.6,0.21960000000000002,1417.259,1424.719,1402.631,1420.539,（无操作）,0.0,1.0522237958914387,1.0522237958914387,0.0
2026-03-11,-8.6,0.9,0.0045,1421.352,1427.095,1400.447,1401.084,（无操作）,0.0,1.0522237958914387,1.0522237958914387,0.0
2026-03-12,-10.5,8.6,0.025799999999999997,1397.779,1412.525,1372.975,1383.652,（无操作）,0.0,1.0522237958914387,1.0522237958914387,0.0
2026-03-13,-12.4,23.8,0.0714,1374.65,1392.434,1365.622,1373.636,（无操作）,0.0,1.0522237958914387,1.0522237958914387,0.0
2026-03-16,2.5,9.9,0.0495,1370.703,1386.554,1349.272,1384.987,（无操作）,0.0,1.0522237958914387,1.0522237958914387,0.0
2026-03-17,2.9,6.3,0.0315,1386.26,1390.844,1354.153,1354.153,（无操作）,0.0,1.0522237958914387,1.0522237958914387,0.0
2026-03-18,3.7,20.6,0.10300000000000001,1363.54,1373.857,1348.23,1372.576,（无操作）,0.0,1.0522237958914387,1.0522237958914387,0.0
2026-03-19,-20.9,30.1,0.09030000000000002,1348.553,1354.721,1333.68,1339.034,（无操作）,0.0,1.0522237958914387,1.0522237958914387,0.0
2026-03-20,5.1,19.2,0.096,1344.93,1347.367,1317.405,1318.307,（无操作）,0.0,1.0522237958914387,1.0522237958914387,0.0
2026-03-23,-18.9,33.3,0.09989999999999999,1292.892,1305.793,1254.848,1261.438,（无操作）,0.0,1.0522237958914387,1.0522237958914387,0.0
2026-03-24,5.5,4.1,0.020499999999999997,1281.579,1291.918,1249.011,1290.791,（无操作）,0.0,1.0522237958914387,1.0522237958914387,0.0
2026-03-25,-18.1,40.6,0.12180000000000002,1299.631,1326.649,1299.626,1315.412,（无操作）,0.0,1.0522237958914387,1.0522237958914387,0.0
2026-03-26,-8.4,32.3,0.1615,1313.965,1316.455,1285.384,1288.807,（无操作）,0.0,1.0522237958914387,1.0522237958914387,0.0
2026-03-27,-21.3,61.5,0.1845,1265.531,1308.945,1265.531,1300.756,（无操作）,0.0,1.0522237958914387,1.0522237958914387,0.0
2026-03-30,-21.2,67.1,0.20129999999999998,1278.993,1294.543,1269.319,1289.78,（无操作）,0.0,1.0522237958914387,1.0522237958914387,0.0
2026-03-31,-1.4,39.7,0.1985,1283.899,1296.034,1256.327,1256.327,（无操作）,0.0,1.0522237958914387,1.0522237958914387,0.0
2026-04-01,30.8,46.6,0.3262,1290.638,1302.871,1282.313,1298.198,"开盘加仓2成(Score+31,Δ+32,隔夜确认)",0.00016297334293860553,0.8417790367131509,1.0533507045693629,0.20085586589388368
2026-04-02,5.7,32.6,0.16299999999999998,1294.63,1294.63,1254.625,1262.182,战略上限1.6成：开盘减0.4成,0.0001325485908376343,0.8811481391272251,1.048448584607852,0.15956952771623206
2026-04-03,27.6,31.1,0.18660000000000004,1270.936,1272.837,1254.759,1256.21,（无操作）,0.0001325485908376343,0.8811481391272251,1.0476570044233697,0.1589345220746088
2026-04-07,9.3,22.9,0.1145,1261.711,1286.53,1261.711,1274.015,战略上限1.1成：开盘减0.5成,9.514081644558025e-05,0.92832234066298,1.049533167926896,0.11549023029290174
2026-04-08,15.6,25.8,0.1548,1317.276,1352.689,1316.634,1352.689,（无操作）,9.514081644558025e-05,0.92832234066298,1.0570182765199356,0.12175374704084246
2026-04-09,14.3,53.6,0.3216,1335.287,1362.907,1333.012,1343.946,（无操作）,9.514081644558025e-05,0.92832234066298,1.056186460361752,0.12106207047473166
2026-04-10,7.0,54.0,0.27,1363.577,1382.937,1362.397,1364.495,（无操作）,9.514081644558025e-05,0.92832234066298,1.058141508998892,0.122686018109935
2026-04-13,-2.4,42.0,0.21000000000000002,1358.463,1396.003,1358.463,1375.287,冲高(+2%)减1.5成(价格强于环境),0.0,1.0600866100804598,1.0600866100804598,0.0
2026-04-14,29.6,41.1,0.2466,1398.4,1409.848,1387.418,1405.072,（无操作）,0.0,1.0600866100804598,1.0600866100804598,0.0
2026-04-15,9.8,49.6,0.248,1415.392,1433.354,1399.754,1406.322,（无操作）,0.0,1.0600866100804598,1.0600866100804598,0.0
2026-04-16,6.9,12.6,0.063,1406.319,1424.173,1402.196,1422.228,（无操作）,0.0,1.0600866100804598,1.0600866100804598,0.0
2026-04-17,21.1,11.2,0.0672,1414.873,1433.795,1413.576,1423.351,（无操作）,0.0,1.0600866100804598,1.0600866100804598,0.0
2026-04-20,28.1,30.2,0.18119999999999997,1426.893,1451.39,1426.034,1450.521,（无操作）,0.0,1.0600866100804598,1.0600866100804598,0.0
2026-04-21,18.0,23.7,0.1422,1445.204,1445.539,1415.599,1426.677,（无操作）,0.0,1.0600866100804598,1.0600866100804598,0.0
2026-04-22,11.4,24.2,0.1452,1420.776,1451.461,1420.244,1451.139,（无操作）,0.0,1.0600866100804598,1.0600866100804598,0.0
2026-04-23,18.2,28.6,0.17160000000000003,1466.124,1467.699,1419.009,1432.592,（无操作）,0.0,1.0600866100804598,1.0600866100804598,0.0
2026-04-24,-1.8,7.5,0.0375,1443.037,1472.957,1417.206,1453.685,（无操作）,0.0,1.0600866100804598,1.0600866100804598,0.0
2026-04-27,17.0,30.2,0.18119999999999997,1478.314,1515.282,1466.664,1508.385,（无操作）,0.0,1.0600866100804598,1.0600866100804598,0.0
2026-04-28,-11.6,14.8,0.04440000000000001,1497.322,1525.342,1479.673,1488.661,（无操作）,0.0,1.0600866100804598,1.0600866100804598,0.0
2026-04-29,-7.7,26.7,0.1335,1474.117,1495.009,1451.712,1493.505,（无操作）,0.0,1.0600866100804598,1.0600866100804598,0.0
2026-04-30,-11.8,36.0,0.10800000000000001,1511.388,1580.515,1511.388,1571.065,（无操作）,0.0,1.0600866100804598,1.0600866100804598,0.0
2026-05-06,-0.7,26.6,0.133,1634.313,1715.081,1631.651,1656.946,（无操作）,0.0,1.0600866100804598,1.0600866100804598,0.0
2026-05-07,28.6,35.1,0.21060000000000004,1663.159,1682.222,1646.944,1678.887,（无操作）,0.0,1.0600866100804598,1.0600866100804598,0.0
2026-05-08,-9.3,21.6,0.10800000000000001,1653.311,1655.572,1625.608,1640.46,（无操作）,0.0,1.0600866100804598,1.0600866100804598,0.0
2026-05-11,56.9,51.4,0.3598,1687.643,1727.305,1669.733,1716.691,"开盘加仓2成(Score+57,Δ+66,隔夜确认)",0.0001255664653797785,0.8480692880643679,1.0636281090836452,0.2026637122301978
2026-05-12,-11.5,9.2,0.027599999999999996,1708.211,1747.172,1687.963,1723.784,战略上限0.3成：开盘减1.7成；冲高(+2%)减1.5成(价格强于环境),0.0,1.0630423001256684,1.0630423001256684,0.0
2026-05-13,11.5,7.5,0.045,1684.368,1771.492,1677.544,1770.147,（无操作）,0.0,1.0630423001256684,1.0630423001256684,0.0
2026-05-14,9.9,6.0,0.03,1792.342,1800.606,1723.699,1725.093,（无操作）,0.0,1.0630423001256684,1.0630423001256684,0.0
2026-05-15,6.1,13.0,0.065,1724.355,1769.804,1669.987,1696.261,（无操作）,0.0,1.0630423001256684,1.0630423001256684,0.0
2026-05-18,-14.4,16.2,0.04859999999999999,1690.382,1748.104,1684.901,1709.963,（无操作）,0.0,1.0630423001256684,1.0630423001256684,0.0
2026-05-19,-3.4,0.6,0.003,1697.402,1776.256,1670.358,1775.135,（无操作）,0.0,1.0630423001256684,1.0630423001256684,0.0
2026-05-20,-22.4,30.6,0.09180000000000002,1764.213,1835.221,1764.213,1832.022,（无操作）,0.0,1.0630423001256684,1.0630423001256684,0.0
2026-05-21,14.9,7.1,0.04259999999999999,1866.287,1892.595,1759.939,1764.174,（无操作）,0.0,1.0630423001256684,1.0630423001256684,0.0
2026-05-22,-7.4,9.6,0.048,1790.744,1797.649,1747.139,1790.771,（无操作）,0.0,1.0630423001256684,1.0630423001256684,0.0
2026-05-25,-28.9,25.0,0.075,1791.67,1899.967,1774.194,1896.037,（无操作）,0.0,1.0630423001256684,1.0630423001256684,0.0
2026-05-26,-21.7,28.1,0.08430000000000001,1877.388,1880.648,1824.322,1867.709,（无操作）,0.0,1.0630423001256684,1.0630423001256684,0.0
2026-05-27,-0.9,8.7,0.0435,1875.422,1901.966,1809.705,1815.451,（无操作）,0.0,1.0630423001256684,1.0630423001256684,0.0
2026-05-28,4.5,7.0,0.034999999999999996,1805.113,1854.52,1796.035,1844.249,（无操作）,0.0,1.0630423001256684,1.0630423001256684,0.0
2026-05-29,5.9,16.2,0.081,1850.273,1855.256,1727.621,1751.323,（无操作）,0.0,1.0630423001256684,1.0630423001256684,0.0
2026-06-01,-25.7,0.5,0.0015,1751.232,1753.02,1662.821,1663.694,（无操作）,0.0,1.0630423001256684,1.0630423001256684,0.0
2026-06-02,-27.4,20.5,0.0615,1676.309,1710.98,1641.167,1690.558,（无操作）,0.0,1.0630423001256684,1.0630423001256684,0.0
2026-06-03,-11.8,7.0,0.020999999999999998,1697.659,1776.202,1697.36,1726.181,（无操作）,0.0,1.0630423001256684,1.0630423001256684,0.0
2026-06-04,-22.0,26.6,0.07980000000000001,1700.312,1759.984,1697.221,1738.059,（无操作）,0.0,1.0630423001256684,1.0630423001256684,0.0
2026-06-05,-5.4,9.1,0.0455,1706.531,1735.078,1659.479,1668.329,（无操作）,0.0,1.0630423001256684,1.0630423001256684,0.0
2026-06-08,-40.7,66.6,0.06659999999999999,1587.969,1634.033,1578.179,1596.566,（无操作）,0.0,1.0630423001256684,1.0630423001256684,0.0
2026-06-09,-10.2,36.5,0.1095,1630.232,1666.481,1607.578,1663.109,（无操作）,0.0,1.0630423001256684,1.0630423001256684,0.0
2026-06-10,-28.2,69.5,0.2085,1662.846,1722.334,1632.327,1652.224,（无操作）,0.0,1.0630423001256684,1.0630423001256684,0.0
2026-06-11,-29.0,64.7,0.19410000000000002,1644.603,1676.531,1631.936,1662.436,（无操作）,0.0,1.0630423001256684,1.0630423001256684,0.0
2026-06-12,2.4,7.3,0.0365,1726.005,1730.893,1656.845,1663.221,（无操作）,0.0,1.0630423001256684,1.0630423001256684,0.0
2026-06-15,1.0,12.3,0.0615,1687.67,1748.512,1658.324,1748.326,（无操作）,0.0,1.0630423001256684,1.0630423001256684,0.0
2026-06-16,6.2,7.2,0.036,1751.705,1766.138,1729.037,1758.424,（无操作）,0.0,1.0630423001256684,1.0630423001256684,0.0
2026-06-17,-3.0,5.9,0.0295,1729.228,1841.365,1725.901,1840.821,（无操作）,0.0,1.0630423001256684,1.0630423001256684,0.0
2026-06-18,-20.1,33.6,0.1008,1837.07,1937.301,1836.038,1911.513,（无操作）,0.0,1.0630423001256684,1.0630423001256684,0.0
2026-06-22,33.5,15.1,0.10569999999999999,1922.474,1963.327,1879.59,1948.928,"开盘加仓2成(Score+34,Δ+54,隔夜确认)",5.841817232096551e-05,0.9506787290023853,1.06453154074754,0.10695109293352122
2026-06-23,-18.0,29.0,0.087,1929.266,1982.906,1890.163,1916.212,战略上限0.9成：开盘减0.2成；冲高(+2%)减1.5成(价格强于环境),0.0,1.0651759316888014,1.0651759316888014,0.0
2026-06-24,-19.9,39.4,0.1182,1896.341,1997.905,1886.741,1989.426,（无操作）,0.0,1.0651759316888014,1.0651759316888014,0.0
2026-06-25,32.7,8.4,0.058800000000000005,2004.775,2076.882,2000.801,2066.331,"开盘加仓2成(Score+33,Δ+53,隔夜确认)；冲高(+3%)防守减1.5成",0.0,1.0669904229567115,1.0669904229567115,0.0
2026-06-26,-5.1,1.1,0.0055,2034.433,2076.465,1976.923,2032.284,（无操作）,0.0,1.0669904229567115,1.0669904229567115,0.0
2026-06-29,2.8,4.4,0.022,2039.667,2127.801,2013.512,2126.011,（无操作）,0.0,1.0669904229567115,1.0669904229567115,0.0
2026-06-30,25.6,34.6,0.2076,2132.882,2214.613,2113.95,2207.865,（无操作）,0.0,1.0669904229567115,1.0669904229567115,0.0
2026-07-01,-10.4,1.2,0.0036,2205.656,2255.248,2120.363,2153.043,（无操作）,0.0,1.0669904229567115,1.0669904229567115,0.0
2026-07-02,1.0,6.8,0.034,2059.898,2105.291,1978.32,1987.291,（无操作）,0.0,1.0669904229567115,1.0669904229567115,0.0
2026-07-03,23.9,12.1,0.0726,1978.755,2039.306,1948.172,1975.6,（无操作）,0.0,1.0669904229567115,1.0669904229567115,0.0
2026-07-06,-0.2,10.7,0.053500000000000006,2015.181,2022.91,1913.822,1996.103,（无操作）,0.0,1.0669904229567115,1.0669904229567115,0.0
2026-07-07,2.9,11.8,0.059,1965.795,2039.598,1950.979,2001.586,（无操作）,0.0,1.0669904229567115,1.0669904229567115,0.0
2026-07-08,-21.3,32.7,0.0981,2022.451,2078.642,1961.638,2016.233,（无操作）,0.0,1.0669904229567115,1.0669904229567115,0.0
2026-07-09,-1.8,16.1,0.0805,2047.238,2188.982,2023.544,2185.825,（无操作）,0.0,1.0669904229567115,1.0669904229567115,0.0
2026-07-10,5.0,7.3,0.0365,2190.178,2233.538,2064.976,2064.976,（无操作）,0.0,1.0669904229567115,1.0669904229567115,0.0
2026-07-13,-0.0,18.0,0.09,2038.362,2110.179,1974.055,1994.319,（无操作）,0.0,1.0669904229567115,1.0669904229567115,0.0
2026-07-14,-24.1,55.5,0.1665,1994.44,2026.471,1895.555,2009.73,（无操作）,0.0,1.0669904229567115,1.0669904229567115,0.0
2026-07-15,4.6,0.5,0.0025,2021.578,2028.652,1908.178,1924.274,（无操作）,0.0,1.0669904229567115,1.0669904229567115,0.0
2026-07-16,-20.9,22.2,0.06659999999999999,1869.936,1947.247,1828.573,1846.877,（无操作）,0.0,1.0669904229567115,1.0669904229567115,0.0
2026-07-17,-30.2,57.0,0.056999999999999995,1829.981,1844.379,1698.323,1715.404,（无操作）,0.0,1.0669904229567115,1.0669904229567115,0.0
2026-07-20,-31.9,47.9,0.0479,1764.593,1776.073,1646.387,1718.69,（无操作）,0.0,1.0669904229567115,1.0669904229567115,0.0
2026-07-21,-26.9,64.5,0.1935,1747.49,1904.858,1663.85,1903.161,（无操作）,0.0,1.0669904229567115,1.0669904229567115,0.0
2026-07-22,-11.7,46.7,0.14010000000000003,1874.779,1934.605,1836.107,1860.085,（无操作）,0.0,1.0669904229567115,1.0669904229567115,0.0
2026-07-23,-24.1,52.4,0.15719999999999998,1876.613,1876.986,1770.532,1789.694,（无操作）,0.0,1.0669904229567115,1.0669904229567115,0.0
2026-07-24,-36.5,62.1,0.0621,1766.259,1831.276,1748.797,1787.196,（无操作）,0.0,1.0669904229567115,1.0669904229567115,0.0
2026-07-27,-17.4,69.8,0.20939999999999998,1780.72,1816.43,1724.466,1807.951,（无操作）,0.0,1.0669904229567115,1.0669904229567115,0.0
2026-07-28,-25.5,74.0,0.22200000000000003,1755.867,1797.584,1675.988,1693.479,（无操作）,0.0,1.0669904229567115,1.0669904229567115,0.0
2026-07-29,-11.1,56.4,0.1692,1704.585,1711.579,1608.141,1678.738,（无操作）,0.0,1.0669904229567115,1.0669904229567115,0.0
2026-07-30,-38.7,48.7,0.04870000000000001,1653.467,1671.509,1561.996,1588.415,（无操作）,0.0,1.0669904229567115,1.0669904229567115,0.0
2026-07-31,25.0,24.2,0.1452,1721.355,1731.206,1635.685,1635.962,（无操作）,0.0,1.0669904229567115,1.0669904229567115,0.0
2026-08-03,26.2,1.3,0.007800000000000001,1619.294,1621.993,1549.739,1552.89,（无操作）,0.0,1.0669904229567115,1.0669904229567115,0.0
2026-08-04,14.3,24.2,0.1452,1569.623,1631.012,1556.112,1616.358,（无操作）,0.0,1.0669904229567115,1.0669904229567115,0.0
2026-08-05,20.9,49.7,0.2982000000000001,1615.261,1715.276,1615.261,1693.668,冲高回落企稳加1.5成,9.445096627788314e-05,0.9069418595132048,1.0669104386671346,0.14993627708224003
2026-08-06,30.7,49.1,0.3437,1651.108,1727.735,1651.108,1701.292,"开盘加仓2成(Score+31,Δ+10,隔夜确认)；冲高(+3%)防守减1.5成；冲高回落企稳加1.5成",0.00021468465657298525,0.7084300170031852,1.0736713057535523,0.34017979878304
2026-08-07,15.4,36.2,0.2172,1697.37,1747.737,1686.661,1744.024,战略上限2.2成：开盘减1.2成,0.0001372821050693831,0.8397450954644315,1.0791683814759574,0.221859063072318
2026-08-10,33.4,47.3,0.33109999999999995,1740.136,1752.931,1704.084,1737.774,"开盘加仓2成(Score+33,Δ+18,隔夜确认)",0.00020520053139360322,0.7214987031049533,1.0780908513469407,0.3307626141122242
2026-08-11,-18.3,8.9,0.0267,1713.258,1753.137,1699.915,1709.503,战略上限0.3成：开盘减3.0成；冲高(+2%)减1.5成(价格强于环境),0.0,1.0734571020090602,1.0734571020090602,0.0
2026-08-12,15.5,41.3,0.24779999999999996,1720.364,1747.945,1709.164,1736.991,（无操作）,0.0,1.0734571020090602,1.0734571020090602,0.0
2026-08-13,12.1,39.0,0.23399999999999999,1763.456,1782.782,1715.335,1717.748,（无操作）,0.0,1.0734571020090602,1.0734571020090602,0.0
2026-08-14,31.8,69.9,0.48930000000000007,1738.817,1741.347,1690.675,1717.679,"开盘加仓2成(Score+32,Δ+20,隔夜确认)",0.00012340811502167465,0.8587656816072481,1.0707412092095632,0.19797083158758647
2026-08-17,-4.9,12.2,0.061,1721.546,1788.85,1718.605,1788.85,战略上限0.6成：开盘减1.4成；冲高(+2%)减1.5成(价格强于环境),0.0,1.0724184350563555,1.0724184350563555,0.0
2026-08-18,8.0,5.7,0.028499999999999998,1786.369,1798.779,1753.971,1790.874,（无操作）,0.0,1.0724184350563555,1.0724184350563555,0.0
2026-08-19,20.0,0.2,0.0012000000000000001,1738.913,1748.523,1653.668,1667.516,（无操作）,0.0,1.0724184350563555,1.0724184350563555,0.0
2026-08-20,37.6,48.5,0.3395,1685.483,1694.364,1638.295,1652.972,"开盘加仓2成(Score+38,Δ+18,隔夜确认)",0.0001271899501578421,0.8579347480450844,1.068176174337393,0.19682280071704908
2026-08-21,-28.0,9.5,0.028499999999999998,1649.283,1675.823,1640.623,1653.555,战略上限0.3成：开盘减1.7成,1.8450228773607034e-05,1.0371876506618878,1.0676961187016296,0.028574111589767283
2026-08-24,3.5,12.9,0.0645,1651.881,1651.96,1575.275,1602.337,（无操作）,1.8450228773607034e-05,1.0371876506618878,1.066751134884303,0.027713571849746894
2026-08-25,14.2,3.6,0.0216,1584.516,1622.205,1564.765,1604.593,战略上限0.2成：开盘减0.1成,1.4537387063632237e-05,1.0433845109766628,1.0667111004972576,0.021867766736205267
2026-08-26,15.6,16.9,0.1014,1605.741,1644.72,1598.441,1632.02,（无操作）,1.4537387063632237e-05,1.0433845109766628,1.067109817412252,0.022233237899659756
2026-08-27,-6.6,2.4,0.012,1646.841,1697.029,1637.332,1693.48,战略上限0.1成：开盘减0.1成；冲高(+2%)减1.5成(价格强于环境),0.0,1.0675693356306106,1.0675693356306106,0.0
2026-08-28,19.6,32.4,0.19439999999999996,1684.723,1711.994,1661.484,1662.149,（无操作）,0.0,1.0675693356306106,1.0675693356306106,0.0
2026-08-31,-32.5,37.0,0.037,1623.201,1684.387,1620.361,1684.387,（无操作）,0.0,1.0675693356306106,1.0675693356306106,0.0
2026-09-01,1.5,4.2,0.020999999999999998,1679.895,1684.021,1646.637,1647.535,（无操作）,0.0,1.0675693356306106,1.0675693356306106,0.0
2026-09-02,-23.2,13.9,0.0417,1623.527,1635.763,1607.187,1617.597,（无操作）,0.0,1.0675693356306106,1.0675693356306106,0.0
2026-09-03,2.5,22.4,0.11200000000000002,1634.52,1636.315,1596.624,1611.165,（无操作）,0.0,1.0675693356306106,1.0675693356306106,0.0
2026-09-04,36.4,41.9,0.2933,1627.951,1637.101,1566.873,1577.361,"开盘加仓2成(Score+36,Δ+34,隔夜确认)",0.00013108942685888578,0.8540554685044885,1.0608308179440475,0.1949183092552889
