date,signal_state,open,high,close,ops,shares,cash,equity,pos
2020-01-02,无信号,1005.617,1019.91,1019.723,起始日（无信号）,0.0,1.0,1.0,0.0
2020-01-03,无信号,1021.669,1029.071,1024.482,（无操作）,0.0,1.0,1.0,0.0
2020-01-06,无信号,1019.999,1040.14,1027.277,（无操作）,0.0,1.0,1.0,0.0
2020-01-07,无信号,1025.663,1043.083,1043.083,（无操作）,0.0,1.0,1.0,0.0
2020-01-08,无信号,1035.836,1059.436,1051.16,（无操作）,0.0,1.0,1.0,0.0
2020-01-09,无信号,1060.58,1081.404,1078.312,（无操作）,0.0,1.0,1.0,0.0
2020-01-10,无信号,1082.31,1088.543,1076.438,（无操作）,0.0,1.0,1.0,0.0
2020-01-13,无信号,1076.762,1105.848,1105.848,（无操作）,0.0,1.0,1.0,0.0
2020-01-14,无信号,1107.776,1133.899,1118.306,（无操作）,0.0,1.0,1.0,0.0
2020-01-15,无信号,1113.252,1120.346,1114.766,（无操作）,0.0,1.0,1.0,0.0
2020-01-16,无信号,1116.508,1161.477,1154.303,（无操作）,0.0,1.0,1.0,0.0
2020-01-17,偏强,1159.372,1252.556,1238.664,开盘买入2成 @ 1159.372（持仓 20%）,0.00017242097443703356,0.8,1.0135716538800739,0.21071194430358803
2020-01-20,偏强,1239.439,1270.359,1240.509,开盘买入2成 @ 1239.439（持仓 41%）,0.0003358925323466062,0.5972856692239853,1.0139633786327416,0.4109396041212226
2020-01-21,偏强,1233.646,1247.841,1195.014,开盘买入2成 @ 1233.646（持仓 61%）,0.0005001952010712789,0.39449299349743694,0.9922332615104302,0.6024190996208707
2020-01-22,偏强,1178.784,1247.61,1244.525,开盘买入2成 @ 1178.784（持仓 79%）,0.0006684596825732375,0.1960463411953509,1.0279611276498093,0.8092862308484713
2020-01-23,偏强,1219.233,1262.436,1202.102,开盘买入2成 @ 1219.233（持仓 98%）,0.000829093820421335,9.797418350587783e-05,0.9967533138996335,0.9999017066889674
2020-02-03,偏强,1018.276,1082.789,1030.55,开盘买入2成 @ 1018.276（持仓 85%）,0.0008291899400222624,4.8962610447702204e-08,0.8545217416525529,0.9999999427017383
2020-02-04,偏强,1049.956,1153.232,1153.232,开盘买入2成：无空余仓位，不动,0.0008291899400222624,4.8962610447702204e-08,0.9562484218743641,0.9999999487971857
2020-02-05,偏强,1166.973,1240.368,1203.613,开盘买入2成：无空余仓位，不动,0.0008291899400222624,4.8962610447702204e-08,0.9980238402426258,0.99999995094044
2020-02-06,偏强,1191.731,1251.843,1238.757,开盘买入2成 @ 1191.731（持仓 99%）,0.0008291899810664952,2.446907068850731e-11,1.0271648934004576,0.9999999999761781
2020-02-07,偏强,1240.038,1307.757,1307.757,开盘买入2成：现金不足，不动,0.0008291899810664952,2.446907068850731e-11,1.0843790020940458,0.9999999999774349
2020-02-10,偏强,1310.526,1336.526,1322.25,开盘买入2成：现金不足，不动,0.0008291899810664952,2.446907068850731e-11,1.0963964524896423,0.9999999999776823
2020-02-11,偏强,1318.42,1318.42,1283.572,开盘买入2成：现金不足，不动,0.0008291899810664952,2.446907068850731e-11,1.0643250424019524,0.9999999999770097
2020-02-12,偏强,1274.796,1360.549,1348.702,开盘买入2成：现金不足，不动,0.0008291899810664952,2.446907068850731e-11,1.1183301858688133,0.99999999997812
2020-02-13,偏强,1360.129,1409.684,1360.709,开盘买入2成：现金不足，不动,0.0008291899810664952,2.446907068850731e-11,1.1282862699714789,0.999999999978313
2020-02-14,偏强,1359.373,1382.955,1327.224,开盘买入2成：现金不足，不动,0.0008291899810664952,2.446907068850731e-11,1.1005208434554672,0.9999999999777659
2020-02-17,偏强,1332.965,1381.553,1381.553,开盘买入2成：现金不足，不动,0.0008291899810664952,2.446907068850731e-11,1.145569905936829,0.9999999999786402
2020-02-18,中性,1381.583,1404.712,1399.384,冲高(+1%)卖出剩余50% @ 1395.399,0.0004145949905332476,0.578236102056067,1.1584136982884452,0.5008379969000625
2020-02-19,偏强,1398.781,1412.169,1373.444,开盘买入2成 @ 1398.781（持仓 70%）,0.0005801441052120996,0.346553362398378,1.1433488028373047,0.6968962039069967
2020-02-20,偏强,1377.756,1390.019,1348.338,开盘买入2成 @ 1377.756（持仓 90%）,0.0007460337713257278,0.11788360183091703,1.1237892849927062,0.8951016855159977
2020-02-21,偏强,1337.557,1373.667,1346.863,开盘买入2成 @ 1337.557（持仓 99%）,0.000834079220291927,5.891234474306173e-05,1.1234493532247887,0.9999475611921678
2020-02-24,偏强,1341.988,1359.227,1351.71,开盘买入2成 @ 1341.988（持仓 100%）,0.0008341230757336695,2.9441451645694698e-08,1.1274925321414102,0.9999999738876747
2020-02-25,中性,1312.479,1371.576,1367.368,冲高(+1%)卖出剩余50% @ 1325.604,0.00041706153786683477,0.5525819555233267,1.1228585564332247,0.5078792851001549
2020-02-26,偏强,1348.075,1361.006,1288.242,开盘买入2成 @ 1348.075（持仓 70%）,0.0005835652424425238,0.3280102442366817,1.0797834992913233,0.6962259152395279
2020-02-27,偏强,1293.187,1293.187,1264.941,开盘买入2成 @ 1293.187（持仓 90%）,0.0007504775107150393,0.112053544378417,1.0613633172598096,0.8944248943258065
2020-02-28,偏强,1206.858,1231.094,1191.055,开盘买入2成 @ 1206.858（持仓 96%）,0.0008432320641241439,5.599877280279553e-05,1.004391764908185,0.9999442460852833
2020-03-02,偏强,1202.959,1259.076,1252.624,开盘买入2成：无空余仓位，不动,0.0008432320641241439,5.599877280279553e-05,1.0563087198642445,0.9999469863575394
2020-03-03,偏强,1278.269,1332.835,1285.034,开盘买入2成：无空余仓位，不动,0.0008432320641241439,5.599877280279553e-05,1.083637871062508,0.999948323352018
2020-03-04,偏强,1268.834,1277.686,1255.723,开盘买入2成 @ 1268.834（持仓 99%）,0.0008432761540649881,2.798539370454532e-08,1.0589212899963427,0.9999999735717904
2020-03-05,偏强,1277.706,1277.706,1264.788,开盘买入2成：无空余仓位，不动,0.0008432761540649881,2.798539370454532e-08,1.066565588332942,0.999999973761207
2020-03-06,偏强,1246.096,1255.074,1243.373,开盘买入2成 @ 1246.096（持仓 99%）,0.0008432761765010037,1.398570400026834e-11,1.0485068294185682,0.9999999999866613
2020-03-09,偏强,1216.035,1223.246,1171.859,开盘买入2成：现金不足，不动,0.0008432761765010037,1.398570400026834e-11,0.9882007769322754,0.9999999999858473
2020-03-10,中性,1148.397,1216.328,1216.328,冲高(+1%)卖出剩余50% @ 1159.881,0.00042163808825050185,0.4888054698055289,1.0016556824110854,0.5120024990734088
2020-03-11,中性,1218.516,1233.426,1184.71,冲高(+1%)卖出剩余50% @ 1230.701,0.00021081904412525093,0.748130984339489,0.997890414105115,0.25028743260311254
2020-03-12,中性,1161.922,1177.36,1167.065,冲高(+1%)卖出剩余50% @ 1173.541,0.00010540952206262546,0.871771552250919,0.9947913161169369,0.1236638899766563
2020-03-13,中性,1103.956,1187.701,1175.282,冲高(+1%)卖出剩余50% @ 1114.996,5.270476103131273e-05,0.9305077440044233,0.9924507009588266,0.06241413996136931
2020-03-16,中性,1188.078,1200.464,1115.084,冲高(+1%)卖出剩余50% @ 1199.959,2.6352380515656366e-05,0.9621137034928993,0.9914988213678194,0.029637067883128705
2020-03-17,中性,1132.949,1141.388,1131.547,（无操作）,2.6352380515656366e-05,0.9621137034928993,0.9919326606082487,0.03006147322245097
2020-03-18,中性,1145.302,1173.234,1115.019,冲高(+1%)卖出剩余50% @ 1156.755,1.3176190257828183e-05,0.9773477069060045,0.9920394093910978,0.014809595612850621
2020-03-19,中性,1116.263,1133.695,1128.973,冲高(+1%)卖出剩余50% @ 1127.426,6.5880951289140915e-06,0.9847715804135697,0.9922093619355452,0.00749618155937002
2020-03-20,中性,1140.092,1148.09,1127.369,（无操作）,6.5880951289140915e-06,0.9847715804135697,0.9921987946309585,0.007485611006160566
2020-03-23,中性,1092.501,1096.4,1039.884,（无操作）,6.5880951289140915e-06,0.9847715804135697,0.9916224351286054,0.006908733074546867
2020-03-24,中性,1067.014,1071.34,1060.843,（无操作）,6.5880951289140915e-06,0.9847715804135697,0.9917605150144123,0.007046998237009918
2020-03-25,中性,1097.309,1110.099,1101.319,冲高(+1%)卖出剩余50% @ 1108.282,3.2940475644570457e-06,0.988420488965906,0.9920482861355462,0.0036568755980337367
2020-03-26,中性,1093.331,1111.484,1095.338,冲高(+1%)卖出剩余50% @ 1104.264,1.6470237822285229e-06,0.9902383291715519,0.9920423769071305,0.0018185188229590224
2020-03-27,中性,1109.542,1110.537,1084.505,（无操作）,1.6470237822285229e-06,0.9902383291715519,0.9920245346984976,0.0018005658776258182
2020-03-30,中性,1062.899,1062.899,1035.827,（无操作）,1.6470237822285229e-06,0.9902383291715519,0.9919443608748263,0.0017198864881592978
2020-03-31,中性,1048.736,1055.268,1029.749,（无操作）,1.6470237822285229e-06,0.9902383291715519,0.9919343502642779,0.0017098118361100953
2020-04-01,中性,1026.575,1060.708,1037.927,冲高(+1%)卖出剩余50% @ 1036.841,8.235118911142614e-07,0.9910917529330253,0.9919464981596339,0.0008616848067858171
2020-04-02,中性,1033.559,1094.826,1094.826,冲高(+1%)卖出剩余50% @ 1043.895,4.117559455571307e-07,0.9915213678220908,0.9919721689369413,0.0004544493575194126
2020-04-03,中性,1089.242,1095.311,1080.53,（无操作）,4.117559455571307e-07,0.9915213678220908,0.9919662824739436,0.00044851791811233583
2020-04-07,中性,1109.611,1117.789,1111.654,（无操作）,4.117559455571307e-07,0.9915213678220908,0.9919790979659932,0.00046143123866311384
2020-04-08,偏强,1104.955,1117.806,1104.145,开盘买入2成 @ 1104.955（持仓 20%）,0.00017987306546275,0.7931255482288921,0.9917314940942603,0.20026181183925512
2020-04-09,偏强,1107.474,1110.06,1101.281,开盘买入2成 @ 1107.474（持仓 40%）,0.00035888148934560095,0.5947792494100401,0.9900086148780529,0.39921810732596125
2020-04-10,偏强,1100.368,1100.368,1058.44,开盘买入2成 @ 1100.368（持仓 60%）,0.0005387329313993645,0.39677752643442954,0.966994010344773,0.5896794373183738
2020-04-13,中性,1048.206,1052.006,1042.145,（无操作）,0.0005387329313993645,0.39677752643442954,0.9582153572276203,0.585920301275054
2020-04-14,偏强,1049.212,1073.217,1073.217,开盘买入2成 @ 1049.212（持仓 79%）,0.0007212959384909969,0.20513445498890548,0.9792415182083978,0.7905169958845131
2020-04-15,偏强,1076.941,1101.674,1088.203,开盘买入2成 @ 1076.941（持仓 99%）,0.0009030611683666037,0.00928615134722588,0.992000023947269,0.990638960561437
2020-04-16,偏强,1080.873,1097.198,1091.933,开盘买入2成 @ 1080.873（持仓 99%）,0.0009116439270772496,4.64075529596486e-06,0.9954587289805383,0.9999953380736329
2020-04-17,偏强,1102.657,1129.12,1117.07,开盘买入2成：无空余仓位，不动,0.0009116439270772496,4.64075529596486e-06,1.018374722375479,0.9999954429787051
2020-04-20,偏强,1119.259,1133.361,1133.361,开盘买入2成：无空余仓位，不动,0.0009116439270772496,4.64075529596486e-06,1.0332263135914947,0.9999955084813124
2020-04-21,中性,1127.658,1127.658,1119.229,（无操作）,0.0009116439270772496,4.64075529596486e-06,1.0203429616140391,0.9999954517691888
2020-04-22,偏强,1108.683,1135.849,1135.849,开盘买入2成 @ 1108.683（持仓 99%）,0.000911648108721614,2.3192180389626743e-09,1.0354945949625545,0.99999999776028
2020-04-23,偏强,1140.801,1157.869,1149.716,开盘买入2成：无空余仓位，不动,0.000911648108721614,2.3192180389626743e-09,1.048136419286197,0.9999999977872939
2020-04-24,偏强,1148.59,1155.543,1144.153,开盘买入2成 @ 1148.590（持仓 100%）,0.0009116481107387834,1.15902950472855e-12,1.0430649208472704,0.9999999999988888
2020-04-27,中性,1140.194,1145.748,1138.1,（无操作）,0.0009116481107387834,1.15902950472855e-12,1.0375467148329685,0.9999999999988829
2020-04-28,中性,1130.615,1130.615,1113.513,（无操作）,0.0009116481107387834,1.15902950472855e-12,1.015132022734234,0.9999999999988582
2020-04-29,中性,1105.6,1125.193,1102.698,冲高(+1%)卖出剩余50% @ 1116.656,0.0004558240553693917,0.5087441670405363,1.0113804412482539,0.49698041776184615
2020-04-30,偏强,1107.426,1171.8,1166.348,开盘买入2成 @ 1107.426（持仓 70%）,0.000638387044453336,0.3064680787908855,1.051049531314945,0.7084170920018679
2020-05-06,偏强,1155.117,1252.754,1247.513,开盘买入2成 @ 1155.117（持仓 90%）,0.0008202775835381828,0.09625817252789645,1.1195651216003655,0.9140218191235719
2020-05-07,中性,1249.636,1249.636,1224.105,（无操作）,0.0008202775835381828,0.09625817252789645,1.1003640639249037,0.9125215229361892
2020-05-08,中性,1230.907,1272.625,1240.246,冲高(+1%)卖出剩余50% @ 1243.216,0.0004101387917690914,0.6058943638171858,1.1145673597536343,0.4563860510403664
2020-05-11,中性,1244.303,1268.077,1226.061,冲高(+1%)卖出剩余50% @ 1256.746,0.0002050693958845457,0.8634856528950108,1.1149132414826128,0.22551314239774686
2020-05-12,中性,1222.387,1233.639,1233.592,（无操作）,0.0002050693958845457,0.8634856528950108,1.1164576191030193,0.22658447743968144
2020-05-13,偏强,1227.722,1252.578,1247.034,开盘买入2成 @ 1227.722（持仓 43%）,0.0003868531660325736,0.6401941290744069,1.1226131801246713,0.42972865417159056
2020-05-14,中性,1241.844,1258.254,1242.169,冲高(+1%)卖出剩余50% @ 1254.262,0.0001934265830162868,0.8826805232002899,1.1229490283990478,0.2139620758577983
2020-05-15,中性,1244.741,1280.05,1270.481,冲高(+1%)卖出剩余50% @ 1257.188,9.67132915081434e-05,1.0042065589626907,1.1270789582712482,0.1090184484475013
2020-05-18,中性,1279.29,1279.29,1254.299,（无操作）,9.67132915081434e-05,1.0042065589626907,1.1255139437880635,0.10777954861855996
2020-05-19,中性,1260.221,1324.418,1324.418,冲高(+1%)卖出剩余50% @ 1272.823,4.83566457540717e-05,1.0657252453056845,1.1297696573620006,0.056688026306051714
2020-05-20,中性,1317.404,1348.577,1306.998,冲高(+1%)卖出剩余50% @ 1330.578,2.417832287703585e-05,1.097880305197166,1.129481324840806,0.027978346298106423
2020-05-21,偏强,1305.912,1309.505,1251.931,开盘买入2成 @ 1305.912（持仓 23%）,0.00019707157547102416,0.8719840402290047,1.1187040547800193,0.2205409138340251
2020-05-22,偏强,1247.605,1258.314,1230.659,开盘买入2成 @ 1247.605（持仓 42%）,0.00037631820918744476,0.6482432292730008,1.1113626202734124,0.4167131254481792
2020-05-25,偏强,1223.866,1227.559,1212.087,开盘买入2成 @ 1223.866（持仓 61%）,0.0005578425291154565,0.42597070521831837,1.1021243828062848,0.6135003345686898
2020-05-26,中性,1217.622,1272.92,1272.661,冲高(+1%)卖出剩余50% @ 1229.798,0.00027892126455772827,0.7688160714542251,1.1237882869275282,0.3158710760759111
2020-05-27,中性,1271.457,1281.205,1253.272,（无操作）,0.00027892126455772827,0.7688160714542251,1.1183802825290183,0.31256292384225143
2020-05-28,中性,1251.059,1256.218,1232.22,（无操作）,0.00027892126455772827,0.7688160714542251,1.1125084320675491,0.30893461182544607
2020-05-29,中性,1227.2,1267.427,1246.111,冲高(+1%)卖出剩余50% @ 1239.472,0.00013946063227886414,0.9415871914917675,1.1153706194414152,0.15580778704452475
2020-06-01,偏强,1257.966,1309.96,1300.741,开盘买入2成 @ 1257.966（持仓 36%）,0.00031670122746744605,0.7185130676034844,1.1304593389207176,0.36440609328817636
2020-06-02,偏强,1305.797,1312.516,1305.637,开盘买入2成 @ 1305.797（持仓 57%）,0.0004897594274364848,0.4924211998193409,1.1318692293792307,0.564948682199438
2020-06-03,偏强,1305.734,1314.144,1294.28,开盘买入2成 @ 1305.734（持仓 76%）,0.0006630418230224826,0.26604735394349477,1.1242091246450334,0.7633470960952229
2020-06-04,偏强,1295.155,1306.067,1299.803,开盘买入2成 @ 1295.155（持仓 96%）,0.0008365573174605285,0.04120552901448807,1.1285652399216355,0.9634885715447435
2020-06-05,偏强,1300.254,1307.887,1297.306,开盘买入2成 @ 1300.254（持仓 100%）,0.0008679418298292202,0.0003772873501745322,1.126363430838601,0.9996650394181443
2020-06-08,偏强,1306.497,1311.682,1280.053,开盘买入2成：无空余仓位，不动,0.0008679418298292202,0.0003772873501745322,1.1113888304485575,0.9996605262354289
2020-06-09,偏强,1277.447,1278.852,1278.507,开盘买入2成 @ 1277.447（持仓 100%）,0.0008682368795225549,1.8854940038708773e-07,1.1100471166771435,0.9999998301428854
2020-06-10,偏强,1278.074,1278.074,1269.978,开盘买入2成 @ 1278.074（持仓 100%）,0.0008682370269013391,9.422758640033064e-11,1.1026419230443365,0.9999999999145439
2020-06-11,偏强,1270.724,1294.34,1273.59,开盘买入2成：现金不足，不动,0.0008682370269013391,9.422758640033064e-11,1.105777995185504,0.9999999999147863
2020-06-12,偏强,1246.803,1268.46,1262.29,开盘买入2成：现金不足，不动,0.0008682370269013391,9.422758640033064e-11,1.095966916781519,0.9999999999140234
2020-06-15,偏强,1262.476,1271.905,1249.909,开盘买入2成：现金不足，不动,0.0008682370269013391,9.422758640033064e-11,1.0852172741514534,0.9999999999131718
2020-06-16,偏强,1259.086,1289.135,1289.135,开盘买入2成：现金不足，不动,0.0008682370269013391,9.422758640033064e-11,1.1192747397686853,0.9999999999158138
2020-06-17,偏强,1291.035,1299.777,1291.117,开盘买入2成：现金不足，不动,0.0008682370269013391,9.422758640033064e-11,1.1209955855560036,0.999999999915943
2020-06-18,偏强,1289.765,1304.486,1302.371,开盘买入2成：现金不足，不动,0.0008682370269013391,9.422758640033064e-11,1.1307667250567515,0.9999999999166693
2020-06-19,偏强,1301.021,1329.202,1325.147,开盘买入2成：现金不足，不动,0.0008682370269013391,9.422758640033064e-11,1.1505416915814564,0.9999999999181016
2020-06-22,偏强,1347.942,1380.374,1371.207,开盘买入2成：现金不足，不动,0.0008682370269013391,9.422758640033064e-11,1.190532689040532,0.9999999999208526
2020-06-23,偏强,1365.329,1407.193,1407.193,开盘买入2成：现金不足，不动,0.0008682370269013391,9.422758640033064e-11,1.2217770666906036,0.9999999999228767
2020-06-24,偏强,1408.548,1432.988,1424.277,开盘买入2成：现金不足，不动,0.0008682370269013391,9.422758640033064e-11,1.2366100280581862,0.9999999999238017
2020-06-29,偏强,1415.911,1415.911,1401.644,开盘买入2成：现金不足，不动,0.0008682370269013391,9.422758640033064e-11,1.216959219428328,0.9999999999225714
2020-06-30,偏强,1410.577,1455.666,1447.886,开盘买入2成：现金不足，不动,0.0008682370269013391,9.422758640033064e-11,1.2571082360262997,0.9999999999250442
2020-07-01,偏强,1453.252,1460.488,1439.878,开盘买入2成：现金不足，不动,0.0008682370269013391,9.422758640033064e-11,1.2501553939148737,0.9999999999246274
2020-07-02,偏强,1439.009,1452.71,1437.052,开盘买入2成：现金不足，不动,0.0008682370269013391,9.422758640033064e-11,1.2477017560768506,0.9999999999244792
2020-07-03,偏强,1435.082,1441.081,1438.585,开盘买入2成：现金不足，不动,0.0008682370269013391,9.422758640033064e-11,1.2490327634390905,0.9999999999245596
2020-07-06,中性,1445.607,1544.373,1538.402,冲高(+1%)卖出剩余50% @ 1460.063,0.00043411851345066956,0.6335234893821022,1.3013722787116393,0.5131881170780035
2020-07-07,中性,1550.296,1615.663,1572.189,冲高(+1%)卖出剩余50% @ 1565.799,0.00021705925672533478,0.973224712241785,1.3144828880135324,0.25961401162662695
2020-07-08,中性,1572.776,1607.739,1599.905,冲高(+1%)卖出剩余50% @ 1588.504,0.00010852962836266739,1.145538235105922,1.3191753301714955,0.1316254868433601
2020-07-09,中性,1596.984,1680.924,1666.85,冲高(+1%)卖出剩余50% @ 1612.954,5.4264814181333695e-05,1.2330211121963854,1.3234724177145416,0.06834392942948768
2020-07-10,中性,1653.505,1680.301,1654.827,冲高(+1%)卖出剩余50% @ 1670.040,2.7132407090666848e-05,1.2783106625874558,1.3232101024160827,0.03393220755089757
2020-07-13,中性,1647.183,1721.976,1721.976,冲高(+1%)卖出剩余50% @ 1663.655,1.3566203545333424e-05,1.3008688579003864,1.3242295348165656,0.01764095747903329
2020-07-14,偏强,1714.871,1718.911,1701.583,开盘买入2成 @ 1714.871（持仓 22%）,0.00016792973887144193,1.0360229509370733,1.321769339795158,0.2161847610282506
2020-07-15,偏强,1702.581,1702.581,1612.035,开盘买入2成 @ 1702.581（持仓 42%）,0.0003231186885193538,0.7716690829780417,1.2925477180253382,0.4029860002716631
2020-07-16,中性,1606.435,1606.435,1469.798,（无操作）,0.0003231186885193538,0.7716690829780417,1.246588285126411,0.3809751846819335
2020-07-17,中性,1475.464,1489.356,1443.397,（无操作）,0.0003231186885193538,0.7716690829780417,1.2380576286308114,0.3767098839886448
2020-07-20,中性,1459.784,1459.784,1459.034,（无操作）,0.0003231186885193538,0.7716690829780417,1.2431102355631887,0.37924323933473314
2020-07-21,偏强,1456.487,1495.057,1490.171,开盘买入2成 @ 1456.487（持仓 58%）,0.0004937331864266685,0.523047035865404,1.258793912016019,0.5844855691844594
2020-07-22,偏强,1474.015,1518.855,1497.231,开盘买入2成 @ 1474.015（持仓 78%）,0.0006644458087000128,0.2712882534622002,1.266117116067929,0.7857321016994726
2020-07-23,偏强,1487.197,1510.65,1494.139,开盘买入2成 @ 1487.197（持仓 98%）,0.0008346296342296485,0.01806483024861444,1.2651175173068672,0.9857208283013343
2020-07-24,偏强,1467.103,1467.103,1389.305,开盘买入2成 @ 1467.103（持仓 98%）,0.0008469305967101027,9.02790117372071e-06,1.176653940563503,0.9999923274797606
2020-07-27,偏强,1396.488,1398.907,1374.519,开盘买入2成：无空余仓位，不动,0.0008469305967101027,9.02790117372071e-06,1.1641312247605475,0.9999922449454308
2020-07-28,中性,1385.793,1403.547,1400.535,冲高(+1%)卖出剩余50% @ 1399.651,0.00042346529835505137,0.5924162747672163,1.1854942463989082,0.5002790805887442
2020-07-29,中性,1400.92,1476.925,1476.925,冲高(+1%)卖出剩余50% @ 1414.929,0.00021173264917752569,0.891853189327896,1.2045664322144132,0.25960647293785294
2020-07-30,偏强,1484.43,1495.233,1472.792,开盘买入2成 @ 1484.430（持仓 46%）,0.0003739450067813761,0.6509399028850134,1.20168311731257,0.45830985431436544
2020-07-31,偏强,1469.1,1512.977,1512.977,开盘买入2成 @ 1469.100（持仓 66%）,0.0005374577119783753,0.41060327942249936,1.2237644361184057,0.6644752312586641
2020-08-03,偏强,1533.227,1622.813,1622.813,开盘买入2成 @ 1533.227（持仓 87%）,0.0006970104539648602,0.16585039219881823,1.296968018028895,0.8721245320675878
2020-08-04,偏强,1620.795,1625.671,1566.055,开盘买入2成 @ 1620.795（持仓 100%）,0.0007992347735805675,8.288375422230154e-05,1.251728497093938,0.9999337845591797
2020-08-05,偏强,1592.388,1593.61,1588.622,开盘买入2成：无空余仓位，不动,0.0007992347735805675,8.288375422230154e-05,1.2697648282293306,0.9999347251141474
2020-08-06,偏强,1582.475,1583.799,1573.869,开盘买入2成 @ 1582.475（持仓 100%）,0.0007992870972713616,4.1421166527863366e-08,1.257973225916547,0.9999999670730937
2020-08-07,偏强,1561.856,1561.856,1526.804,开盘买入2成 @ 1561.856（持仓 99%）,0.0007992871237653382,2.0700233147354952e-11,1.220354777734114,0.9999999999830375
2020-08-10,偏强,1520.103,1550.954,1535.597,开盘买入2成：现金不足，不动,0.0007992871237653382,2.0700233147354952e-11,1.2273829094133824,0.9999999999831346
2020-08-11,偏强,1531.605,1536.251,1491.841,开盘买入2成：现金不足，不动,0.0007992871237653382,2.0700233147354952e-11,1.1924093020259061,0.9999999999826399
2020-08-12,偏强,1485.557,1485.557,1458.643,开盘买入2成：现金不足，不动,0.0007992871237653382,2.0700233147354952e-11,1.1658745680911446,0.9999999999822448
2020-08-13,偏强,1465.605,1481.869,1468.229,开盘买入2成：现金不足，不动,0.0007992871237653382,2.0700233147354952e-11,1.1735365344595592,0.9999999999823608
2020-08-14,偏强,1466.795,1486.096,1484.041,开盘买入2成：现金不足，不动,0.0007992871237653382,2.0700233147354952e-11,1.1861748624605366,0.9999999999825486
2020-08-17,偏强,1486.813,1500.054,1496.4,开盘买入2成：现金不足，不动,0.0007992871237653382,2.0700233147354952e-11,1.1960532520231526,0.9999999999826928
2020-08-18,偏强,1496.421,1512.509,1512.509,开盘买入2成：现金不足，不动,0.0007992871237653382,2.0700233147354952e-11,1.2089289682998883,0.9999999999828771
2020-08-19,偏强,1516.976,1516.976,1472.021,开盘买入2成：现金不足，不动,0.0007992871237653382,2.0700233147354952e-11,1.1765674312328773,0.9999999999824062
2020-08-20,偏强,1460.035,1471.221,1442.579,开盘买入2成：现金不足，不动,0.0007992871237653382,2.0700233147354952e-11,1.1530348197349782,0.9999999999820471
2020-08-21,偏强,1447.801,1466.311,1447.714,开盘买入2成：现金不足，不动,0.0007992871237653382,2.0700233147354952e-11,1.1571391591155131,0.9999999999821108
2020-08-24,偏强,1453.492,1455.719,1450.667,开盘买入2成：现金不足，不动,0.0007992871237653382,2.0700233147354952e-11,1.1594994539919923,0.9999999999821472
2020-08-25,偏强,1449.538,1455.599,1427.705,开盘买入2成：现金不足，不动,0.0007992871237653382,2.0700233147354952e-11,1.1411462230560925,0.9999999999818601
2020-08-26,偏强,1422.003,1426.8,1383.305,开盘买入2成：现金不足，不动,0.0007992871237653382,2.0700233147354952e-11,1.1056578747609116,0.9999999999812779
2020-08-27,偏强,1389.94,1426.826,1417.559,开盘买入2成：现金不足，不动,0.0007992871237653382,2.0700233147354952e-11,1.1330366558983693,0.9999999999817302
2020-08-28,偏强,1415.649,1415.996,1413.637,开盘买入2成：现金不足，不动,0.0007992871237653382,2.0700233147354952e-11,1.1299018517989616,0.9999999999816795
2020-08-31,偏强,1417.664,1441.082,1423.236,开盘买入2成：现金不足，不动,0.0007992871237653382,2.0700233147354952e-11,1.1375742088999854,0.9999999999818031
2020-09-01,偏强,1424.433,1434.23,1426.651,开盘买入2成：现金不足，不动,0.0007992871237653382,2.0700233147354952e-11,1.1403037744276439,0.9999999999818466
2020-09-02,偏强,1430.867,1433.662,1422.953,开盘买入2成：现金不足，不动,0.0007992871237653382,2.0700233147354952e-11,1.1373480106439597,0.9999999999817994
2020-09-03,偏强,1422.415,1422.415,1402.144,开盘买入2成：现金不足，不动,0.0007992871237653382,2.0700233147354952e-11,1.1207156448855267,0.9999999999815293
2020-09-04,偏强,1377.394,1392.426,1390.284,开盘买入2成：现金不足，不动,0.0007992871237653382,2.0700233147354952e-11,1.11123609959767,0.9999999999813718
2020-09-07,偏强,1387.493,1392.998,1356.699,开盘买入2成：现金不足，不动,0.0007992871237653382,2.0700233147354952e-11,1.084392041546011,0.9999999999809106
2020-09-08,偏强,1356.821,1356.821,1344.613,开盘买入2成：现金不足，不动,0.0007992871237653382,2.0700233147354952e-11,1.0747318573681832,0.9999999999807391
2020-09-09,偏强,1331.429,1331.429,1298.079,开盘买入2成：现金不足，不动,0.0007992871237653382,2.0700233147354952e-11,1.0375378303508869,0.9999999999800486
2020-09-10,中性,1309.316,1316.237,1280.189,（无操作）,0.0007992871237653382,2.0700233147354952e-11,1.023238583706725,0.9999999999797697
2020-09-11,中性,1279.841,1313.028,1312.512,冲高(+1%)卖出剩余50% @ 1292.639,0.0003996435618826691,0.5163367205539909,1.0408736912477368,0.503939118746447
2020-09-14,中性,1334.985,1371.698,1348.07,冲高(+1%)卖出剩余50% @ 1348.335,0.00019982178094133456,0.785628678250742,1.055002426484327,0.2553299797908916
2020-09-15,偏强,1348.788,1369.589,1364.603,开盘买入2成 @ 1348.788（持仓 46%）,0.0003561807030091291,0.5746281929538766,1.0606734488222431,0.45824212570613926
2020-09-16,中性,1363.319,1363.319,1349.672,（无操作）,0.0003561807030091291,0.5746281929538766,1.0553553147456138,0.45551210580449225
2020-09-17,中性,1347.454,1390.303,1383.59,冲高(+1%)卖出剩余50% @ 1360.929,0.00017809035150456455,0.8168752508940398,1.0632792803322402,0.2317397075218161
2020-09-18,偏强,1386.382,1403.899,1403.899,开盘买入2成 @ 1386.382（持仓 43%）,0.00033140277281110933,0.6042193948275917,1.0694754161743352,0.43503199261094766
2020-09-21,中性,1407.069,1409.059,1397.746,（无操作）,0.00033140277281110933,0.6042193948275917,1.0674362949132286,0.43395273544009627
2020-09-22,偏强,1389.783,1402.788,1390.086,开盘买入2成 @ 1389.783（持仓 63%）,0.00048493794247306135,0.3907321358449459,1.0648375805455539,0.6330594045668824
2020-09-23,偏强,1401.375,1438.792,1423.904,开盘买入2成 @ 1401.375（持仓 84%）,0.0006368323929708422,0.17776461973583513,1.0845528114165892,0.8360940860928222
2020-09-24,偏强,1412.157,1414.335,1394.926,开盘买入2成 @ 1412.157（持仓 99%）,0.0007625882319821825,8.88378909224552e-05,1.0638429899769004,0.9999164934188978
2020-09-25,偏强,1399.388,1399.388,1364.025,开盘买入2成：无空余仓位，不动,0.0007625882319821825,8.88378909224552e-05,1.0402782510204192,0.9999146017992442
2020-09-28,偏强,1367.462,1367.462,1338.952,开盘买入2成：无空余仓位，不动,0.0007625882319821825,8.88378909224552e-05,1.0211578762799298,0.9999130027853811
2020-09-29,中性,1345.991,1402.876,1389.963,冲高(+1%)卖出剩余50% @ 1359.451,0.00038129411599109126,0.5181802955361763,1.0481650088815013,0.5056309921191442
2020-09-30,中性,1394.863,1431.145,1418.796,冲高(+1%)卖出剩余50% @ 1408.812,0.00019064705799554563,0.7866317951693207,1.0571210784651688,0.2558735123213803
2020-10-09,中性,1446.516,1467.148,1465.959,冲高(+1%)卖出剩余50% @ 1460.981,9.532352899777281e-05,0.9258280421997953,1.0655684274458412,0.13114163449925276
2020-10-12,中性,1475.258,1490.575,1490.575,冲高(+1%)卖出剩余50% @ 1490.011,4.766176449888641e-05,0.9968090672979221,1.0678525019158496,0.06652925801125864
2020-10-13,偏强,1491.855,1498.041,1497.596,开盘买入2成 @ 1491.855（持仓 27%）,0.00019074790122056544,0.7832385669147521,1.068901860791066,0.2672493185341656
2020-10-14,偏强,1495.34,1495.34,1488.67,开盘买入2成 @ 1495.340（持仓 47%）,0.0003336408455613294,0.5694581947565389,1.0661393123183232,0.4658688708155313
2020-10-15,偏强,1489.381,1489.381,1453.789,开盘买入2成 @ 1489.381（持仓 67%）,0.0004767347226906592,0.35623033229287426,1.049302028058605,0.6605073441514607
2020-10-16,中性,1457.151,1457.922,1438.528,（无操作）,0.0004767347226906592,0.35623033229287426,1.042026579455623,0.6581370002299013
2020-10-19,偏强,1444.841,1444.841,1412.148,开盘买入2成 @ 1444.841（持仓 86%）,0.0006209036418371053,0.1478250164017497,1.0246328524147341,0.8557287949011463
2020-10-20,偏强,1413.866,1427.394,1426.181,开盘买入2成 @ 1413.866（持仓 100%）,0.0007246510701396044,0.001066712456676333,1.0345503003194474,0.9989689119452704
2020-10-21,偏强,1427.236,1427.236,1396.977,开盘买入2成 @ 1427.236（持仓 100%）,0.0007248627061622409,0.0007645068789974285,1.0133810355454063,0.9992455879356515
2020-10-22,中性,1395.131,1395.131,1376.581,（无操作）,0.0007248627061622409,0.0007645068789974285,0.9985967357905211,0.9992344188083169
2020-10-23,中性,1380.37,1387.322,1336.527,（无操作）,0.0007248627061622409,0.0007645068789974285,0.9695630849578989,0.9992114934130041
2020-10-26,偏强,1332.684,1361.0,1356.107,开盘买入2成 @ 1332.684（持仓 100%）,0.0007254357924641073,3.8206240829462106e-07,0.9837689382735314,0.9999996116339992
2020-10-27,偏强,1359.176,1386.135,1385.745,开盘买入2成：无空余仓位，不动,0.0007254357924641073,3.8206240829462106e-07,1.0052694042905828,0.99999961994028
2020-10-28,偏强,1396.56,1412.98,1406.075,开盘买入2成：无空余仓位，不动,0.0007254357924641073,3.8206240829462106e-07,1.020017513951378,0.9999996254354429
2020-10-29,偏强,1394.28,1417.593,1412.055,开盘买入2成 @ 1394.280（持仓 99%）,0.0007254360662115844,1.909357362791615e-10,1.0243556246653345,0.9999999998136041
2020-10-30,偏强,1413.511,1429.012,1393.91,开盘买入2成：现金不足，不动,0.0007254360662115844,1.909357362791615e-10,1.0111925872439254,0.9999999998111777
2020-11-02,偏强,1402.083,1406.747,1400.912,开盘买入2成：现金不足，不动,0.0007254360662115844,1.909357362791615e-10,1.0162720905795388,0.9999999998121215
2020-11-03,偏强,1403.643,1450.796,1449.007,开盘买入2成：现金不足，不动,0.0007254360662115844,1.909357362791615e-10,1.051161938183985,0.9999999998183575
2020-11-04,偏强,1454.73,1462.391,1458.896,开盘买入2成：现金不足，不动,0.0007254360662115844,1.909357362791615e-10,1.0583357754427514,0.9999999998195888
2020-11-05,偏强,1477.614,1478.908,1475.375,开盘买入2成：现金不足，不动,0.0007254360662115844,1.909357362791615e-10,1.070290236377852,0.9999999998216038
2020-11-06,偏强,1477.528,1477.528,1441.474,开盘买入2成：现金不足，不动,0.0007254360662115844,1.909357362791615e-10,1.045697228297213,0.9999999998174083
2020-11-09,偏强,1446.472,1490.903,1485.148,开盘买入2成：现金不足，不动,0.0007254360662115844,1.909357362791615e-10,1.0773799230529377,0.9999999998227778
2020-11-10,偏强,1483.656,1483.656,1441.965,开盘买入2成：现金不足，不动,0.0007254360662115844,1.909357362791615e-10,1.046053417405723,0.9999999998174705
2020-11-11,偏强,1440.779,1440.779,1395.51,开盘买入2成：现金不足，不动,0.0007254360662115844,1.909357362791615e-10,1.0123532849498638,0.9999999998113942
2020-11-12,偏强,1404.81,1420.185,1413.294,开盘买入2成：现金不足，不动,0.0007254360662115844,1.909357362791615e-10,1.0252544399513708,0.9999999998137675
2020-11-13,偏强,1406.685,1439.76,1436.887,开盘买入2成：现金不足，不动,0.0007254360662115844,1.909357362791615e-10,1.0423696530615005,0.9999999998168253
2020-11-16,偏强,1520.274,1520.274,1446.951,开盘买入2成：现金不足，不动,0.0007254360662115844,1.909357362791615e-10,1.0496704416318539,0.9999999998180994
2020-11-17,偏强,1455.231,1455.231,1430.809,开盘买入2成：现金不足，不动,0.0007254360662115844,1.909357362791615e-10,1.0379604526510666,0.9999999998160473
2020-11-18,偏强,1431.659,1440.286,1419.226,开盘买入2成：现金不足，不动,0.0007254360662115844,1.909357362791615e-10,1.0295577266961378,0.9999999998145459
2020-11-19,偏强,1415.637,1435.925,1435.925,开盘买入2成：现金不足，不动,0.0007254360662115844,1.909357362791615e-10,1.041671783565805,0.9999999998167026
2020-11-20,偏强,1433.947,1436.074,1430.72,开盘买入2成：现金不足，不动,0.0007254360662115844,1.909357362791615e-10,1.0378958888411738,0.9999999998160358
2020-11-23,偏强,1429.389,1429.389,1418.102,开盘买入2成：现金不足，不动,0.0007254360662115844,1.909357362791615e-10,1.028742336557716,0.9999999998143989
2020-11-24,偏强,1412.025,1419.234,1412.747,开盘买入2成：现金不足，不动,0.0007254360662115844,1.909357362791615e-10,1.024857626423153,0.9999999998136954
2020-11-25,偏强,1414.189,1414.189,1388.364,开盘买入2成：现金不足，不动,0.0007254360662115844,1.909357362791615e-10,1.0071693188207158,0.9999999998104234
2020-11-26,偏强,1386.214,1396.87,1385.31,开盘买入2成：现金不足，不动,0.0007254360662115844,1.909357362791615e-10,1.0049538370745057,0.9999999998100055
2020-11-27,偏强,1386.655,1396.536,1387.769,开盘买入2成：现金不足，不动,0.0007254360662115844,1.909357362791615e-10,1.00673768436132,0.9999999998103422
2020-11-30,偏强,1392.954,1395.741,1385.483,开盘买入2成：现金不足，不动,0.0007254360662115844,1.909357362791615e-10,1.0050793375139602,0.9999999998100292
2020-12-01,偏强,1386.578,1407.513,1404.238,开盘买入2成：现金不足，不动,0.0007254360662115844,1.909357362791615e-10,1.0186848909357586,0.9999999998125665
2020-12-02,偏强,1408.67,1418.215,1408.488,开盘买入2成：现金不足，不动,0.0007254360662115844,1.909357362791615e-10,1.0217679942171578,0.999999999813132
2020-12-03,偏强,1410.435,1417.029,1410.829,开盘买入2成：现金不足，不动,0.0007254360662115844,1.909357362791615e-10,1.0234662400481591,0.9999999998134421
2020-12-04,偏强,1409.592,1409.795,1404.866,开盘买入2成：现金不足，不动,0.0007254360662115844,1.909357362791615e-10,1.0191404647853395,0.9999999998126502
2020-12-07,偏强,1410.498,1416.397,1406.194,开盘买入2成：现金不足，不动,0.0007254360662115844,1.909357362791615e-10,1.0201038438812684,0.9999999998128272
2020-12-08,偏强,1405.719,1405.719,1398.73,开盘买入2成：现金不足，不动,0.0007254360662115844,1.909357362791615e-10,1.0146891890830652,0.9999999998118284
2020-12-09,偏强,1400.567,1400.567,1365.038,开盘买入2成：现金不足，不动,0.0007254360662115844,1.909357362791615e-10,0.9902477971402645,0.9999999998071839
2020-12-10,偏强,1363.003,1370.189,1360.184,开盘买入2成：现金不足，不动,0.0007254360662115844,1.909357362791615e-10,0.9867265304748734,0.9999999998064958
2020-12-11,偏强,1362.344,1362.961,1362.961,开盘买入2成：现金不足，不动,0.0007254360662115844,1.909357362791615e-10,0.988741066430743,0.99999999980689
2020-12-14,偏强,1361.607,1378.047,1375.064,开盘买入2成：现金不足，不动,0.0007254360662115844,1.909357362791615e-10,0.9975210191401018,0.9999999998085898
2020-12-15,偏强,1373.959,1377.674,1363.183,开盘买入2成：现金不足，不动,0.0007254360662115844,1.909357362791615e-10,0.9889021132374419,0.9999999998069216
2020-12-16,偏强,1357.222,1357.222,1345.133,开盘买入2成：现金不足，不动,0.0007254360662115844,1.909357362791615e-10,0.9758079922423228,0.9999999998043306
2020-12-17,偏强,1343.281,1364.428,1363.36,开盘买入2成：现金不足，不动,0.0007254360662115844,1.909357362791615e-10,0.9890305154211613,0.9999999998069465
2020-12-18,偏强,1381.482,1381.482,1361.108,开盘买入2成：现金不足，不动,0.0007254360662115844,1.909357362791615e-10,0.9873968334000529,0.9999999998066271
2020-12-21,偏强,1359.685,1389.368,1388.669,开盘买入2成：现金不足，不动,0.0007254360662115844,1.909357362791615e-10,1.0073905768209104,0.9999999998104651
2020-12-22,偏强,1383.289,1385.856,1358.619,开盘买入2成：现金不足，不动,0.0007254360662115844,1.909357362791615e-10,0.9855912230312522,0.999999999806273
2020-12-23,偏强,1359.728,1376.685,1376.595,开盘买入2成：现金不足，不动,0.0007254360662115844,1.909357362791615e-10,0.9986316617574718,0.9999999998088027
2020-12-24,偏强,1378.384,1381.917,1348.013,开盘买入2成：现金不足，不动,0.0007254360662115844,1.909357362791615e-10,0.9778972481130122,0.9999999998047487
2020-12-25,偏强,1348.472,1356.571,1349.793,开盘买入2成：现金不足，不动,0.0007254360662115844,1.909357362791615e-10,0.9791885243108688,0.9999999998050062
2020-12-28,偏强,1345.299,1348.939,1339.007,开盘买入2成：现金不足，不动,0.0007254360662115844,1.909357362791615e-10,0.9713639709007107,0.9999999998034355
2020-12-29,偏强,1338.24,1351.183,1337.47,开盘买入2成：现金不足，不动,0.0007254360662115844,1.909357362791615e-10,0.9702489756669435,0.9999999998032095
2020-12-30,偏强,1336.72,1366.992,1362.911,开盘买入2成：现金不足，不动,0.0007254360662115844,1.909357362791615e-10,0.9887047946274324,0.999999999806883
2020-12-31,偏强,1370.441,1393.121,1393.027,开盘买入2成：现金不足，不动,0.0007254360662115844,1.909357362791615e-10,1.0105520271974604,0.999999999811058
2021-01-04,偏强,1398.956,1424.135,1422.125,开盘买入2成：现金不足，不动,0.0007254360662115844,1.909357362791615e-10,1.031660765852085,0.9999999998149239
2021-01-05,偏强,1413.182,1426.216,1425.16,开盘买入2成：现金不足，不动,0.0007254360662115844,1.909357362791615e-10,1.0338624643130374,0.9999999998153181
2021-01-06,偏强,1430.068,1430.068,1415.022,开盘买入2成：现金不足，不动,0.0007254360662115844,1.909357362791615e-10,1.0265079934737842,0.9999999998139949
2021-01-07,偏强,1414.897,1414.897,1381.942,开盘买入2成：现金不足，不动,0.0007254360662115844,1.909357362791615e-10,1.0025105684035052,0.9999999998095425
2021-01-08,偏强,1382.149,1382.149,1378.74,开盘买入2成：现金不足，不动,0.0007254360662115844,1.909357362791615e-10,1.0001877221194955,0.9999999998091001
2021-01-11,偏强,1385.353,1406.528,1390.655,开盘买入2成：现金不足，不动,0.0007254360662115844,1.909357362791615e-10,1.0088312928484067,0.9999999998107357
2021-01-12,偏强,1389.467,1406.829,1405.223,开盘买入2成：现金不足，不动,0.0007254360662115844,1.909357362791615e-10,1.019399445460977,0.9999999998126978
2021-01-13,偏强,1412.073,1412.073,1407.415,开盘买入2成：现金不足，不动,0.0007254360662115844,1.909357362791615e-10,1.0209896013181128,0.9999999998129896
2021-01-14,偏强,1406.05,1476.031,1447.267,开盘买入2成：现金不足，不动,0.0007254360662115844,1.909357362791615e-10,1.049899679428777,0.9999999998181391
2021-01-15,偏强,1450.857,1464.127,1447.583,开盘买入2成：现金不足，不动,0.0007254360662115844,1.909357362791615e-10,1.0501289172256998,0.9999999998181788
2021-01-18,偏强,1443.82,1496.322,1481.249,开盘买入2成：现金不足，不动,0.0007254360662115844,1.909357362791615e-10,1.074551447830779,0.9999999998223112
2021-01-19,偏强,1485.463,1485.463,1443.921,开盘买入2成：现金不足，不动,0.0007254360662115844,1.909357362791615e-10,1.047472370351233,0.9999999998177177
2021-01-20,偏强,1450.718,1481.453,1481.453,开盘买入2成：现金不足，不动,0.0007254360662115844,1.909357362791615e-10,1.074699436788286,0.9999999998223357
2021-01-21,偏强,1485.65,1491.019,1482.285,开盘买入2成：现金不足，不动,0.0007254360662115844,1.909357362791615e-10,1.075302999595374,0.9999999998224355
2021-01-22,偏强,1482.646,1487.615,1486.308,开盘买入2成：现金不足，不动,0.0007254360662115844,1.909357362791615e-10,1.0782214288897431,0.9999999998229161
2021-01-25,偏强,1481.738,1512.114,1498.595,开盘买入2成：现金不足，不动,0.0007254360662115844,1.909357362791615e-10,1.087134861835285,0.9999999998243679
2021-01-26,偏强,1497.999,1506.611,1478.451,开盘买入2成：现金不足，不动,0.0007254360662115844,1.909357362791615e-10,1.0725216777175188,0.999999999821975
2021-01-27,偏强,1481.486,1481.486,1458.372,开盘买入2成：现金不足，不动,0.0007254360662115844,1.909357362791615e-10,1.0579556469440565,0.9999999998195239
2021-01-28,偏强,1441.398,1458.746,1421.587,开盘买入2成：现金不足，不动,0.0007254360662115844,1.909357362791615e-10,1.0312704812484632,0.9999999998148539
2021-01-29,偏强,1435.284,1438.293,1421.962,开盘买入2成：现金不足，不动,0.0007254360662115844,1.909357362791615e-10,1.0315425197732926,0.9999999998149027
2021-02-01,偏强,1419.18,1438.13,1421.481,开盘买入2成：现金不足，不动,0.0007254360662115844,1.909357362791615e-10,1.0311935850254448,0.9999999998148401
2021-02-02,中性,1419.711,1438.059,1438.059,冲高(+1%)卖出剩余50% @ 1433.908,0.0003627180331057922,0.5198442773399229,1.0414542093100052,0.500847687115946
2021-02-03,中性,1436.004,1439.92,1410.147,（无操作）,0.0003627180331057922,0.5198442773399229,1.0313300235699563,0.4959476933091911
2021-02-04,偏强,1402.089,1403.838,1394.097,开盘买入2成 @ 1402.089（持仓 69%）,0.0005097578595735593,0.31357827262593163,1.0242301753838519,0.693840036973709
2021-02-05,偏强,1396.125,1404.869,1368.8,开盘买入2成 @ 1396.125（持仓 89%）,0.0006564092434003283,0.10873223754916125,1.0072252099155306,0.8920477401888303
2021-02-08,偏强,1371.754,1392.489,1382.482,开盘买入2成 @ 1371.754（持仓 100%）,0.000734221908591604,0.0019390329050044952,1.0169876055385423,0.9980933564043019
2021-02-09,偏强,1389.065,1427.682,1427.682,开盘买入2成：无空余仓位，不动,0.000734221908591604,0.0019390329050044952,1.050174435806883,0.9981536087349959
2021-02-10,偏强,1424.774,1438.386,1437.025,开盘买入2成 @ 1424.774（持仓 100%）,0.0007355814893569782,9.690319365336826e-07,1.0570499587751483,0.9999990832676087
2021-02-18,偏强,1457.797,1457.797,1429.74,开盘买入2成：无空余仓位，不动,0.0007355814893569782,9.690319365336826e-07,1.0516912476251825,0.999999078596557
2021-02-19,偏强,1426.101,1428.157,1427.907,开盘买入2成 @ 1426.101（持仓 100%）,0.0007355821681754006,4.842738313512478e-10,1.0503429274971054,0.9999999995389375
2021-02-22,偏强,1431.558,1436.416,1389.916,开盘买入2成：现金不足，不动,0.0007355821681754006,4.842738313512478e-10,1.0223974253459538,0.9999999995263351
2021-02-23,偏强,1371.627,1400.285,1390.527,开盘买入2成：现金不足，不动,0.0007355821681754006,4.842738313512478e-10,1.022846866050709,0.9999999995265433
2021-02-24,偏强,1393.719,1393.719,1365.637,开盘买入2成：现金不足，不动,0.0007355821681754006,4.842738313512478e-10,1.0045382258848232,0.9999999995179141
2021-02-25,偏强,1373.844,1373.844,1349.711,开盘买入2成：现金不足，不动,0.0007355821681754006,4.842738313512478e-10,0.992823344274462,0.9999999995122255
2021-02-26,偏强,1319.89,1340.376,1325.587,开盘买入2成：现金不足，不动,0.0007355821681754006,4.842738313512478e-10,0.9750781600493986,0.9999999995033487
2021-03-01,偏强,1339.994,1358.41,1358.141,开盘买入2成：现金不足，不动,0.0007355821681754006,4.842738313512478e-10,0.9990243019521806,0.9999999995152532
2021-03-02,偏强,1373.032,1373.032,1352.044,开盘买入2成：现金不足，不动,0.0007355821681754006,4.842738313512478e-10,0.9945394574728152,0.9999999995130673
2021-03-03,偏强,1350.007,1359.398,1359.398,开盘买入2成：现金不足，不动,0.0007355821681754006,4.842738313512478e-10,0.999948928737577,0.9999999995157014
2021-03-04,偏强,1358.283,1358.283,1324.158,开盘买入2成：现金不足，不动,0.0007355821681754006,4.842738313512478e-10,0.9740270131310759,0.9999999995028127
2021-03-05,偏强,1307.064,1335.957,1329.839,开盘买入2成：现金不足，不动,0.0007355821681754006,4.842738313512478e-10,0.9782058554284804,0.9999999995049367
2021-03-08,偏强,1337.021,1337.021,1275.456,开盘买入2成：现金不足，不动,0.0007355821681754006,4.842738313512478e-10,0.9382026903765975,0.9999999994838281
2021-03-09,偏强,1275.323,1275.323,1230.137,开盘买入2成：现金不足，不动,0.0007355821681754006,4.842738313512478e-10,0.9048668420970566,0.999999999464812
2021-03-10,偏强,1251.183,1251.183,1232.735,开盘买入2成：现金不足，不动,0.0007355821681754006,4.842738313512478e-10,0.9067778845699762,0.99999999946594
2021-03-11,偏强,1241.103,1272.576,1267.301,开盘买入2成：现金不足，不动,0.0007355821681754006,4.842738313512478e-10,0.9322040177951272,0.9999999994805066
2021-03-12,偏强,1268.442,1268.442,1261.325,开盘买入2成：现金不足，不动,0.0007355821681754006,4.842738313512478e-10,0.9278081787581111,0.9999999994780453
2021-03-15,偏强,1254.675,1254.675,1223.39,开盘买入2成：现金不足，不动,0.0007355821681754006,4.842738313512478e-10,0.8999038692083773,0.9999999994618605
2021-03-16,偏强,1223.796,1230.5,1220.367,开盘买入2成：现金不足，不动,0.0007355821681754006,4.842738313512478e-10,0.897680204313983,0.9999999994605274
2021-03-17,偏强,1220.446,1237.353,1236.541,开盘买入2成：现金不足，不动,0.0007355821681754006,4.842738313512478e-10,0.9095775103020518,0.9999999994675838
2021-03-18,偏强,1241.563,1251.505,1241.31,开盘买入2成：现金不足，不动,0.0007355821681754006,4.842738313512478e-10,0.9130855016620804,0.9999999994696293
2021-03-19,偏强,1226.414,1241.077,1231.292,开盘买入2成：现金不足，不动,0.0007355821681754006,4.842738313512478e-10,0.9057164395012992,0.999999999465314
2021-03-22,偏强,1229.467,1246.83,1242.756,开盘买入2成：现金不足，不动,0.0007355821681754006,4.842738313512478e-10,0.9141491534772621,0.9999999994702463
2021-03-23,偏强,1246.361,1252.634,1236.474,开盘买入2成：现金不足，不动,0.0007355821681754006,4.842738313512478e-10,0.9095282262967841,0.9999999994675549
2021-03-24,偏强,1228.605,1243.542,1221.447,开盘买入2成：现金不足，不动,0.0007355821681754006,4.842738313512478e-10,0.8984746330556123,0.9999999994610045
2021-03-25,偏强,1212.83,1230.788,1219.71,开盘买入2成：现金不足，不动,0.0007355821681754006,4.842738313512478e-10,0.8971969268294917,0.9999999994602369
2021-03-26,偏强,1224.644,1257.841,1256.664,开盘买入2成：现金不足，不动,0.0007355821681754006,4.842738313512478e-10,0.9243796302722455,0.9999999994761094
2021-03-29,偏强,1262.291,1262.291,1250.77,开盘买入2成：现金不足，不动,0.0007355821681754006,4.842738313512478e-10,0.9200441089730197,0.9999999994736406
2021-03-30,偏强,1250.282,1257.29,1248.342,开盘买入2成：现金不足，不动,0.0007355821681754006,4.842738313512478e-10,0.9182581154686899,0.9999999994726169
2021-03-31,偏强,1248.161,1252.736,1248.332,开盘买入2成：现金不足，不动,0.0007355821681754006,4.842738313512478e-10,0.9182507596470081,0.9999999994726126
2021-04-01,偏强,1250.998,1269.5,1266.745,开盘买入2成：现金不足，不动,0.0007355821681754006,4.842738313512478e-10,0.9317950341096216,0.9999999994802786
2021-04-02,偏强,1276.034,1301.837,1299.92,开盘买入2成：现金不足，不动,0.0007355821681754006,4.842738313512478e-10,0.9561979725388406,0.9999999994935422
2021-04-06,偏强,1304.642,1304.642,1296.62,开盘买入2成：现金不足，不动,0.0007355821681754006,4.842738313512478e-10,0.9537705513838617,0.9999999994922533
2021-04-07,偏强,1296.817,1300.316,1298.785,开盘买入2成：现金不足，不动,0.0007355821681754006,4.842738313512478e-10,0.9553630867779616,0.9999999994930997
2021-04-08,偏强,1293.641,1303.075,1291.857,开盘买入2成：现金不足，不动,0.0007355821681754006,4.842738313512478e-10,0.9502669735168423,0.9999999994903813
2021-04-09,偏强,1290.315,1294.004,1271.443,开盘买入2成：现金不足，不动,0.0007355821681754006,4.842738313512478e-10,0.9352507991357097,0.999999999482199
2021-04-12,偏强,1269.017,1278.235,1243.496,开盘买入2成：现金不足，不动,0.0007355821681754006,4.842738313512478e-10,0.9146934842817118,0.9999999994705616
2021-04-13,偏强,1242.758,1257.906,1241.398,开盘买入2成：现金不足，不动,0.0007355821681754006,4.842738313512478e-10,0.9131502328928798,0.9999999994696669
2021-04-14,强势,1243.245,1256.672,1254.71,开盘买入4成：现金不足，不动,0.0007355821681754006,4.842738313512478e-10,0.9229423027156308,0.9999999994752935
2021-04-15,偏强,1250.359,1264.158,1264.158,开盘买入2成：现金不足，不动,0.0007355821681754006,4.842738313512478e-10,0.9298920830405518,0.999999999479215
2021-04-16,偏强,1265.15,1279.063,1274.702,开盘买入2成：现金不足，不动,0.0007355821681754006,4.842738313512478e-10,0.9376480614217934,0.9999999994835228
2021-04-19,偏强,1273.08,1300.06,1299.007,开盘买入2成：现金不足，不动,0.0007355821681754006,4.842738313512478e-10,0.9555263860192965,0.9999999994931863
2021-04-20,偏强,1295.611,1303.031,1290.503,开盘买入2成：现金不足，不动,0.0007355821681754006,4.842738313512478e-10,0.9492709952611328,0.9999999994898466
2021-04-21,偏强,1285.312,1290.001,1286.855,开盘买入2成：现金不足，不动,0.0007355821681754006,4.842738313512478e-10,0.946587591511629,0.9999999994884003
2021-04-22,偏强,1288.583,1307.364,1305.181,开盘买入2成：现金不足，不动,0.0007355821681754006,4.842738313512478e-10,0.9600678703256115,0.9999999994955837
2021-04-23,偏强,1303.293,1316.883,1311.827,开盘买入2成：现金不足，不动,0.0007355821681754006,4.842738313512478e-10,0.9649565494153051,0.9999999994981392
2021-04-26,偏强,1315.515,1334.808,1314.907,开盘买入2成：现金不足，不动,0.0007355821681754006,4.842738313512478e-10,0.9672221424932853,0.9999999994993147
2021-04-27,偏强,1310.659,1315.706,1311.913,开盘买入2成：现金不足，不动,0.0007355821681754006,4.842738313512478e-10,0.9650198094817682,0.9999999994981721
2021-04-28,偏强,1318.548,1325.463,1324.236,开盘买入2成：现金不足，不动,0.0007355821681754006,4.842738313512478e-10,0.9740843885401937,0.999999999502842
2021-04-29,偏强,1320.888,1334.042,1324.055,开盘买入2成：现金不足，不动,0.0007355821681754006,4.842738313512478e-10,0.9739512481677539,0.9999999995027741
2021-04-30,偏强,1319.008,1326.769,1322.24,开盘买入2成：现金不足，不动,0.0007355821681754006,4.842738313512478e-10,0.9726161665325156,0.9999999995020915
2021-05-06,偏强,1321.214,1321.214,1310.125,开盘买入2成：现金不足，不动,0.0007355821681754006,4.842738313512478e-10,0.9637045885650706,0.9999999994974873
2021-05-07,偏强,1311.657,1311.657,1263.897,开盘买入2成：现金不足，不动,0.0007355821681754006,4.842738313512478e-10,0.9297000960946581,0.9999999994791074
2021-05-10,强势,1262.484,1264.897,1254.486,开盘买入4成：现金不足，不动,0.0007355821681754006,4.842738313512478e-10,0.9227775323099595,0.9999999994751998
2021-05-11,强势,1243.809,1260.425,1258.107,开盘买入4成：现金不足，不动,0.0007355821681754006,4.842738313512478e-10,0.9254410753409226,0.9999999994767103
2021-05-12,强势,1254.738,1272.687,1270.908,开盘买入4成：现金不足，不动,0.0007355821681754006,4.842738313512478e-10,0.9348572626757358,0.9999999994819809
2021-05-13,强势,1257.867,1286.376,1275.477,开盘买入4成：现金不足，不动,0.0007355821681754006,4.842738313512478e-10,0.9382181376021294,0.9999999994838367
2021-05-14,偏强,1277.969,1300.535,1300.535,开盘买入2成：现金不足，不动,0.0007355821681754006,4.842738313512478e-10,0.9566503555722685,0.9999999994937818
2021-05-17,偏强,1303.083,1338.078,1328.917,开盘买入2成：现金不足，不动,0.0007355821681754006,4.842738313512478e-10,0.9775276486694227,0.9999999995045932
2021-05-18,中性,1330.472,1330.472,1321.641,（无操作）,0.0007355821681754006,4.842738313512478e-10,0.9721755528137785,0.9999999995018658
2021-05-19,偏强,1320.68,1333.53,1326.143,开盘买入2成：现金不足，不动,0.0007355821681754006,4.842738313512478e-10,0.9754871437349042,0.9999999995035569
2021-05-20,偏强,1322.046,1337.618,1329.791,开盘买入2成：现金不足，不动,0.0007355821681754006,4.842738313512478e-10,0.9781705474844079,0.9999999995049188
2021-05-21,偏强,1334.601,1336.13,1315.207,开盘买入2成：现金不足，不动,0.0007355821681754006,4.842738313512478e-10,0.967442817143738,0.999999999499429
2021-05-24,偏强,1314.792,1332.168,1330.872,开盘买入2成：现金不足，不动,0.0007355821681754006,4.842738313512478e-10,0.9789657118082057,0.9999999995053209
2021-05-25,偏强,1329.676,1370.975,1370.121,开盘买入2成：现金不足，不动,0.0007355821681754006,4.842738313512478e-10,1.007836576326922,0.9999999995194918
2021-05-26,偏强,1371.782,1371.782,1364.037,开盘买入2成：现金不足，不动,0.0007355821681754006,4.842738313512478e-10,1.0033612944157426,0.9999999995173486
2021-05-27,偏强,1362.947,1397.769,1397.769,开盘买入2成：现金不足，不动,0.0007355821681754006,4.842738313512478e-10,1.0281739521126352,0.9999999995289963
2021-05-28,偏强,1395.427,1411.047,1386.039,开盘买入2成：现金不足，不动,0.0007355821681754006,4.842738313512478e-10,1.0195455732799379,0.9999999995250102
2021-05-31,偏强,1398.193,1442.668,1442.668,开盘买入2成：现金不足，不动,0.0007355821681754006,4.842738313512478e-10,1.0612008558815424,0.9999999995436549
2021-06-01,偏强,1437.317,1464.957,1460.543,开盘买入2成：现金不足，不动,0.0007355821681754006,4.842738313512478e-10,1.0743493871376777,0.99999999954924
2021-06-02,偏强,1461.736,1461.736,1426.847,开盘买入2成：现金不足，不动,0.0007355821681754006,4.842738313512478e-10,1.0495632103988395,0.999999999538595
2021-06-03,偏强,1425.796,1438.319,1414.534,开盘买入2成：现金不足，不动,0.0007355821681754006,4.842738313512478e-10,1.0405059871620959,0.9999999995345786
2021-06-04,偏强,1406.315,1442.599,1431.522,开盘买入2成：现金不足，不动,0.0007355821681754006,4.842738313512478e-10,1.0530020570350596,0.9999999995401018
2021-06-07,偏强,1443.862,1448.144,1433.565,开盘买入2成：现金不足，不动,0.0007355821681754006,4.842738313512478e-10,1.054504851404642,0.9999999995407572
2021-06-08,偏强,1443.745,1443.745,1419.075,开盘买入2成：现金不足，不动,0.0007355821681754006,4.842738313512478e-10,1.0438462657877803,0.999999999536068
2021-06-09,偏强,1420.306,1440.59,1427.321,开盘买入2成：现金不足，不动,0.0007355821681754006,4.842738313512478e-10,1.0499118763465547,0.9999999995387482
2021-06-10,偏强,1427.871,1454.196,1450.404,开盘买入2成：现金不足，不动,0.0007355821681754006,4.842738313512478e-10,1.0668913195345475,0.999999999546089
2021-06-11,偏强,1453.6,1453.6,1436.276,开盘买入2成：现金不足，不动,0.0007355821681754006,4.842738313512478e-10,1.0564990146625655,0.9999999995416241
2021-06-15,偏强,1442.087,1466.275,1448.2,开盘买入2成：现金不足，不动,0.0007355821681754006,4.842738313512478e-10,1.065270096435889,0.9999999995453982
2021-06-16,偏强,1452.946,1452.946,1406.47,开盘买入2成：现金不足，不动,0.0007355821681754006,4.842738313512478e-10,1.0345742525579296,0.9999999995319101
2021-06-17,偏强,1409.047,1474.293,1473.512,开盘买入2成：现金不足，不动,0.0007355821681754006,4.842738313512478e-10,1.0838891522767446,0.9999999995532073
2021-06-18,偏强,1475.209,1499.432,1494.701,开盘买入2成：现金不足，不动,0.0007355821681754006,4.842738313512478e-10,1.0994754028382132,0.9999999995595411
2021-06-21,偏强,1485.66,1528.127,1528.127,开盘买入2成：现金不足，不动,0.0007355821681754006,4.842738313512478e-10,1.1240629723916442,0.9999999995691756
2021-06-22,偏强,1531.52,1531.52,1523.363,开盘买入2成：现金不足，不动,0.0007355821681754006,4.842738313512478e-10,1.1205586589424565,0.9999999995678283
2021-06-23,偏强,1530.636,1551.081,1534.301,开盘买入2成：现金不足，不动,0.0007355821681754006,4.842738313512478e-10,1.128604456697959,0.9999999995709092
2021-06-24,偏强,1531.238,1534.458,1504.808,开盘买入2成：现金不足，不动,0.0007355821681754006,4.842738313512478e-10,1.106909931811962,0.9999999995624994
2021-06-25,偏强,1505.287,1534.988,1534.85,开盘买入2成：现金不足，不动,0.0007355821681754006,4.842738313512478e-10,1.1290082913082873,0.9999999995710628
2021-06-28,偏强,1538.019,1578.69,1562.98,开盘买入2成：现金不足，不动,0.0007355821681754006,4.842738313512478e-10,1.1497002176990614,0.9999999995787826
2021-06-29,偏强,1567.883,1575.502,1562.078,开盘买入2成：现金不足，不动,0.0007355821681754006,4.842738313512478e-10,1.149036722583367,0.9999999995785394
2021-06-30,偏强,1564.317,1599.913,1588.217,开盘买入2成：现金不足，不动,0.0007355821681754006,4.842738313512478e-10,1.1682641048773041,0.9999999995854758
2021-07-01,偏强,1587.527,1591.074,1579.804,开盘买入2成：现金不足，不动,0.0007355821681754006,4.842738313512478e-10,1.1620756520964444,0.9999999995832684
2021-07-02,偏强,1563.828,1563.828,1538.158,开盘买入2成：现金不足，不动,0.0007355821681754006,4.842738313512478e-10,1.1314415971206115,0.9999999995719853
2021-07-05,偏强,1545.679,1578.579,1575.894,开盘买入2成：现金不足，不动,0.0007355821681754006,4.842738313512478e-10,1.1591995258188785,0.9999999995822344
2021-07-06,偏强,1580.284,1581.986,1532.792,开盘买入2成：现金不足，不动,0.0007355821681754006,4.842738313512478e-10,1.1274944632061823,0.9999999995704868
2021-07-07,偏强,1523.827,1571.35,1570.028,开盘买入2成：现金不足，不动,0.0007355821681754006,4.842738313512478e-10,1.1548846008203617,0.9999999995806735
2021-07-08,偏强,1577.497,1613.605,1610.775,开盘买入2成：现金不足，不动,0.0007355821681754006,4.842738313512478e-10,1.1848573674270046,0.9999999995912809
2021-07-09,偏强,1598.281,1598.281,1583.714,开盘买入2成：现金不足，不动,0.0007355821681754006,4.842738313512478e-10,1.1649517783740102,0.9999999995842972
2021-07-12,偏强,1593.574,1608.622,1601.606,开盘买入2成：现金不足，不动,0.0007355821681754006,4.842738313512478e-10,1.1781128145270043,0.9999999995889411
2021-07-13,偏强,1602.119,1620.032,1590.977,开盘买入2成：现金不足，不动,0.0007355821681754006,4.842738313512478e-10,1.1702943116614681,0.9999999995861949
2021-07-14,偏强,1579.033,1583.933,1556.72,开盘买入2成：现金不足，不动,0.0007355821681754006,4.842738313512478e-10,1.1450954733262835,0.9999999995770887
2021-07-15,偏强,1549.277,1565.624,1560.704,开盘买入2成：现金不足，不动,0.0007355821681754006,4.842738313512478e-10,1.1480260326842942,0.9999999995781683
2021-07-16,偏强,1568.171,1568.171,1525.234,开盘买入2成：现金不足，不动,0.0007355821681754006,4.842738313512478e-10,1.1219349331791126,0.9999999995683585
2021-07-19,偏强,1514.83,1525.386,1514.181,开盘买入2成：现金不足，不动,0.0007355821681754006,4.842738313512478e-10,1.11380454347427,0.9999999995652076
2021-07-20,偏强,1505.078,1525.139,1522.627,开盘买入2成：现金不足，不动,0.0007355821681754006,4.842738313512478e-10,1.1200172704666793,0.9999999995676194
2021-07-21,偏强,1528.598,1573.02,1565.638,开盘买入2成：现金不足，不动,0.0007355821681754006,4.842738313512478e-10,1.1516553951020716,0.9999999995794977
2021-07-22,偏强,1570.488,1583.155,1582.132,开盘买入2成：现金不足，不动,0.0007355821681754006,4.842738313512478e-10,1.1637880873839568,0.9999999995838815
2021-07-23,偏强,1593.314,1593.314,1563.49,开盘买入2成：现金不足，不动,0.0007355821681754006,4.842738313512478e-10,1.150075364604831,0.99999999957892
2021-07-26,偏强,1559.836,1562.096,1556.979,开盘买入2成：现金不足，不动,0.0007355821681754006,4.842738313512478e-10,1.1452859891078409,0.9999999995771591
2021-07-27,偏强,1556.933,1622.16,1545.289,开盘买入2成：现金不足，不动,0.0007355821681754006,4.842738313512478e-10,1.1366870335618704,0.9999999995739604
2021-07-28,偏强,1532.42,1547.378,1518.703,开盘买入2成：现金不足，不动,0.0007355821681754006,4.842738313512478e-10,1.1171308460387592,0.9999999995665022
2021-07-29,中性,1554.134,1597.026,1588.465,冲高(+1%)卖出剩余50% @ 1569.675,0.0003677910840877003,0.5770239391511213,1.1612472035364902,0.5030998245732358
2021-07-30,偏强,1582.575,1607.554,1591.219,开盘买入2成 @ 1582.575（持仓 70%）,0.0005144718884857781,0.3447744984438232,1.1634119423682745,0.7036522611741544
2021-08-02,中性,1594.033,1613.485,1599.474,冲高(+1%)卖出剩余50% @ 1609.973,0.00025723594424288904,0.7587104366873674,1.170152641369318,0.3516141314696168
2021-08-03,偏强,1586.35,1589.427,1564.193,开盘买入2成 @ 1586.350（持仓 55%）,0.00040468989292263786,0.5246799084135038,1.1576930060938433,0.5467883923875301
2021-08-04,偏强,1566.446,1607.217,1605.894,开盘买入2成 @ 1566.446（持仓 75%）,0.0005524274400668623,0.2931413071947351,1.1802812186334688,0.7516343541125441
2021-08-05,偏强,1606.651,1612.693,1604.807,开盘买入2成 @ 1606.651（持仓 95%）,0.0006992784205158826,0.057085063468041264,1.1792919676608735,0.9515937825123412
2021-08-06,偏强,1630.303,1630.303,1586.673,开盘买入2成 @ 1630.303（持仓 100%）,0.0007233455065344325,0.017828802609472783,1.1655415874989805,0.9847034178782673
2021-08-09,偏强,1567.442,1579.807,1574.438,开盘买入2成 @ 1567.442（持仓 99%）,0.0007347085982274945,8.909946331570051e-06,1.1567620459224317,0.9999922975115211
2021-08-10,偏强,1574.012,1588.195,1588.195,开盘买入2成 @ 1574.012（持仓 100%）,0.0007347142532308002,4.452746792388336e-09,1.1668695078626374,0.9999999961840234
2021-08-11,中性,1589.427,1592.804,1578.789,（无操作）,0.0007347142532308002,4.452746792388336e-09,1.1599587855967486,0.9999999961612888
2021-08-12,偏强,1572.146,1599.761,1586.501,开盘买入2成 @ 1572.146（持仓 100%）,0.0007347142560602431,2.2252607658115455e-12,1.1656249019560572,0.9999999999980909
2021-08-13,偏强,1580.125,1583.808,1552.781,开盘买入2成：现金不足，不动,0.0007347142560602431,2.2252607658115455e-12,1.1408503372417056,0.9999999999980494
2021-08-16,偏强,1547.395,1563.248,1547.931,开盘买入2成：现金不足，不动,0.0007347142560602431,2.2252607658115455e-12,1.1372869730998136,0.9999999999980433
2021-08-17,中性,1544.402,1548.521,1509.247,（无操作）,0.0007347142560602431,2.2252607658115455e-12,1.1088652868183793,0.9999999999979932
2021-08-18,中性,1514.459,1527.333,1507.989,（无操作）,0.0007347142560602431,2.2252607658115455e-12,1.1079410162842553,0.9999999999979915
2021-08-19,中性,1509.719,1550.824,1546.11,冲高(+1%)卖出剩余50% @ 1524.816,0.00036735712803012157,0.5598720202862913,1.1278465495049426,0.5035920262982213
2021-08-20,偏强,1537.912,1550.396,1529.086,开盘买入2成 @ 1537.912（持仓 70%）,0.0005139562712907135,0.3343027103853028,1.1201860494281348,0.7015650118514085
2021-08-23,中性,1534.391,1566.348,1564.111,冲高(+1%)卖出剩余50% @ 1549.735,0.00025697813564535675,0.7323515743076694,1.134293903030064,0.35435465856660014
2021-08-24,中性,1567.7,1585.13,1578.031,冲高(+1%)卖出剩余50% @ 1583.377,0.00012848906782267838,0.9356964857321675,1.1384562179174564,0.1781005971017412
2021-08-25,中性,1573.742,1573.742,1542.776,（无操作）,0.00012848906782267838,0.9356964857321675,1.1339263358313678,0.17481722033897648
2021-08-26,中性,1546.324,1546.324,1497.338,（无操作）,0.00012848906782267838,0.9356964857321675,1.128088049567641,0.1705465844702556
2021-08-27,偏强,1491.341,1503.68,1480.314,开盘买入2成 @ 1491.341（持仓 37%）,0.00027969852125069104,0.7100788758186393,1.1241205126053346,0.3683249546145953
2021-08-30,偏强,1487.897,1505.335,1471.455,开盘买入2成 @ 1487.897（持仓 57%）,0.00043072493413259284,0.48525477329757233,1.1190471312516468,0.566367885904128
2021-08-31,偏强,1463.13,1463.13,1441.174,开盘买入2成 @ 1463.130（持仓 76%）,0.0005836146824540671,0.2614453470472429,1.1025356534183006,0.7628690317300324
2021-09-01,偏强,1437.264,1437.264,1424.664,开盘买入2成 @ 1437.264（持仓 96%）,0.0007369594626875881,0.040938216363582774,1.0908578323139329,0.9624715383151767
2021-09-02,偏强,1416.158,1421.877,1399.482,开盘买入2成 @ 1416.158（持仓 99%）,0.0007658385205543129,2.0458878742420084e-05,1.0717976833011333,0.9999809116225373
2021-09-03,强势,1399.465,1414.139,1400.89,开盘买入4成 @ 1399.465（持仓 100%）,0.0007658531250175882,1.0224327207605414e-08,1.0728759945302164,0.9999999904701687
2021-09-06,偏强,1398.243,1441.253,1438.995,开盘买入2成 @ 1398.243（持仓 100%）,0.0007658531323225492,5.1096087994010205e-12,1.1020588281515964,0.9999999999953635
2021-09-07,偏强,1435.734,1440.23,1438.569,开盘买入2成：现金不足，不动,0.0007658531323225492,5.1096087994010205e-12,1.101732574717227,0.9999999999953622
2021-09-08,偏强,1439.664,1439.664,1412.723,开盘买入2成：现金不足，不动,0.0007658531323225492,5.1096087994010205e-12,1.0819383346592184,0.9999999999952773
2021-09-09,偏强,1414.073,1423.907,1402.191,开盘买入2成：现金不足，不动,0.0007658531323225492,5.1096087994010205e-12,1.0738723694695973,0.9999999999952418
2021-09-10,偏强,1398.332,1428.43,1426.814,开盘买入2成：现金不足，不动,0.0007658531323225492,5.1096087994010205e-12,1.0927299711467755,0.999999999995324
2021-09-13,偏强,1426.54,1426.54,1384.434,开盘买入2成：现金不足，不动,0.0007658531323225492,5.1096087994010205e-12,1.0602731153989458,0.9999999999951807
2021-09-14,中性,1384.283,1412.409,1396.669,冲高(+1%)卖出剩余50% @ 1398.126,0.0003829265661612746,0.5351118333868199,1.0699334976207213,0.4998643985100177
2021-09-15,偏强,1395.611,1395.611,1384.521,开盘买入2成 @ 1395.611（持仓 70%）,0.0005361782671326214,0.3211251338626756,1.0634752044513998,0.6980417291173892
2021-09-16,偏强,1378.177,1378.177,1351.425,开盘买入2成 @ 1378.177（持仓 89%）,0.000690431854674005,0.10843009297239567,1.0414969621752128,0.8958901495536438
2021-09-17,偏强,1349.342,1360.82,1349.685,开盘买入2成 @ 1349.342（持仓 100%）,0.0007707093114994887,5.418795250994313e-05,1.0402689850436975,0.9999479096721241
2021-09-22,偏强,1338.014,1360.071,1355.281,开盘买入2成 @ 1338.014（持仓 99%）,0.0007707497698244176,2.7080436036959325e-08,1.0445825458778426,0.9999999740753508
2021-09-23,偏强,1359.672,1376.046,1363.787,开盘买入2成：无空余仓位，不动,0.0007707497698244176,2.7080436036959325e-08,1.0511385434199692,0.9999999742370439
2021-09-24,偏强,1362.979,1389.438,1375.0,开盘买入2成 @ 1362.979（持仓 100%）,0.0007707497896731283,1.3533451292830686e-11,1.0597809608140847,0.99999999998723
2021-09-27,中性,1386.524,1390.823,1368.691,（无操作）,0.0007707497896731283,1.3533451292830686e-11,1.054918300391037,0.9999999999871712
2021-09-28,偏强,1362.328,1378.165,1354.096,开盘买入2成：现金不足，不动,0.0007707497896731283,1.3533451292830686e-11,1.0436692072107576,0.9999999999870328
2021-09-29,偏强,1344.887,1356.05,1345.77,开盘买入2成：现金不足，不动,0.0007707497896731283,1.3533451292830686e-11,1.0372519444619392,0.9999999999869527
2021-09-30,中性,1348.65,1371.428,1368.716,冲高(+1%)卖出剩余50% @ 1362.137,0.00038537489483656413,0.5246707438488587,1.0521395284099815,0.501329690899691
2021-10-08,中性,1378.531,1385.266,1364.458,（无操作）,0.00038537489483656413,0.5246707438488587,1.0504986021077674,0.5005507453354665
2021-10-11,中性,1367.213,1376.396,1349.771,（无操作）,0.00038537489483656413,0.5246707438488587,1.0448386010273025,0.4978451759601974
2021-10-12,中性,1348.225,1348.225,1319.39,（无操作）,0.00038537489483656413,0.5246707438488587,1.0331305263472732,0.49215444663717384
2021-10-13,中性,1322.888,1347.761,1344.763,冲高(+1%)卖出剩余50% @ 1336.117,0.00019268744741828206,0.781994968433008,1.0411139182855593,0.24888626047690532
2021-10-14,偏弱,1346.989,1354.033,1347.268,开盘卖出持仓50% @ 1346.989（剩余 12%）,9.634372370914103e-05,0.9117040175202326,1.0415048334743995,0.12462814552781196
2021-10-15,中性,1349.405,1366.298,1363.164,冲高(+1%)卖出剩余50% @ 1362.899,4.8171861854570516e-05,0.9773245755861788,1.0429907234793026,0.06295947453307034
2021-10-18,中性,1366.554,1366.554,1352.575,（无操作）,4.8171861854570516e-05,0.9773245755861788,1.0424806316341244,0.06250097514599513
2021-10-19,中性,1355.07,1368.865,1366.791,冲高(+1%)卖出剩余50% @ 1368.621,2.4085930927285258e-05,1.0102725969802087,1.0431930305982438,0.031557374955962024
2021-10-20,中性,1370.213,1380.211,1373.593,（无操作）,2.4085930927285258e-05,1.0102725969802087,1.0433568631004113,0.03170944409364426
2021-10-21,中性,1374.649,1376.885,1362.405,（无操作）,2.4085930927285258e-05,1.0102725969802087,1.0430873897051967,0.03145929387015443
2021-10-22,偏强,1367.059,1378.118,1368.136,开盘买入2成 @ 1367.059（持仓 23%）,0.0001766127943109243,0.8016551190391693,1.04328544099654,0.23160518920552262
2021-10-25,偏强,1366.205,1380.309,1380.309,开盘买入2成 @ 1366.205（持仓 43%）,0.00032926397901117887,0.5929980308398612,1.0474840644448025,0.4338834823667053
2021-10-26,偏强,1379.785,1386.982,1376.126,开盘买入2成 @ 1379.785（持仓 63%）,0.0004810210403146031,0.38350121795090075,1.0454467780748744,0.6331700226221992
2021-10-27,中性,1371.791,1371.791,1361.817,（无操作）,0.0004810210403146031,0.38350121795090075,1.0385638480090127,0.6307389105772409
2021-10-28,中性,1359.073,1365.746,1356.375,（无操作）,0.0004810210403146031,0.38350121795090075,1.0359461315076204,0.6298058303545297
2021-10-29,中性,1363.25,1397.436,1396.195,冲高(+1%)卖出剩余50% @ 1376.882,0.00024051052015730155,0.7144903668582513,1.0502899525492748,0.31972083982710425
2021-11-01,中性,1398.585,1415.058,1404.208,冲高(+1%)卖出剩余50% @ 1412.571,0.00012025526007865077,0.8842745072670489,1.053137905511571,0.16034310165912713
2021-11-02,偏强,1405.865,1422.705,1405.641,开盘买入2成 @ 1405.865（持仓 36%）,0.0002700010179873711,0.6736469261647346,1.053171427089521,0.36036346141066194
2021-11-03,中性,1408.196,1416.164,1399.55,（无操作）,0.0002700010179873711,0.6736469261647346,1.05152685088896,0.35936307703865655
2021-11-04,偏强,1404.659,1418.887,1410.742,开盘买入2成 @ 1404.659（持仓 56%）,0.0004196460706604901,0.4633415559869426,1.0553538930026636,0.5609609638444067
2021-11-05,偏强,1416.243,1416.243,1396.738,开盘买入2成 @ 1416.243（持仓 76%）,0.0005686072983259094,0.25227077738640985,1.0464661980355439,0.7589307921651175
2021-11-08,偏强,1398.566,1400.795,1400.795,开盘买入2成 @ 1398.566（持仓 96%）,0.0007181809654138169,0.04297753777930108,1.049001843226149,0.9590300645734559
2021-11-09,中性,1404.89,1421.813,1420.509,冲高(+1%)卖出剩余50% @ 1418.939,0.00035909048270690847,0.5522502285846445,1.0623414910841524,0.48015752635147846
2021-11-10,中性,1417.661,1422.776,1420.452,（无操作）,0.00035909048270690847,0.5522502285846445,1.062321022926638,0.48014751034181324
2021-11-11,偏强,1418.484,1442.738,1437.15,开盘买入2成 @ 1418.484（持仓 68%）,0.0005087982168600899,0.33978602399931684,1.071005381359795,0.6827410674931346
2021-11-12,偏强,1432.709,1443.838,1440.157,开盘买入2成 @ 1432.709（持仓 88%）,0.000658231234491256,0.1255849477273578,1.0735412676985814,0.883018052956099
2021-11-15,偏强,1441.407,1444.43,1432.599,开盘买入2成 @ 1441.407（持仓 100%）,0.0007447437939417468,0.0008227890431141277,1.0677420035002665,0.9992294121235122
2021-11-16,偏强,1428.481,1438.362,1421.275,开盘买入2成 @ 1428.481（持仓 100%）,0.0007453192071749307,4.1118892709344525e-07,1.0593039673664768,0.9999996118310327
2021-11-17,偏强,1420.988,1437.326,1436.158,开盘买入2成 @ 1420.988（持仓 100%）,0.0007453194962541111,2.0549171768786815e-10,1.0703965573068033,0.9999999998080229
2021-11-18,偏强,1433.508,1433.508,1423.97,开盘买入2成：现金不足，不动,0.0007453194962541111,2.0549171768786815e-10,1.0613126032864582,0.9999999998063798
2021-11-19,偏强,1424.759,1446.143,1444.784,开盘买入2成：现金不足，不动,0.0007453194962541111,2.0549171768786815e-10,1.0768256832814913,0.9999999998091691
2021-11-22,偏强,1449.452,1482.764,1479.988,开盘买入2成：现金不足，不动,0.0007453194962541111,2.0549171768786815e-10,1.103063910827621,0.9999999998137084
2021-11-23,偏强,1477.668,1483.414,1476.253,开盘买入2成：现金不足，不动,0.0007453194962541111,2.0549171768786815e-10,1.1002801425091118,0.999999999813237
2021-11-24,偏强,1477.961,1486.332,1472.225,开盘买入2成：现金不足，不动,0.0007453194962541111,2.0549171768786815e-10,1.0972779955782002,0.999999999812726
2021-11-25,中性,1472.636,1474.56,1468.072,（无操作）,0.0007453194962541111,2.0549171768786815e-10,1.0941826837102568,0.9999999998121962
2021-11-26,中性,1466.363,1467.394,1459.932,（无操作）,0.0007453194962541111,2.0549171768786815e-10,1.0881157830107486,0.9999999998111491
2021-11-29,中性,1448.498,1473.974,1471.229,冲高(+1%)卖出剩余50% @ 1462.983,0.00037265974812705554,0.5449222716120404,1.0931901001892603,0.5015301807821897
2021-11-30,中性,1477.804,1478.03,1475.713,（无操作）,0.00037265974812705554,0.5449222716120404,1.094861106499862,0.5022909587554071
2021-12-01,中性,1473.521,1473.521,1456.483,（无操作）,0.00037265974812705554,0.5449222716120404,1.0876948595433786,0.4990118167508833
2021-12-02,偏强,1454.74,1454.74,1429.5,开盘买入2成 @ 1454.740（持仓 70%）,0.0005221230589456799,0.32738329970336466,1.0737582124662142,0.6951051960278573
2021-12-03,偏强,1432.229,1444.834,1444.834,开盘买入2成 @ 1432.229（持仓 90%）,0.0006719903778821603,0.1126316572101218,1.083546202847115,0.8960527415313052
2021-12-06,中性,1444.933,1444.933,1405.771,（无操作）,0.0006719903778821603,0.1126316572101218,1.057296242715904,0.893471997100073
2021-12-07,中性,1412.997,1412.997,1389.437,（无操作）,0.0006719903778821603,0.1126316572101218,1.0463199518835768,0.8923544781810161
2021-12-08,中性,1394.989,1416.199,1415.374,冲高(+1%)卖出剩余50% @ 1408.939,0.00033599518894108013,0.5857916474178315,1.061350501970124,0.4480695620057086
2021-12-09,中性,1417.344,1437.974,1434.522,冲高(+1%)卖出剩余50% @ 1431.517,0.00016799759447054007,0.8261628880372759,1.067159133252344,0.2258297171487369
2021-12-10,中性,1431.848,1442.201,1435.703,（无操作）,0.00016799759447054007,0.8261628880372759,1.0673575384114136,0.2259736233587823
2021-12-13,中性,1439.187,1450.47,1445.707,（无操作）,0.00016799759447054007,0.8261628880372759,1.069038186346497,0.22719047963970507
2021-12-14,中性,1445.052,1451.476,1439.469,（无操作）,0.00016799759447054007,0.8261628880372759,1.0679902173521898,0.22643215769753325
2021-12-15,中性,1439.116,1441.817,1424.9,（无操作）,0.00016799759447054007,0.8261628880372759,1.0655426603983484,0.22465526839777722
2021-12-16,中性,1425.529,1428.967,1425.929,（无操作）,0.00016799759447054007,0.8261628880372759,1.0657155299230587,0.2247810369274413
2021-12-17,中性,1426.792,1426.792,1399.06,（无操作）,0.00016799759447054007,0.8261628880372759,1.0612016025572297,0.22148356537868905
2021-12-20,中性,1389.179,1399.486,1363.956,（无操作）,0.00016799759447054007,0.8261628880372759,1.0553042150009357,0.21713295910929034
2021-12-21,中性,1366.273,1377.197,1374.65,（无操作）,0.00016799759447054007,0.8261628880372759,1.0571007812762039,0.21846345904703995
2021-12-22,中性,1378.311,1385.157,1375.03,（无操作）,0.00016799759447054007,0.8261628880372759,1.0571646203621026,0.21851065375769332
2021-12-23,中性,1375.83,1379.844,1375.968,（无操作）,0.00016799759447054007,0.8261628880372759,1.057322202105716,0.2186271257787583
2021-12-24,中性,1375.178,1375.612,1358.73,（无操作）,0.00016799759447054007,0.8261628880372759,1.054426259572233,0.21648111421993643
2021-12-27,中性,1356.41,1363.347,1355.636,（无操作）,0.00016799759447054007,0.8261628880372759,1.053906475014941,0.21609468427873205
2021-12-28,中性,1355.654,1370.295,1369.619,冲高(+1%)卖出剩余50% @ 1369.211,8.399879723527003e-05,0.9411174205398696,1.0561637692104429,0.1089285128163207
2021-12-29,中性,1370.494,1370.494,1356.214,（无操作）,8.399879723527003e-05,0.9411174205398696,1.0550377653335041,0.10797750425324687
2021-12-30,中性,1355.968,1380.713,1375.56,冲高(+1%)卖出剩余50% @ 1369.528,4.1999398617635016e-05,0.9986079998205993,1.0563806925830734,0.05468927363790379
2021-12-31,中性,1384.278,1399.313,1398.194,冲高(+1%)卖出剩余50% @ 1398.121,2.0999699308817508e-05,1.02795343574002,1.0573150893154128,0.027770012810848826
2022-01-04,偏强,1403.394,1403.394,1364.99,开盘买入2成 @ 1403.394（持仓 23%）,0.00017160411916060955,0.8164904178769374,1.0507283244899779,0.22292908752292293
2022-01-05,偏强,1364.014,1364.014,1333.335,开盘买入2成 @ 1364.014（持仓 42%）,0.0003255912810047752,0.6063447529789419,1.0404670036374437,0.4172378837010906
2022-01-06,偏强,1327.697,1329.263,1320.935,开盘买入2成 @ 1327.697（持仓 62%）,0.00048224555229142913,0.39825135225145314,1.0352663808675322,0.6153150922202972
2022-01-07,偏强,1322.892,1328.857,1305.492,开盘买入2成 @ 1322.892（持仓 82%）,0.0006386829646220426,0.1911980760779467,1.0249935769283063,0.8134641227207221
2022-01-10,偏强,1306.597,1322.564,1318.267,开盘买入2成 @ 1306.597（持仓 100%）,0.0007844028253255506,0.0007057446759074493,1.0347581040093452,0.999317961682858
2022-01-11,偏强,1317.924,1317.924,1294.404,开盘买入2成 @ 1317.924（持仓 100%）,0.0007849377874782905,3.5269598995882074e-07,1.016026964559039,0.9999996528674905
2022-01-12,偏强,1298.623,1316.388,1316.353,开盘买入2成：无空余仓位，不动,0.0007849377874782905,3.5269598995882074e-07,1.0332555640564,0.9999996586556102
2022-01-13,偏强,1319.187,1319.187,1294.653,开盘买入2成：无空余仓位，不动,0.0007849377874782905,3.5269598995882074e-07,1.016222414068121,0.9999996529342543
2022-01-14,偏强,1289.382,1315.459,1312.292,开盘买入2成 @ 1289.382（持仓 100%）,0.000784938060743745,1.7625986504687724e-10,1.0300679377857904,0.9999999998288852
2022-01-17,偏强,1317.385,1340.499,1338.317,开盘买入2成：现金不足，不动,0.000784938060743745,1.7625986504687724e-10,1.0504959508166465,0.9999999998322127
2022-01-18,偏强,1340.414,1359.451,1342.356,开盘买入2成：现金不足，不动,0.000784938060743745,1.7625986504687724e-10,1.0536663156439905,0.9999999998327176
2022-01-19,偏强,1340.713,1340.713,1324.089,开盘买入2成：现金不足，不动,0.000784938060743745,1.7625986504687724e-10,1.0393278520883844,0.9999999998304098
2022-01-20,中性,1326.638,1328.8,1306.023,（无操作）,0.000784938060743745,1.7625986504687724e-10,1.0251471610829879,0.9999999998280638
2022-01-21,偏强,1304.158,1304.158,1290.406,开盘买入2成：现金不足，不动,0.000784938060743745,1.7625986504687724e-10,1.0128887833883529,0.999999999825983
2022-01-24,偏强,1286.139,1311.126,1307.742,开盘买入2成：现金不足，不动,0.000784938060743745,1.7625986504687724e-10,1.0264964696094063,0.9999999998282898
2022-01-25,中性,1303.93,1307.98,1277.004,（无操作）,0.000784938060743745,1.7625986504687724e-10,1.002369043498265,0.9999999998241567
2022-01-26,中性,1281.511,1286.276,1276.362,（无操作）,0.000784938060743745,1.7625986504687724e-10,1.0018651132632679,0.9999999998240683
2022-01-27,中性,1274.627,1274.627,1240.554,（无操作）,0.000784938060743745,1.7625986504687724e-10,0.9737580511841558,0.99999999981899
2022-01-28,偏弱,1253.942,1253.942,1229.224,开盘卖出持仓50% @ 1253.942（剩余 51%）,0.0003924690303718725,0.4918873343583851,0.9743196857482197,0.49514790519638857
2022-02-07,中性,1247.585,1261.073,1233.618,冲高(+1%)卖出剩余50% @ 1260.061,0.00019623451518593625,0.7390311306479116,0.9811095608025558,0.24673944666956674
2022-02-08,中性,1233.657,1233.657,1204.054,（无操作）,0.00019623451518593625,0.7390311306479116,0.975308083595599,0.24225878665602962
2022-02-09,中性,1204.241,1211.764,1210.286,（无操作）,0.00019623451518593625,0.7390311306479116,0.9765310170942376,0.24320772437216578
2022-02-10,中性,1214.982,1214.982,1188.197,（无操作）,0.00019623451518593625,0.7390311306479116,0.9721963928882955,0.23983349860790354
2022-02-11,偏强,1182.869,1187.011,1169.59,开盘买入2成 @ 1182.869（持仓 44%）,0.0003605317514174185,0.5445918520702525,0.966266183210551,0.4363956210691634
2022-02-14,偏强,1161.845,1177.752,1169.442,开盘买入2成 @ 1161.845（持仓 63%）,0.0005267816886405023,0.3513386154281423,0.9673792469552687,0.6368139832088127
2022-02-15,偏强,1172.771,1204.207,1203.124,开盘买入2成 @ 1172.771（持仓 84%）,0.0006916724983647777,0.1578627660370886,0.9900305489597134,0.8405475808772115
2022-02-16,中性,1210.416,1210.416,1197.562,（无操作）,0.0006916724983647777,0.1578627660370886,0.9861834665238084,0.8399255601054254
2022-02-17,中性,1196.598,1216.573,1207.821,冲高(+1%)卖出剩余50% @ 1208.564,0.00034583624918238883,0.5756190171603581,0.9933273014840802,0.42051424912981367
2022-02-18,中性,1200.343,1204.609,1204.371,（无操作）,0.00034583624918238883,0.5756190171603581,0.992134166424401,0.41981736277175236
2022-02-21,中性,1207.148,1207.148,1193.601,（无操作）,0.00034583624918238883,0.5756190171603581,0.9884095100207066,0.417631041259104
2022-02-22,中性,1184.835,1185.903,1183.982,（无操作）,0.00034583624918238883,0.5756190171603581,0.9850829111398212,0.41566439672136835
2022-02-23,中性,1182.422,1232.93,1231.077,冲高(+1%)卖出剩余50% @ 1194.246,0.00017291812459119442,0.7820225804145499,0.9948981064819037,0.21396716375319172
2022-02-24,偏强,1226.948,1239.778,1214.989,开盘买入2成 @ 1226.948（持仓 41%）,0.0003350115313254471,0.5830429591181692,0.9900782845517428,0.41111428437990494
2022-02-25,中性,1231.541,1251.896,1240.878,冲高(+1%)卖出剩余50% @ 1243.856,0.00016750576566272355,0.79129190288954,0.999146122373569,0.20803185322908632
2022-02-28,中性,1243.98,1249.585,1249.585,（无操作）,0.00016750576566272355,0.79129190288954,1.0006045950751945,0.20918621922771077
2022-03-01,中性,1254.57,1254.57,1239.019,（无操作）,0.00016750576566272355,0.79129190288954,0.998834729155202,0.20778495201222966
2022-03-02,偏强,1233.104,1233.104,1230.278,开盘买入2成 @ 1233.104（持仓 41%）,0.0003294281276653632,0.5915249570584996,0.9968131351063874,0.40658390602430444
2022-03-03,偏强,1235.958,1235.958,1209.819,开盘买入2成 @ 1235.958（持仓 61%）,0.0004906496218613761,0.3921623300372221,0.9857595649079303,0.6021724323072127
2022-03-04,偏强,1201.124,1225.925,1203.089,开盘买入2成 @ 1201.124（持仓 80%）,0.0006547071099212616,0.19501041705563604,0.9826813392236967,0.8015527422046181
2022-03-07,中性,1198.012,1198.012,1169.983,（无操作）,0.0006547071099212616,0.19501041705563604,0.9610066056426434,0.7970769233940604
2022-03-08,中性,1167.594,1177.606,1137.075,（无操作）,0.0006547071099212616,0.19501041705563604,0.9394615040693546,0.7924231954040347
2022-03-09,偏强,1148.182,1151.955,1129.647,开盘买入2成 @ 1148.182（持仓 100%）,0.0008181348267852592,0.00727183186989544,0.9314753845433831,0.9921932109097439
2022-03-10,中性,1161.988,1167.032,1153.358,（无操作）,0.0008181348267852592,0.00727183186989544,0.9508741794212884,0.9923524773021798
2022-03-11,中性,1137.607,1161.634,1161.21,冲高(+1%)卖出剩余50% @ 1148.983,0.0004090674133926296,0.4770483585804797,0.9520615296861351,0.49893116809609184
2022-03-14,中性,1151.966,1151.966,1126.282,（无操作）,0.0004090674133926296,0.4770483585804797,0.9377736230711573,0.49129688994858645
2022-03-15,偏强,1115.187,1140.484,1093.433,开盘买入2成 @ 1115.187（持仓 69%）,0.0005771656732514451,0.2894936339662483,0.9205856275665956,0.6855331809475744
2022-03-16,中性,1115.841,1127.764,1125.485,冲高(+1%)卖出剩余50% @ 1126.999,0.00028858283662572254,0.6145637042362573,0.9393593581159586,0.34576294053335777
2022-03-17,中性,1144.976,1160.811,1142.713,冲高(+1%)卖出剩余50% @ 1156.426,0.00014429141831286127,0.7813425861636438,0.9462262656581885,0.1742539659685442
2022-03-18,中性,1136.984,1144.321,1144.321,（无操作）,0.00014429141831286127,0.7813425861636438,0.9464582862588355,0.17445639442585661
2022-03-21,偏强,1143.547,1158.967,1152.326,开盘买入2成 @ 1143.547（持仓 37%）,0.00030973897641270844,0.5920509289118767,0.9489712046456273,0.3761128619988367
2022-03-22,中性,1145.082,1145.354,1134.318,（无操作）,0.00030973897641270844,0.5920509289118767,0.9433934251583873,0.3724241518722937
2022-03-23,中性,1138.73,1149.34,1144.089,（无操作）,0.00030973897641270844,0.5920509289118767,0.9464198846969158,0.3744310126139449
2022-03-24,中性,1135.847,1141.664,1134.57,（无操作）,0.00030973897641270844,0.5920509289118767,0.9434714793804433,0.37247607177202285
2022-03-25,中性,1137.797,1137.797,1106.863,（无操作）,0.00030973897641270844,0.5920509289118767,0.9348895415609764,0.3667156358136869
2022-03-28,中性,1097.87,1099.388,1090.734,（无操作）,0.00030973897641270844,0.5920509289118767,0.9298937616104158,0.3633133661564236
2022-03-29,中性,1097.357,1098.48,1079.933,（无操作）,0.00030973897641270844,0.5920509289118767,0.9265482709261822,0.3610144797744216
2022-03-30,中性,1084.764,1112.519,1112.519,冲高(+1%)卖出剩余50% @ 1095.612,0.00015486948820635422,0.7616429044646212,0.9339381526144662,0.18448250311599512
2022-03-31,中性,1109.553,1109.553,1091.059,（无操作）,0.00015486948820635422,0.7616429044646212,0.9306146533975579,0.18157004976876503
2022-04-01,中性,1085.306,1093.657,1089.195,（无操作）,0.00015486948820635422,0.7616429044646212,0.9303259766715413,0.1813160939678618
2022-04-06,偏强,1087.755,1087.755,1058.493,开盘买入2成 @ 1087.755（持仓 38%）,0.00032583832698870267,0.5755777091303129,0.9204752973795658,0.3746951050518321
2022-04-07,中性,1050.434,1053.348,1036.074,（无操作）,0.00032583832698870267,0.5755777091303129,0.9131703279268061,0.36969293512080964
2022-04-08,中性,1032.838,1038.27,1027.244,（无操作）,0.00032583832698870267,0.5755777091303129,0.9102931754994958,0.3677007313446219
2022-04-11,中性,1022.912,1022.912,988.761,（无操作）,0.00032583832698870267,0.5755777091303129,0.8977539391619895,0.3588691911866327
2022-04-12,中性,987.451,994.521,994.438,（无操作）,0.00032583832698870267,0.5755777091303129,0.8996037233443044,0.3601874979012035
2022-04-13,中性,989.663,989.663,964.832,（无操作）,0.00032583832698870267,0.5755777091303129,0.8899569538354769,0.3532521919743122
2022-04-14,中性,972.237,981.919,975.574,（无操作）,0.00032583832698870267,0.5755777091303129,0.8934571091439896,0.3557858533558852
2022-04-15,中性,968.907,977.645,973.363,（无操作）,0.00032583832698870267,0.5755777091303129,0.8927366806030175,0.355265979727049
2022-04-18,中性,969.06,1005.28,1004.608,冲高(+1%)卖出剩余50% @ 978.751,0.00016291916349435133,0.7349552095373966,0.8986251045371298,0.1821336775184325
2022-04-19,中性,1002.976,1006.882,989.933,（无操作）,0.00016291916349435133,0.7349552095373966,0.8962342658128503,0.1799518969844115
2022-04-20,中性,988.751,990.058,973.51,（无操作）,0.00016291916349435133,0.7349552095373966,0.8935586443907826,0.17749639136614234
2022-04-21,中性,968.477,988.364,957.717,冲高(+1%)卖出剩余50% @ 978.162,8.145958174717567e-05,0.814596017878341,0.8926112441305009,0.08740112424659746
2022-04-22,中性,953.641,956.363,942.069,（无操作）,8.145958174717567e-05,0.814596017878341,0.8913365645953211,0.08609603797845013
2022-04-25,中性,924.96,924.96,884.305,（无操作）,8.145958174717567e-05,0.814596017878341,0.8866311333152772,0.08124586734010074
2022-04-26,中性,884.18,898.366,868.067,冲高(+1%)卖出剩余50% @ 893.022,4.0729790873587834e-05,0.8509504227423162,0.8863066101165791,0.039891598427334585
2022-04-27,中性,857.381,909.718,906.433,冲高(+1%)卖出剩余50% @ 865.955,2.0364895436793917e-05,0.8685766843613757,0.8870360976268351,0.020810216534417815
2022-04-28,中性,899.661,906.937,903.064,（无操作）,2.0364895436793917e-05,0.8685766843613757,0.8869674882941085,0.020734473557879357
2022-04-29,中性,910.136,947.941,947.151,冲高(+1%)卖出剩余50% @ 919.237,1.0182447718396958e-05,0.8779320906771935,0.8875764062161209,0.01086589894839887
2022-05-05,中性,944.554,966.503,956.127,冲高(+1%)卖出剩余50% @ 954.000,5.091223859198479e-06,0.882786687384296,0.8876545439791199,0.005483953896076005
2022-05-06,中性,933.011,958.976,942.227,冲高(+1%)卖出剩余50% @ 942.341,2.5456119295992396e-06,0.8851843227382781,0.8875828670298685,0.002702332796955383
2022-05-09,中性,938.393,952.136,946.725,冲高(+1%)卖出剩余50% @ 947.777,1.2728059647996198e-06,0.8863900557000166,0.8875950529270416,0.0013575979530881504
2022-05-10,中性,935.059,980.979,972.141,冲高(+1%)卖出剩余50% @ 944.410,6.364029823998099e-07,0.8869907802671597,0.8876094536988729,0.000697010863432086
2022-05-11,中性,974.537,1025.391,1002.456,冲高(+1%)卖出剩余50% @ 984.282,3.1820149119990495e-07,0.8873038237849965,0.8876228067790588,0.00035936773100704144
2022-05-12,中性,999.538,1019.345,1013.063,冲高(+1%)卖出剩余50% @ 1009.533,1.5910074559995247e-07,0.8874643609897058,0.8876255400683456,0.00018158454366614342
2022-05-13,中性,1020.392,1020.392,1010.804,（无操作）,1.5910074559995247e-07,0.8874643609897058,0.8876251806597613,0.0001811797068846999
2022-05-16,中性,1016.941,1022.257,996.506,（无操作）,1.5910074559995247e-07,0.8874643609897058,0.8876229058373006,0.0001786173458933778
2022-05-17,偏强,995.974,1013.074,1010.37,开盘买入2成 @ 995.974（持仓 20%）,0.0001783122083928299,0.7099397798222458,0.8901010858161094,0.20240544457788023
2022-05-18,偏强,1011.526,1022.236,1013.997,开盘买入2成 @ 1011.526（持仓 40%）,0.0003542159929099389,0.5319195626590238,0.8910935168217231,0.4030709991514365
2022-05-19,偏强,1002.656,1036.341,1036.341,开盘买入2成 @ 1002.656（持仓 60%）,0.0005318737723927048,0.3537008592946792,0.9049034564499072,0.6091286238619213
2022-05-20,偏强,1045.69,1046.384,1045.377,开盘买入2成 @ 1045.690（持仓 81%）,0.0007048602656812492,0.17272016800469778,0.909564877961765,0.8101068189970739
2022-05-23,偏强,1044.184,1049.063,1046.146,开盘买入2成 @ 1044.184（持仓 100%）,0.0008701065989812355,8.63169255395646e-05,0.9103448550233633,0.9999051821679846
2022-05-24,偏强,1045.007,1045.007,996.648,开盘买入2成 @ 1045.007（持仓 100%）,0.0008701891158192171,4.313689432261861e-08,0.8672722850398854,0.9999999502614173
2022-05-25,中性,996.753,1007.471,1006.523,冲高(+1%)卖出剩余50% @ 1006.721,0.00043509455790960856,0.4377996577638018,0.8757323374746547,0.5000759489751371
2022-05-26,中性,1006.1,1012.706,1004.256,（无操作）,0.00043509455790960856,0.4377996577638018,0.8747459781118736,0.4995122370167555
2022-05-27,中性,1008.058,1010.663,993.699,（无操作）,0.00043509455790960856,0.4377996577638018,0.870152684864022,0.49687030175374747
2022-05-30,中性,995.956,1005.631,1001.54,（无操作）,0.00043509455790960856,0.4377996577638018,0.8735642612925911,0.49883520061134295
2022-05-31,偏强,1004.081,1035.316,1035.316,开盘买入2成 @ 1004.081（持仓 70%）,0.0006090103470628481,0.26308680550528357,0.8936049619850033,0.705589363648029
2022-06-01,偏强,1029.091,1036.852,1031.583,开盘买入2成 @ 1029.091（持仓 90%）,0.0007825923495861637,0.0843658131082829,0.8916747768714264,0.905384995407975
2022-06-02,偏强,1028.686,1080.685,1079.854,开盘买入2成 @ 1028.686（持仓 100%）,0.0008645235808145248,4.2161825641331974e-05,0.9336014086625292,0.9999548395865193
2022-06-06,偏强,1084.656,1129.326,1121.537,开盘买入2成：无空余仓位，不动,0.0008645235808145248,4.2161825641331974e-05,0.969637345081621,0.9999565179436878
2022-06-07,偏强,1124.162,1124.162,1111.395,开盘买入2成：无空余仓位，不动,0.0008645235808145248,4.2161825641331974e-05,0.9608693469250001,0.9999561211669659
2022-06-08,偏强,1108.594,1124.477,1111.674,开盘买入2成 @ 1108.594（持仓 100%）,0.000864561574611547,2.1070377631848575e-08,0.9611106449650945,0.9999999780770531
2022-06-09,偏强,1108.931,1108.931,1081.173,开盘买入2成 @ 1108.931（持仓 100%）,0.0008645615935931816,1.0529923853992899e-11,0.9347406518404509,0.9999999999887349
2022-06-10,偏强,1074.072,1103.04,1102.849,开盘买入2成：现金不足，不动,0.0008645615935931816,1.0529923853992899e-11,0.9534808889431765,0.9999999999889564
2022-06-13,偏强,1088.76,1093.844,1088.377,开盘买入2成：现金不足，不动,0.0008645615935931816,1.0529923853992899e-11,0.9409689535606961,0.9999999999888095
2022-06-14,偏强,1073.748,1073.748,1070.537,开盘买入2成：现金不足，不动,0.0008645615935931816,1.0529923853992899e-11,0.9255451747309937,0.999999999988623
2022-06-15,偏强,1069.938,1085.021,1062.713,开盘买入2成：现金不足，不动,0.0008645615935931816,1.0529923853992899e-11,0.9187808448227206,0.9999999999885393
2022-06-16,偏强,1065.69,1092.45,1078.947,开盘买入2成：现金不足，不动,0.0008645615935931816,1.0529923853992899e-11,0.9328161377331123,0.9999999999887117
2022-06-17,中性,1070.618,1093.638,1092.087,冲高(+1%)卖出剩余50% @ 1081.324,0.0004322807967965908,0.4672019602972871,0.9392901988284855,0.502601048238343
2022-06-20,中性,1099.465,1107.747,1095.328,（无操作）,0.0004322807967965908,0.4672019602972871,0.9406912208909033,0.5033418512667602
2022-06-21,偏强,1094.328,1096.136,1083.021,开盘买入2成 @ 1094.328（持仓 70%）,0.0006041161350746455,0.2790637161191064,0.9333341768437841,0.7010034315224541
2022-06-22,偏强,1084.711,1085.278,1063.69,开盘买入2成 @ 1084.711（持仓 90%）,0.0007761191373438763,0.0923968807503496,0.9179470459516574,0.899343996848359
2022-06-23,中性,1064.731,1082.002,1081.844,冲高(+1%)卖出剩余50% @ 1075.378,0.00038805956867193816,0.5094990684665386,0.9293189844768629,0.45175006969932024
2022-06-24,偏强,1084.609,1106.372,1101.477,开盘买入2成 @ 1084.609（持仓 65%）,0.0005593387222098977,0.323635271571166,0.9397340092947576,0.6556097061826627
2022-06-27,中性,1113.217,1117.901,1103.399,（无操作）,0.0005593387222098977,0.323635271571166,0.9408090583188449,0.6560032360344425
2022-06-28,中性,1105.115,1117.284,1117.284,冲高(+1%)卖出剩余50% @ 1116.166,0.00027966936110494886,0.6356366668916078,0.9481067693443895,0.3295726942956573
2022-06-29,偏强,1112.591,1120.752,1090.683,开盘买入2成 @ 1112.591（持仓 53%）,0.0004500164073902335,0.4460153130227299,0.936840558284332,0.5239154527644139
2022-06-30,中性,1092.459,1116.183,1105.667,冲高(+1%)卖出剩余50% @ 1103.384,0.00022500820369511675,0.6941615374155128,0.9429456829704814,0.2638371966148094
2022-07-01,中性,1105.974,1105.974,1089.029,（无操作）,0.00022500820369511675,0.6941615374155128,0.9392019964774021,0.26090283025477484
2022-07-04,中性,1087.344,1097.81,1095.09,（无操作）,0.00022500820369511675,0.6941615374155128,0.9405657711999982,0.26197448528253
2022-07-05,中性,1100.178,1103.116,1090.93,（无操作）,0.00022500820369511675,0.6941615374155128,0.9396297370726265,0.2612392839139581
2022-07-06,中性,1092.701,1112.191,1101.749,冲高(+1%)卖出剩余50% @ 1103.628,0.00011250410184755837,0.8182621341153515,0.9422134158217972,0.13155329740060584
2022-07-07,中性,1103.78,1112.677,1111.673,（无操作）,0.00011250410184755837,0.8182621341153515,0.9433299065285323,0.13258115909144869
2022-07-08,中性,1117.183,1117.183,1104.022,（无操作）,0.00011250410184755837,0.8182621341153515,0.9424691376452966,0.13178893458545385
2022-07-11,中性,1098.666,1098.666,1081.163,（无操作）,0.00011250410184755837,0.8182621341153515,0.9398974063811633,0.12941335026568224
2022-07-12,中性,1081.902,1081.902,1049.241,（无操作）,0.00011250410184755837,0.8182621341153515,0.9363060504419856,0.12607407190299696
2022-07-13,中性,1051.778,1060.411,1052.792,（无操作）,0.00011250410184755837,0.8182621341153515,0.9367055525076462,0.1264467986500249
2022-07-14,中性,1052.431,1084.481,1076.807,冲高(+1%)卖出剩余50% @ 1062.955,5.625205092377919e-05,0.8780256536350591,0.938598255834141,0.06453517447169178
2022-07-15,中性,1072.993,1093.372,1072.262,冲高(+1%)卖出剩余50% @ 1083.723,2.8126025461889593e-05,0.9084912319485113,0.938649700262328,0.03212963079345592
2022-07-18,中性,1075.709,1075.709,1069.332,（无操作）,2.8126025461889593e-05,0.9084912319485113,0.9385672910077246,0.0320446486334732
2022-07-19,中性,1068.693,1071.232,1061.853,（无操作）,2.8126025461889593e-05,0.9084912319485113,0.9383569364632952,0.03182765891553899
2022-07-20,偏强,1066.2,1082.08,1079.527,开盘买入2成 @ 1066.200（持仓 23%）,0.00020405699384813268,0.7208198446558522,0.9411048790537454,0.2340706538673815
2022-07-21,偏强,1080.647,1109.25,1091.407,开盘买入2成 @ 1080.647（持仓 43%）,0.000378144288176967,0.5325988688451031,0.9453081919714621,0.43658705873017367
2022-07-22,偏强,1099.623,1099.623,1084.974,开盘买入2成 @ 1099.623（持仓 64%）,0.0005499915074665635,0.3435372304508107,0.9402637162728378,0.6346373634275962
2022-07-25,偏强,1082.617,1094.254,1073.761,开盘买入2成 @ 1082.617（持仓 83%）,0.0007236067045978031,0.15548448719624314,0.9324651459318847,0.8332543710887388
2022-07-26,偏强,1072.544,1086.361,1084.657,开盘买入2成 @ 1072.544（持仓 100%）,0.0008684297787511419,7.770339190218967e-05,0.9420261419227794,0.9999175146119156
2022-07-27,偏强,1083.671,1097.321,1095.699,开盘买入2成 @ 1083.671（持仓 100%）,0.0008685014109593943,3.883227981117915e-08,0.9516161663190772,0.9999999591933374
2022-07-28,偏强,1102.438,1115.719,1108.791,开盘买入2成：无空余仓位，不动,0.0008685014109593943,3.883227981117915e-08,0.9629865867913575,0.9999999596751602
2022-07-29,偏强,1113.078,1113.078,1088.913,开盘买入2成：无空余仓位，不动,0.0008685014109593943,3.883227981117915e-08,0.9457225157443068,0.9999999589390343
2022-08-01,偏强,1081.623,1100.182,1100.182,开盘买入2成 @ 1081.623（持仓 99%）,0.0008685014468253814,1.9406436687252386e-11,0.9555096587906483,0.9999999999796899
2022-08-02,偏强,1084.981,1105.435,1094.915,开盘买入2成：现金不足，不动,0.0008685014468253814,1.9406436687252386e-11,0.9509352616702189,0.9999999999795922
2022-08-03,偏强,1099.441,1122.971,1100.348,开盘买入2成：现金不足，不动,0.0008685014468253814,1.9406436687252386e-11,0.9556538300308213,0.999999999979693
2022-08-04,偏强,1106.151,1114.692,1110.917,开盘买入2成：现金不足，不动,0.0008685014468253814,1.9406436687252386e-11,0.9648330218223187,0.9999999999798862
2022-08-05,偏强,1115.016,1157.811,1157.333,开盘买入2成：现金不足，不动,0.0008685014468253814,1.9406436687252386e-11,1.0051453849781657,0.9999999999806929
2022-08-08,偏强,1161.043,1161.043,1152.577,开盘买入2成：现金不足，不动,0.0008685014468253814,1.9406436687252386e-11,1.001014792097064,0.9999999999806132
2022-08-09,偏强,1152.914,1162.956,1162.32,开盘买入2成：现金不足，不动,0.0008685014468253814,1.9406436687252386e-11,1.0094766016934837,0.9999999999807757
2022-08-10,偏强,1154.174,1169.69,1156.156,开盘买入2成：现金不足，不动,0.0008685014468253814,1.9406436687252386e-11,1.0041231587752522,0.9999999999806732
2022-08-11,偏强,1163.539,1173.373,1173.144,开盘买入2成：现金不足，不动,0.0008685014468253814,1.9406436687252386e-11,1.0188772613539216,0.9999999999809531
2022-08-12,偏强,1169.662,1169.662,1146.191,开盘买入2成：现金不足，不动,0.0008685014468253814,1.9406436687252386e-11,0.9954685418576372,0.9999999999805051
2022-08-15,偏强,1145.022,1155.038,1143.747,开盘买入2成：现金不足，不动,0.0008685014468253814,1.9406436687252386e-11,0.9933459243215961,0.9999999999804635
2022-08-16,偏强,1143.705,1153.174,1137.302,开盘买入2成：现金不足，不动,0.0008685014468253814,1.9406436687252386e-11,0.9877484324968063,0.9999999999803528
2022-08-17,偏强,1136.802,1136.802,1132.312,开盘买入2成：现金不足，不动,0.0008685014468253814,1.9406436687252386e-11,0.9834146102771477,0.9999999999802662
2022-08-18,偏强,1132.602,1147.395,1146.634,开盘买入2成：现金不足，不动,0.0008685014468253814,1.9406436687252386e-11,0.9958532879985809,0.9999999999805127
2022-08-19,偏强,1146.327,1153.523,1108.452,开盘买入2成：现金不足，不动,0.0008685014468253814,1.9406436687252386e-11,0.9626921657558941,0.9999999999798415
2022-08-22,偏强,1103.153,1108.293,1107.281,开盘买入2成：现金不足，不动,0.0008685014468253814,1.9406436687252386e-11,0.9616751505616616,0.9999999999798201
2022-08-23,偏强,1109.253,1116.403,1107.3,开盘买入2成：现金不足，不动,0.0008685014468253814,1.9406436687252386e-11,0.9616916520891513,0.9999999999798205
2022-08-24,偏强,1110.007,1110.007,1068.983,开盘买入2成：现金不足，不动,0.0008685014468253814,1.9406436687252386e-11,0.9284132821511432,0.9999999999790972
2022-08-25,偏强,1071.981,1071.981,1055.889,开盘买入2成：现金不足，不动,0.0008685014468253814,1.9406436687252386e-11,0.9170411242064116,0.9999999999788379
2022-08-26,偏强,1064.712,1067.506,1045.994,开盘买入2成：现金不足，不动,0.0008685014468253814,1.9406436687252386e-11,0.9084473023900744,0.9999999999786378
2022-08-29,中性,1032.041,1058.662,1054.285,冲高(+1%)卖出剩余50% @ 1042.361,0.0004342507234126907,0.45241987327120375,0.9102438972043524,0.502968517931591
2022-08-30,中性,1054.256,1063.619,1050.282,（无操作）,0.0004342507234126907,0.45241987327120375,0.9085055915585314,0.5020175137336442
2022-08-31,中性,1048.401,1048.401,1029.656,（无操作）,0.0004342507234126907,0.45241987327120375,0.8995487361374213,0.49705907518268244
2022-09-01,中性,1032.775,1040.237,1025.66,（无操作）,0.0004342507234126907,0.45241987327120375,0.8978134702466641,0.4960870066396904
2022-09-02,中性,1027.468,1037.482,1030.12,（无操作）,0.0004342507234126907,0.45241987327120375,0.8997502284730847,0.49717170504198704
2022-09-05,偏强,1030.596,1033.71,1024.393,开盘买入2成 @ 1030.596（持仓 70%）,0.0006087712102346835,0.27246982757658683,0.8960907939425251,0.6959350219660185
2022-09-06,中性,1025.858,1038.633,1035.784,冲高(+1%)卖出剩余50% @ 1036.117,0.00030438560511734177,0.5876911102659097,0.9029688498767705,0.3491568282271168
2022-09-07,中性,1032.025,1062.882,1049.579,冲高(+1%)卖出剩余50% @ 1042.345,0.00015219280255867088,0.7462492363747125,0.9059876058914398,0.17631407811539962
2022-09-08,中性,1050.319,1054.172,1040.773,（无操作）,0.00015219280255867088,0.7462492363747125,0.9046473960721081,0.17509381045603528
2022-09-09,偏强,1039.588,1039.588,1033.784,开盘买入2成 @ 1039.588（持仓 37%）,0.0003261454257945868,0.5653197571602909,0.9024836800199221,0.37359558995259434
2022-09-13,中性,1034.497,1040.053,1031.17,（无操作）,0.0003261454257945868,0.5653197571602909,0.9016311358768949,0.373003288522772
2022-09-14,中性,1018.074,1031.794,1031.304,冲高(+1%)卖出剩余50% @ 1028.255,0.0001630727128972934,0.7329162070165913,0.9010937481184216,0.18663711900454605
2022-09-15,中性,1035.764,1035.764,1000.081,（无操作）,0.0001630727128972934,0.7329162070165913,0.8960021288036294,0.18201510525962208
2022-09-16,中性,997.358,1017.23,998.518,冲高(+1%)卖出剩余50% @ 1007.332,8.15363564486467e-05,0.8150092867120653,0.8964248062804551,0.09082247501182845
2022-09-19,中性,997.526,997.828,975.548,（无操作）,8.15363564486467e-05,0.8150092867120653,0.8945519161728297,0.08891896381047665
2022-09-20,偏弱,982.368,996.389,985.151,开盘卖出持仓50% @ 982.368（剩余 4%）；冲高(+1%)卖出剩余100% @ 992.192,0.0,0.8954682380603938,0.8954682380603938,0.0
2022-09-21,偏弱,980.621,982.651,970.393,开盘卖出50%：空仓，不动,0.0,0.8954682380603938,0.8954682380603938,0.0
2022-09-22,偏弱,964.959,984.994,975.869,开盘卖出50%：空仓，不动,0.0,0.8954682380603938,0.8954682380603938,0.0
2022-09-23,中性,975.578,975.578,960.94,（无操作）,0.0,0.8954682380603938,0.8954682380603938,0.0
2022-09-26,中性,955.041,976.57,961.829,（无操作）,0.0,0.8954682380603938,0.8954682380603938,0.0
2022-09-27,偏弱,963.488,976.445,976.445,开盘卖出50%：空仓，不动,0.0,0.8954682380603938,0.8954682380603938,0.0
2022-09-28,中性,973.475,974.229,956.188,（无操作）,0.0,0.8954682380603938,0.8954682380603938,0.0
2022-09-29,偏弱,962.448,968.879,961.475,开盘卖出50%：空仓，不动,0.0,0.8954682380603938,0.8954682380603938,0.0
2022-09-30,偏弱,956.405,959.734,939.376,开盘卖出50%：空仓，不动,0.0,0.8954682380603938,0.8954682380603938,0.0
2022-10-10,偏弱,933.021,933.021,897.335,开盘卖出50%：空仓，不动,0.0,0.8954682380603938,0.8954682380603938,0.0
2022-10-11,中性,898.367,900.632,892.739,（无操作）,0.0,0.8954682380603938,0.8954682380603938,0.0
2022-10-12,中性,890.286,925.738,924.914,（无操作）,0.0,0.8954682380603938,0.8954682380603938,0.0
2022-10-13,中性,917.397,941.131,926.52,（无操作）,0.0,0.8954682380603938,0.8954682380603938,0.0
2022-10-14,中性,936.422,958.748,954.924,（无操作）,0.0,0.8954682380603938,0.8954682380603938,0.0
2022-10-17,中性,948.642,964.411,963.224,（无操作）,0.0,0.8954682380603938,0.8954682380603938,0.0
2022-10-18,中性,964.97,966.238,960.0,（无操作）,0.0,0.8954682380603938,0.8954682380603938,0.0
2022-10-19,偏强,957.733,961.257,949.498,开盘买入2成 @ 957.733（持仓 20%）,0.00018690401765346828,0.716374590448315,0.8938395814022478,0.198542327556727
2022-10-20,偏强,944.161,975.359,963.952,开盘买入2成 @ 944.161（持仓 40%）,0.00037614989520184575,0.5376066741678653,0.900197117947475,0.4027900518125922
2022-10-21,偏强,961.484,971.653,967.98,开盘买入2成 @ 961.484（持仓 60%）,0.0005633079226521855,0.35756725057837035,0.9028380535472329,0.603951949994248
2022-10-24,中性,967.565,989.668,969.493,冲高(+1%)卖出剩余50% @ 977.241,0.00028165396132609277,0.6326733289696355,0.9057348728975532,0.3014806563143157
2022-10-25,中性,962.973,981.119,971.334,冲高(+1%)卖出剩余50% @ 972.603,0.00014082698066304638,0.7695735504672463,0.9063635849026057,0.15092181185771977
2022-10-26,中性,972.452,1007.454,1003.255,冲高(+1%)卖出剩余50% @ 982.177,7.041349033152319e-05,0.838697448123668,0.9093401343662203,0.07768565751448757
2022-10-27,中性,1008.706,1017.419,1004.909,（无操作）,7.041349033152319e-05,0.838697448123668,0.9094565982792286,0.07780376797468196
2022-10-28,偏强,996.612,1014.849,993.721,开盘买入2成 @ 996.612（持仓 28%）,0.0002528319434969704,0.6568061284678223,0.9080505401915753,0.2766854933765546
2022-10-31,偏强,991.887,1019.433,1010.327,开盘买入2成 @ 991.887（持仓 48%）,0.0004358360038023611,0.4751960204295072,0.9155329026431352,0.4809623782415459
2022-11-01,中性,1011.964,1029.567,1024.522,冲高(+1%)卖出剩余50% @ 1022.084,0.00021791800190118054,0.6978150798218904,0.9210768669656917,0.24239213376326965
2022-11-02,偏强,1020.074,1045.647,1037.179,开盘买入2成 @ 1020.074（持仓 44%）,0.00039841795752917393,0.5135997064287521,0.9268304452009032,0.4458536519941117
2022-11-03,偏强,1028.433,1052.43,1048.07,开盘买入2成 @ 1028.433（持仓 64%）,0.00057856917040743,0.32823361738857143,0.9346146078174866,0.6488032450562022
2022-11-04,偏强,1048.891,1075.387,1072.87,开盘买入2成 @ 1048.891（持仓 85%）,0.0007566901637328493,0.14131069582507408,0.953140871789136,0.8517420666686757
2022-11-07,偏强,1070.145,1079.133,1061.351,开盘买入2成 @ 1070.145（持仓 100%）,0.0008886063910120122,7.062003789357063e-05,0.9431939017448838,0.9999251267021946
2022-11-08,偏强,1061.712,1061.712,1051.709,开盘买入2成：无空余仓位，不动,0.0008886063910120122,7.062003789357063e-05,0.9346259589227459,0.9999244403205161
2022-11-09,中性,1049.721,1052.672,1037.527,（无操作）,0.0008886063910120122,7.062003789357063e-05,0.9220237430854136,0.9999234075712007
2022-11-10,中性,1033.129,1041.046,1023.064,（无操作）,0.0008886063910120122,7.062003789357063e-05,0.9091718288522068,0.9999223248723151
2022-11-11,中性,1053.859,1053.859,1023.265,（无操作）,0.0008886063910120122,7.062003789357063e-05,0.9093504387368002,0.9999223401288598
2022-11-14,中性,1021.409,1029.308,1022.913,（无操作）,0.0008886063910120122,7.062003789357063e-05,0.909037649287164,0.9999223134069871
2022-11-15,中性,1022.041,1052.563,1052.045,冲高(+1%)卖出剩余50% @ 1032.261,0.0004443031955060061,0.45847834457689884,0.9259052998930151,0.5048323574453302
2022-11-16,中性,1052.414,1052.414,1036.492,（无操作）,0.0004443031955060061,0.45847834457689884,0.9189950522933101,0.5011090174720885
2022-11-17,中性,1029.315,1041.673,1041.673,冲高(+1%)卖出剩余50% @ 1039.608,0.00022215159775300304,0.6893134808306627,0.9207228021168266,0.251334408960148
2022-11-18,中性,1039.855,1044.724,1031.992,（无操作）,0.00022215159775300304,0.6893134808306627,0.9185721524989798,0.2495815609526348
2022-11-21,中性,1023.901,1032.692,1032.472,（无操作）,0.00022215159775300304,0.6893134808306627,0.9186787852659013,0.2496686634260868
2022-11-22,中性,1029.503,1029.503,1017.822,（无操作）,0.00022215159775300304,0.6893134808306627,0.9154242643588197,0.24700108171868185
2022-11-23,中性,1014.738,1019.586,1017.016,（无操作）,0.00022215159775300304,0.6893134808306627,0.9152452101710308,0.24685376861808273
2022-11-24,中性,1019.177,1024.1,1015.355,（无操作）,0.00022215159775300304,0.6893134808306627,0.9148762163671631,0.24655000479974917
2022-11-25,中性,1012.797,1012.797,999.988,（无操作）,0.00022215159775300304,0.6893134808306627,0.9114624127644927,0.24372802303503188
2022-11-28,中性,983.594,995.998,992.812,冲高(+1%)卖出剩余50% @ 993.430,0.00011107579887650152,0.7996043320318911,0.9098817180660683,0.1211996942509947
2022-11-29,中性,995.34,1003.11,1002.447,（无操作）,0.00011107579887650152,0.7996043320318911,0.9109519333882434,0.12223213681780123
2022-11-30,中性,999.613,1002.753,1000.263,（无操作）,0.00011107579887650152,0.7996043320318911,0.9107093438434971,0.12199832203621175
2022-12-01,中性,1008.707,1015.503,1009.332,（无操作）,0.00011107579887650152,0.7996043320318911,0.9117166902635081,0.12296841708493222
2022-12-02,中性,1005.632,1021.517,1008.145,冲高(+1%)卖出剩余50% @ 1015.688,5.553789943825076e-05,0.8559853232107686,0.911975578839944,0.06139446815055764
2022-12-05,偏强,1011.281,1011.281,1003.6,开盘买入2成 @ 1011.281（持仓 26%）,0.00023580823358483887,0.6735902074427798,0.910247350668524,0.25999212527444693
2022-12-06,偏强,1003.306,1013.977,1003.136,开盘买入2成 @ 1003.306（持仓 46%）,0.0004171671518891854,0.4915407373090749,0.9100161253865847,0.45985491509805604
2022-12-07,中性,999.278,1007.36,1000.475,（无操作）,0.0004171671518891854,0.4915407373090749,0.9089060435954077,0.45919521520105505
2022-12-08,中性,999.748,1001.675,997.315,（无操作）,0.0004171671518891854,0.4915407373090749,0.9075877953954379,0.45840970999956027
2022-12-09,中性,998.739,1001.686,1001.686,（无操作）,0.0004171671518891854,0.4915407373090749,0.9094112330163455,0.4594956390864812
2022-12-12,中性,1000.289,1010.89,1004.622,冲高(+1%)卖出剩余50% @ 1010.292,0.0002085835759445927,0.702165667325514,0.9117133165581226,0.22983940831717548
2022-12-13,中性,1002.54,1002.54,989.307,（无操作）,0.0002085835759445927,0.702165667325514,0.9085188590925312,0.2271314345341514
2022-12-14,中性,1003.566,1003.566,984.219,（无操作）,0.0002085835759445927,0.702165667325514,0.9074575858581251,0.22622756339457953
2022-12-15,中性,985.152,991.472,989.198,（无操作）,0.0002085835759445927,0.702165667325514,0.9084961234827532,0.22711209307780403
2022-12-16,中性,984.252,984.252,978.361,（无操作）,0.0002085835759445927,0.702165667325514,0.9062357032702416,0.22518428175839975
2022-12-19,中性,973.598,976.129,956.186,（无操作）,0.0002085835759445927,0.702165667325514,0.9016103624736703,0.22120940868620584
2022-12-20,中性,955.078,957.614,952.767,（无操作）,0.0002085835759445927,0.702165667325514,0.9008972152275158,0.22059292063835872
2022-12-21,偏弱,950.561,952.865,940.835,开盘卖出持仓50% @ 950.561（剩余 11%）,0.00010429178797229635,0.8012518057391146,0.89937317007603,0.10909972367601381
2022-12-22,偏弱,944.573,944.573,930.805,开盘卖出持仓50% @ 944.573（剩余 5%）,5.2145893986148174e-05,0.8504827814575324,0.899020440309309,0.05398949420446682
2022-12-23,偏弱,925.141,927.227,920.351,开盘卖出持仓50% @ 925.141（剩余 3%）,2.6072946993074087e-05,0.8745918731355249,0.8985881359735476,0.026704406476527446
2022-12-26,偏弱,920.735,951.11,951.11,开盘卖出持仓50% @ 920.735（剩余 1%）；冲高(+1%)卖出剩余100% @ 929.942,0.0,0.8987061162063293,0.8987061162063293,0.0
2022-12-27,偏弱,951.856,964.583,963.136,开盘卖出50%：空仓，不动,0.0,0.8987061162063293,0.8987061162063293,0.0
2022-12-28,中性,960.388,962.333,957.274,（无操作）,0.0,0.8987061162063293,0.8987061162063293,0.0
2022-12-29,中性,956.098,968.936,962.253,（无操作）,0.0,0.8987061162063293,0.8987061162063293,0.0
2022-12-30,偏弱,963.294,969.506,959.905,开盘卖出50%：空仓，不动,0.0,0.8987061162063293,0.8987061162063293,0.0
2023-01-03,偏弱,960.509,980.923,979.913,开盘卖出50%：空仓，不动,0.0,0.8987061162063293,0.8987061162063293,0.0
2023-01-04,中性,982.026,982.026,972.378,（无操作）,0.0,0.8987061162063293,0.8987061162063293,0.0
2023-01-05,中性,972.606,984.397,983.52,（无操作）,0.0,0.8987061162063293,0.8987061162063293,0.0
2023-01-06,中性,985.994,1002.625,991.095,（无操作）,0.0,0.8987061162063293,0.8987061162063293,0.0
2023-01-09,中性,994.74,998.166,988.669,（无操作）,0.0,0.8987061162063293,0.8987061162063293,0.0
2023-01-10,中性,989.849,997.05,990.315,（无操作）,0.0,0.8987061162063293,0.8987061162063293,0.0
2023-01-11,中性,990.145,991.813,973.962,（无操作）,0.0,0.8987061162063293,0.8987061162063293,0.0
2023-01-12,中性,978.361,978.361,974.194,（无操作）,0.0,0.8987061162063293,0.8987061162063293,0.0
2023-01-13,中性,976.58,976.58,974.312,（无操作）,0.0,0.8987061162063293,0.8987061162063293,0.0
2023-01-16,中性,972.703,999.489,992.613,（无操作）,0.0,0.8987061162063293,0.8987061162063293,0.0
2023-01-17,中性,994.642,1004.781,1003.677,（无操作）,0.0,0.8987061162063293,0.8987061162063293,0.0
2023-01-18,中性,1006.688,1009.088,1006.746,（无操作）,0.0,0.8987061162063293,0.8987061162063293,0.0
2023-01-19,中性,1004.786,1023.651,1023.651,（无操作）,0.0,0.8987061162063293,0.8987061162063293,0.0
2023-01-20,中性,1025.004,1034.357,1029.135,（无操作）,0.0,0.8987061162063293,0.8987061162063293,0.0
2023-01-30,中性,1046.437,1046.437,1031.61,（无操作）,0.0,0.8987061162063293,0.8987061162063293,0.0
2023-01-31,中性,1027.819,1028.399,1014.358,（无操作）,0.0,0.8987061162063293,0.8987061162063293,0.0
2023-02-01,中性,1016.311,1026.701,1026.398,（无操作）,0.0,0.8987061162063293,0.8987061162063293,0.0
2023-02-02,中性,1030.335,1039.021,1031.68,（无操作）,0.0,0.8987061162063293,0.8987061162063293,0.0
2023-02-03,中性,1029.118,1034.23,1033.87,（无操作）,0.0,0.8987061162063293,0.8987061162063293,0.0
2023-02-06,偏强,1031.918,1035.282,1024.426,开盘买入2成 @ 1031.918（持仓 20%）,0.00017409464467379643,0.7189648929650634,0.897311973429662,0.1987570496612556
2023-02-07,偏强,1024.237,1027.33,1020.166,开盘买入2成 @ 1024.237（持仓 40%）,0.00034922277256974873,0.539502498279131,0.8957676972805213,0.39772052517966744
2023-02-08,偏强,1021.161,1025.071,1010.694,开盘买入2成 @ 1021.161（持仓 60%）,0.0005245761276747499,0.3603489588230267,0.8905349036071304,0.5953567262064342
2023-02-09,中性,1007.839,1037.703,1036.861,冲高(+1%)卖出剩余50% @ 1017.917,0.00026228806383737495,0.6272030464018361,0.8991593105603206,0.30245615094505557
2023-02-10,中性,1034.218,1034.536,1024.538,（无操作）,0.00026228806383737495,0.6272030464018361,0.8959271347496526,0.2999396691148389
2023-02-13,中性,1020.55,1031.082,1024.036,冲高(+1%)卖出剩余50% @ 1030.755,0.00013114403191868748,0.7623128898781026,0.8966090997479876,0.1497823409417014
2023-02-14,中性,1026.45,1028.94,1022.669,（无操作）,0.00013114403191868748,0.7623128898781026,0.8964298258563548,0.14961230886102098
2023-02-15,中性,1022.794,1025.483,1024.217,（无操作）,0.00013114403191868748,0.7623128898781026,0.896632836817765,0.14980484923614507
2023-02-16,偏强,1024.121,1029.125,1005.18,开盘买入2成 @ 1024.121（持仓 35%）,0.0003061594342872635,0.5829863225145496,0.8907316626714211,0.3454972502424612
2023-02-17,偏强,1002.082,1004.788,986.335,开盘买入2成 @ 1002.082（持仓 54%）,0.00048384679308858224,0.4048399899802654,0.8820750166412922,0.5410367799308173
2023-02-20,中性,985.113,999.597,998.832,冲高(+1%)卖出剩余50% @ 994.964,0.00024192339654429112,0.6454247391987163,0.8870655692158438,0.27240469972330816
2023-02-21,中性,997.554,1001.288,995.725,（无操作）,0.00024192339654429112,0.6454247391987163,0.8863139132227806,0.27178764818003626
2023-02-22,中性,988.789,991.808,989.653,（无操作）,0.00024192339654429112,0.6454247391987163,0.8848449543589637,0.2705787200128164
2023-02-23,中性,988.196,996.898,992.462,（无操作）,0.00024192339654429112,0.6454247391987163,0.8855245171798566,0.27113848721635586
2023-02-24,中性,996.028,997.75,990.632,（无操作）,0.00024192339654429112,0.6454247391987163,0.8850817973641805,0.27077390912249616
2023-02-27,中性,988.108,993.674,986.282,（无操作）,0.00024192339654429112,0.6454247391987163,0.8840294305892129,0.2699058234197752
2023-02-28,中性,991.44,993.021,990.467,（无操作）,0.00024192339654429112,0.6454247391987163,0.8850418800037507,0.27074101940127276
2023-03-01,偏弱,989.108,996.492,994.634,开盘卖出持仓50% @ 989.108（剩余 14%）,0.00012096169827214556,0.7650091005615545,0.8853217183607717,0.1358970590058307
2023-03-02,中性,994.544,996.074,988.894,（无操作）,0.00012096169827214556,0.7650091005615545,0.8846273982126895,0.13521884794978448
2023-03-03,中性,996.1,1000.906,998.901,（无操作）,0.00012096169827214556,0.7650091005615545,0.885837861927299,0.13640053847197256
2023-03-06,偏强,999.724,1010.755,1007.635,开盘买入2成 @ 999.724（持仓 34%）,0.0002980896184471392,0.5878415281760947,0.8882070608600778,0.33817062025281586
2023-03-07,偏强,1005.619,1005.619,990.575,开盘买入2成 @ 1005.619（持仓 54%）,0.0004746501606147877,0.41020011600407913,0.8803766988550725,0.5340629567575524
2023-03-08,偏强,989.707,995.697,994.886,开盘买入2成 @ 989.707（持仓 73%）,0.0006524677835051639,0.2341247762330646,0.883255839493383,0.7349298292017479
2023-03-09,偏强,996.563,1002.977,998.303,开盘买入2成 @ 996.563（持仓 94%）,0.0008296396095266486,0.05747360833438797,0.8857053194436699,0.9351097853059206
2023-03-10,中性,990.9,1003.721,993.552,冲高(+1%)卖出剩余50% @ 1000.809,0.0004148198047633243,0.47242142462277315,0.8845664712849836,0.4659288589850116
2023-03-13,中性,992.942,999.259,998.907,（无操作）,0.0004148198047633243,0.47242142462277315,0.8867878313394912,0.46726668101750835
2023-03-14,中性,997.77,1016.918,1013.391,冲高(+1%)卖出剩余50% @ 1007.748,0.00020740990238166216,0.6813337682790765,0.8915210966635315,0.2357625962762625
2023-03-15,中性,1016.178,1026.837,1007.304,冲高(+1%)卖出剩余50% @ 1026.340,0.00010370495119083108,0.7877170668107898,0.8921794789651187,0.11708676854515843
2023-03-16,中性,1001.517,1008.783,992.435,（无操作）,0.00010370495119083108,0.7877170668107898,0.8906374900458622,0.11555815287965553
2023-03-17,中性,1002.366,1020.266,1015.758,冲高(+1%)卖出剩余50% @ 1012.390,5.185247559541554e-05,0.8401857294939217,0.8928552963997698,0.05899003692784913
2023-03-20,偏强,1016.229,1033.873,1025.321,开盘买入2成 @ 1016.229（持仓 26%）,0.00022748397043640967,0.6616146702139677,0.8948587622657976,0.260649056462555
2023-03-21,偏强,1024.533,1030.186,1030.186,开盘买入2成 @ 1024.533（持仓 46%）,0.0004020828474833284,0.48264291776080814,0.8968630380782683,0.46185437768181453
2023-03-22,偏强,1031.614,1037.403,1034.049,开盘买入2成 @ 1031.614（持仓 66%）,0.0005758716542779118,0.3032703101451545,0.8987498183795749,0.6625642598827516
2023-03-23,偏强,1030.466,1058.988,1058.988,开盘买入2成 @ 1030.466（持仓 86%）,0.0007502200884903075,0.12352034646923946,0.9179944175394134,0.8654454274348174
2023-03-24,偏强,1058.119,1063.229,1060.987,开盘买入2成 @ 1058.119（持仓 100%）,0.0008668392198935887,6.172930858031056e-05,0.9197668727058194,0.9999328859187995
2023-03-27,偏强,1057.172,1067.476,1057.487,开盘买入2成 @ 1057.172（持仓 100%）,0.0008668975525258735,3.0849229675294844e-08,0.9167329229771582,0.9999999663487271
2023-03-28,偏强,1059.666,1061.126,1038.625,开盘买入2成：无空余仓位，不动,0.0008668975525258735,3.0849229675294844e-08,0.9003815013414151,0.9999999657376016
2023-03-29,偏强,1039.795,1074.536,1062.136,开盘买入2成：无空余仓位，不动,0.0008668975525258735,3.0849229675294844e-08,0.9207631296988509,0.9999999664960197
2023-03-30,偏强,1065.387,1069.116,1065.69,开盘买入2成：无空余仓位，不动,0.0008668975525258735,3.0849229675294844e-08,0.9238440836005279,0.9999999666077531
2023-03-31,偏强,1063.288,1081.988,1081.541,开盘买入2成 @ 1063.288（持仓 100%）,0.0008668975815099339,1.541690638445064e-11,0.9375852772192522,0.9999999999835568
2023-04-03,中性,1093.075,1127.548,1126.489,冲高(+1%)卖出剩余50% @ 1104.006,0.00043344879075496695,0.47829069236078525,0.9665659872095572,0.5051649875022045
2023-04-04,偏强,1122.383,1146.038,1129.084,开盘买入2成 @ 1122.383（持仓 70%）,0.000605597325744661,0.2849774949188738,0.9687477458599587,0.7058289981713466
2023-04-06,偏强,1127.032,1162.937,1146.964,开盘买入2成 @ 1127.032（持仓 90%）,0.0007774227245004962,0.09122794574688203,0.9829038235308691,0.9071852773762081
2023-04-07,偏强,1149.536,1161.765,1161.021,开盘买入2成 @ 1149.536（持仓 100%）,0.0008550051774103421,0.0019995312474153093,0.9946784973295482,0.9979897713152707
2023-04-10,偏强,1164.983,1168.089,1129.172,开盘买入2成：无空余仓位，不动,0.0008550051774103421,0.0019995312474153093,0.9674474374342061,0.9979331887500593
2023-04-11,偏强,1132.222,1135.727,1121.74,开盘买入2成：无空余仓位，不动,0.0008550051774103421,0.0019995312474153093,0.9610930389556924,0.9979195237439364
2023-04-12,偏强,1118.129,1137.59,1129.406,开盘买入2成 @ 1118.129（持仓 100%）,0.0008567916736149994,9.992659907123204e-07,0.9676666561968127,0.9999989673448141
2023-04-13,偏强,1122.371,1123.379,1100.126,开盘买入2成 @ 1122.371（持仓 99%）,0.0008567925630423577,4.993833037043214e-10,0.9425797757089202,0.9999999994701951
2023-04-14,中性,1107.625,1137.053,1136.213,冲高(+1%)卖出剩余50% @ 1118.701,0.00042839628152117887,0.47900783240466155,0.9657572566206847,0.5040080422685358
2023-04-17,偏强,1134.051,1145.764,1140.13,开盘买入2成 @ 1134.051（持仓 70%）,0.0005986310627278494,0.28585638108052464,0.9683736146284276,0.704807755227604
2023-04-18,偏强,1130.813,1136.103,1129.817,开盘买入2成 @ 1130.813（持仓 90%）,0.0007698158067648441,0.09218165815483906,0.9619326435064749,0.9041703608073692
2023-04-19,中性,1131.74,1149.378,1134.404,冲高(+1%)卖出剩余50% @ 1143.057,0.00038490790338242207,0.5319334995209617,0.9685745647495948,0.4508078996907355
2023-04-20,中性,1134.938,1165.064,1164.948,冲高(+1%)卖出剩余50% @ 1146.287,0.00019245395169121104,0.7524307318076993,0.9766295779224722,0.2295638501873947
2023-04-21,偏强,1162.938,1162.938,1116.825,开盘买入2成 @ 1162.938（持仓 43%）,0.000360329024510035,0.5571048162232048,0.9595292790216248,0.4193977938940522
2023-04-24,中性,1116.666,1116.666,1096.378,（无操作）,0.000360329024510035,0.5571048162232048,0.9521616314574679,0.4149052032579302
2023-04-25,中性,1095.946,1101.063,1076.865,（无操作）,0.000360329024510035,0.5571048162232048,0.9451305312022037,0.41055251329721737
2023-04-26,中性,1072.696,1084.365,1069.005,冲高(+1%)卖出剩余50% @ 1083.423,0.0001801645122550175,0.752201588192915,0.94479835261609,0.20384959805432143
2023-04-27,中性,1063.53,1082.016,1068.012,冲高(+1%)卖出剩余50% @ 1074.165,9.008225612750875e-05,0.8489164402539584,0.9451253707852113,0.10179488722360969
2023-04-28,中性,1060.706,1088.364,1087.869,冲高(+1%)卖出剩余50% @ 1071.313,4.5041128063754376e-05,0.897145462411425,0.9461443093570134,0.05178792120927868
2023-05-04,中性,1077.852,1077.852,1064.205,（无操作）,4.5041128063754376e-05,0.897145462411425,0.9450784561025127,0.05071853387576156
2023-05-05,中性,1062.663,1065.137,1049.089,（无操作）,4.5041128063754376e-05,0.897145462411425,0.944397614410701,0.0500341712836294
2023-05-08,中性,1050.1,1060.352,1057.214,（无操作）,4.5041128063754376e-05,0.897145462411425,0.944763573576219,0.05040214557018208
2023-05-09,中性,1058.373,1061.139,1034.213,（无操作）,4.5041128063754376e-05,0.897145462411425,0.9437275825896246,0.04935971040538678
2023-05-10,偏强,1031.129,1035.843,1025.706,开盘买入2成 @ 1031.129（持仓 25%）,0.00022799708306304518,0.7083999458935001,0.9422579219737639,0.24818892006808227
2023-05-11,中性,1035.183,1035.889,1025.971,（无操作）,0.00022799708306304518,0.7083999458935001,0.9423183412007756,0.24823712441933204
2023-05-12,中性,1028.36,1034.15,1014.105,（无操作）,0.00022799708306304518,0.7083999458935001,0.9396129278131495,0.2460725848651033
2023-05-15,中性,1013.526,1025.785,1025.785,冲高(+1%)卖出剩余50% @ 1023.661,0.00011399854153152259,0.8250374886104896,0.9419754825354025,0.12414122882494237
2023-05-16,中性,1029.33,1032.942,1025.866,（无操作）,0.00011399854153152259,0.8250374886104896,0.9419847164172666,0.12414981450184526
2023-05-17,中性,1025.447,1032.918,1029.65,（无操作）,0.00011399854153152259,0.8250374886104896,0.9424160868984219,0.12455071588838855
2023-05-18,中性,1031.404,1038.227,1034.822,（无操作）,0.00011399854153152259,0.8250374886104896,0.9430056873552229,0.12509807769621176
2023-05-19,中性,1040.346,1048.744,1040.161,（无操作）,0.00011399854153152259,0.8250374886104896,0.9436143255684597,0.12566239590156292
2023-05-22,中性,1040.829,1040.829,1032.112,（无操作）,0.00011399854153152259,0.8250374886104896,0.9426967513076725,0.12481135904411517
2023-05-23,中性,1029.144,1029.144,1016.106,（无操作）,0.00011399854153152259,0.8250374886104896,0.9408720906519189,0.12311408021590788
2023-05-24,中性,1011.124,1022.726,1011.774,冲高(+1%)卖出剩余50% @ 1021.235,5.6999270765761294e-05,0.8832180477388067,0.9408884279185641,0.061293537542316194
2023-05-25,中性,1016.916,1021.719,1021.719,（无操作）,5.6999270765761294e-05,0.8832180477388067,0.9414552856663296,0.06185874020167039
2023-05-26,中性,1023.858,1040.11,1038.661,冲高(+1%)卖出剩余50% @ 1034.097,2.8499635382880647e-05,0.9126746875317503,0.9422761473181684,0.03141484571233977
2023-05-29,中性,1041.27,1041.27,1028.38,（无操作）,2.8499635382880647e-05,0.9126746875317503,0.941983142566797,0.03111356637995091
2023-05-30,偏强,1025.826,1046.069,1044.425,开盘买入2成 @ 1025.826（持仓 23%）,0.00021206144535330647,0.7242780590183909,0.945760334081518,0.23418435631287202
2023-05-31,偏强,1040.339,1053.91,1053.91,开盘买入2成 @ 1040.339（持仓 43%）,0.00039378830366322277,0.5351259922020872,0.9501434233157944,0.43679451010183956
2023-06-01,偏强,1048.954,1065.233,1053.549,开盘买入2成 @ 1048.954（持仓 63%）,0.0005748579385607081,0.3450973075389283,0.9507383138516238,0.6370217729620333
2023-06-02,中性,1055.948,1058.142,1053.291,（无操作）,0.0005748579385607081,0.3450973075389283,0.9505900005034751,0.6369651402222312
2023-06-05,偏强,1063.15,1065.045,1051.734,开盘买入2成 @ 1063.150（持仓 84%）,0.0007535937600406421,0.1549793074382333,0.9475594870608178,0.8364437171971598
2023-06-06,偏强,1047.919,1047.919,1022.984,开盘买入2成 @ 1047.919（持仓 100%）,0.0009013384276035304,7.745092825500732e-05,0.9221322409518249,0.9999160088707287
2023-06-07,偏强,1023.95,1025.174,1019.051,开盘买入2成：无空余仓位，不动,0.0009013384276035304,7.745092825500732e-05,0.9185872769160603,0.9999156847365499
2023-06-08,中性,1012.656,1012.994,1007.12,（无操作）,0.0009013384276035304,7.745092825500732e-05,0.9078334081363226,0.9999146859681953
2023-06-09,中性,1008.903,1032.551,1032.551,冲高(+1%)卖出剩余50% @ 1018.992,0.0004506692138017652,0.4590761737901046,0.9244151211703311,0.5033874248953181
2023-06-12,中性,1030.258,1031.939,1026.639,（无操作）,0.0004506692138017652,0.4590761737901046,0.921750764778335,0.501951946955526
2023-06-13,中性,1025.21,1042.849,1039.463,冲高(+1%)卖出剩余50% @ 1035.462,0.0002253346069008826,0.6922849563317349,0.926511942824747,0.2528051454781053
2023-06-14,中性,1038.89,1038.89,1035.314,（无操作）,0.0002253346069008826,0.6922849563317349,0.9255770295407153,0.2520504137021889
2023-06-15,偏强,1036.311,1036.311,1033.85,开盘买入2成 @ 1036.311（持仓 45%）,0.00040387453792633025,0.5071695504235918,0.9247152414587283,0.4515397522554756
2023-06-16,偏强,1034.425,1054.58,1052.883,开盘买入2成 @ 1034.425（持仓 65%）,0.0005825734508298811,0.3222265021318461,0.9356081847619638,0.6555967472496764
2023-06-19,偏强,1053.343,1059.285,1055.454,开盘买入2成 @ 1053.343（持仓 86%）,0.0007601301658704208,0.13510486517945333,0.9373872892680524,0.855870815909027
2023-06-20,中性,1054.511,1057.512,1055.412,（无操作）,0.0007601301658704208,0.13510486517945333,0.937355363801086,0.8558659070007482
2023-06-21,中性,1050.124,1050.124,1020.222,（无操作）,0.0007601301658704208,0.13510486517945333,0.9106063832641058,0.8516319809936271
2023-06-26,中性,1011.149,1028.411,1010.314,冲高(+1%)卖出剩余50% @ 1021.260,0.0003800650829352104,0.5230562452833418,0.907041319483946,0.4233380177422011
2023-06-27,中性,1011.082,1015.452,1011.352,（无操作）,0.0003800650829352104,0.5230562452833418,0.9074358270400327,0.4235887214311338
2023-06-28,中性,1017.081,1017.081,1008.219,（无操作）,0.0003800650829352104,0.5230562452833418,0.9062450831351967,0.4228313565312768
2023-06-29,中性,1004.543,1010.324,1001.458,（无操作）,0.0003800650829352104,0.5230562452833418,0.9036754631094718,0.42119016545658
2023-06-30,中性,999.182,1008.635,1005.15,（无操作）,0.0003800650829352104,0.5230562452833418,0.9050786633956686,0.4220875306893849
2023-07-03,中性,1006.577,1012.748,1008.399,（无操作）,0.0003800650829352104,0.5230562452833418,0.906313494850125,0.4228749232407288
2023-07-04,中性,1008.433,1022.093,1015.396,冲高(+1%)卖出剩余50% @ 1018.517,0.0001900325414676052,0.716510906313667,0.9094691887897074,0.2121658268960416
2023-07-05,中性,1013.379,1016.037,1005.732,（无操作）,0.0001900325414676052,0.716510906313667,0.9076327143089645,0.2105717488828177
2023-07-06,中性,1004.667,1011.882,1002.111,（无操作）,0.0001900325414676052,0.716510906313667,0.9069446064763103,0.2099728018699205
2023-07-07,中性,1001.016,1001.016,991.849,（无操作）,0.0001900325414676052,0.716510906313667,0.9049944925357698,0.20827042349614405
2023-07-10,中性,992.744,999.596,993.731,（无操作）,0.0001900325414676052,0.716510906313667,0.9053521337788117,0.20858318042168655
2023-07-11,偏强,996.559,1002.207,1001.414,开盘买入2成 @ 996.559（持仓 41%）,0.0003716373805061054,0.5354404795579046,0.9076033553200457,0.41005013212066216
2023-07-12,偏强,999.236,999.236,984.981,开盘买入2成 @ 999.236（持仓 61%）,0.0005532060550594303,0.3539198084938955,0.8988172618123882,0.6062383050140288
2023-07-13,偏强,988.697,997.569,995.973,开盘买入2成 @ 988.697（持仓 81%）,0.0007349337386214319,0.17415635613141783,0.9061305165874212,0.8078021290053136
2023-07-14,偏强,999.789,999.939,991.559,开盘买入2成 @ 999.789（持仓 100%）,0.0009062360992964343,0.0028045071465794824,0.9013910675288526,0.9968886898843273
2023-07-17,偏强,988.881,988.881,984.821,开盘买入2成 @ 988.881（持仓 100%）,0.0009090693064683911,1.4015527968909945e-06,0.8952719450183043,0.9999984344948988
2023-07-18,中性,985.244,986.428,980.019,（无操作）,0.0009090693064683911,1.4015527968909945e-06,0.8909065942086432,0.9999984268240846
2023-07-19,中性,986.998,986.998,975.115,（无操作）,0.0009090693064683911,1.4015527968909945e-06,0.8864485183297222,0.9999984189123587
2023-07-20,中性,978.384,978.384,961.13,（无操作）,0.0009090693064683911,1.4015527968909945e-06,0.8737351840787617,0.9999983959066517
2023-07-21,中性,958.886,962.394,955.549,（无操作）,0.0009090693064683911,1.4015527968909945e-06,0.8686616682793615,0.9999983865377648
2023-07-24,偏强,953.965,959.875,950.552,开盘买入2成 @ 953.965（持仓 100%）,0.0009090707741871172,7.004261853527356e-10,0.8641190432455388,0.9999999991894333
2023-07-25,中性,961.522,965.027,964.396,（无操作）,0.0009090707741871172,7.004261853527356e-10,0.8767042190433851,0.999999999201069
2023-07-26,中性,963.554,967.208,961.597,（无操作）,0.0009090707741871172,7.004261853527356e-10,0.8741597299464354,0.9999999991987435
2023-07-27,中性,962.609,962.609,952.296,（无操作）,0.0009090707741871172,7.004261853527356e-10,0.8657044626757212,0.9999999991909176
2023-07-28,中性,950.515,962.86,962.645,冲高(+1%)卖出剩余50% @ 960.020,0.0004545353870935586,0.43614494963304345,0.8737011673417221,0.5008076377418204
2023-07-31,中性,961.689,973.628,968.994,冲高(+1%)卖出剩余50% @ 971.306,0.0002272676935467793,0.6567810257570709,0.8770020571977387,0.2511066304044192
2023-08-01,中性,969.405,969.683,969.683,（无操作）,0.0002272676935467793,0.6567810257570709,0.8771586446385924,0.251240320355415
2023-08-02,中性,967.687,971.523,968.439,（无操作）,0.0002272676935467793,0.6567810257570709,0.8768759236278203,0.25099890639050787
2023-08-03,中性,962.55,971.86,970.373,（无操作）,0.0002272676935467793,0.6567810257570709,0.8773154593471397,0.25137415651398765
2023-08-04,偏弱,972.484,976.956,975.778,开盘卖出持仓50% @ 972.484（剩余 13%）,0.00011363384677338965,0.7672328700537212,0.8781142777905658,0.1262721840895637
2023-08-07,中性,973.289,975.915,968.898,（无操作）,0.00011363384677338965,0.7672328700537212,0.8773324769247649,0.12549359537785035
2023-08-08,偏弱,967.433,968.91,965.532,开盘卖出持仓50% @ 967.433（剩余 6%）,5.6816923386694824e-05,0.8221719534131602,0.8770305110845624,0.06255034115467942
2023-08-09,偏弱,961.504,964.215,957.369,开盘卖出持仓50% @ 961.504（剩余 3%）,2.8408461693347412e-05,0.8494731455403844,0.8766705261032828,0.031023491440721855
2023-08-10,偏弱,957.218,961.252,959.17,开盘卖出持仓50% @ 957.218（剩余 2%）,1.4204230846673706e-05,0.8630628927102545,0.8766871648114585,0.015540631422537221
2023-08-11,中性,960.095,960.095,938.765,（无操作）,1.4204230846673706e-05,0.8630628927102545,0.8763973274810322,0.01521505640495719
2023-08-14,偏弱,932.092,932.092,930.495,开盘卖出持仓50% @ 932.092（剩余 1%）,7.102115423336853e-06,0.8696794077669388,0.8762878906577766,0.007541451800591738
2023-08-15,偏弱,933.057,933.057,917.45,开盘卖出持仓50% @ 933.057（剩余 0%）,3.5510577116684265e-06,0.8729910903525874,0.8762490082501576,0.0037180274863604815
2023-08-16,偏弱,916.586,919.324,901.787,开盘卖出持仓50% @ 916.586（剩余 0%）,1.7755288558342133e-06,0.8746177015319951,0.8762188503723113,0.0018273389571975412
2023-08-17,偏弱,899.799,912.877,910.378,开盘卖出持仓50% @ 899.799（剩余 0%）；冲高(+1%)卖出剩余100% @ 908.797,0.0,0.8762225059127985,0.8762225059127985,0.0
2023-08-18,偏弱,924.296,924.296,904.249,开盘卖出50%：空仓，不动,0.0,0.8762225059127985,0.8762225059127985,0.0
2023-08-21,偏弱,900.224,905.081,892.093,开盘卖出50%：空仓，不动,0.0,0.8762225059127985,0.8762225059127985,0.0
2023-08-22,中性,896.745,903.4,901.128,（无操作）,0.0,0.8762225059127985,0.8762225059127985,0.0
2023-08-23,中性,899.961,899.961,879.459,（无操作）,0.0,0.8762225059127985,0.8762225059127985,0.0
2023-08-24,中性,883.799,893.692,885.476,（无操作）,0.0,0.8762225059127985,0.8762225059127985,0.0
2023-08-25,中性,880.167,880.167,870.399,（无操作）,0.0,0.8762225059127985,0.8762225059127985,0.0
2023-08-28,中性,926.0,926.0,880.191,（无操作）,0.0,0.8762225059127985,0.8762225059127985,0.0
2023-08-29,中性,878.78,918.901,916.455,（无操作）,0.0,0.8762225059127985,0.8762225059127985,0.0
2023-08-30,中性,935.818,949.14,939.648,（无操作）,0.0,0.8762225059127985,0.8762225059127985,0.0
2023-08-31,偏强,936.195,947.514,942.613,开盘买入2成 @ 936.195（持仓 20%）,0.00018709448642771975,0.7009780047302387,0.877335699865331,0.20101506773537509
2023-09-01,偏强,944.251,944.251,934.787,开盘买入2成 @ 944.251（持仓 40%）,0.00037282841760485615,0.5255108647571726,0.8740260227647633,0.3987468896007809
2023-09-04,偏强,935.821,942.428,942.428,开盘买入2成 @ 935.821（持仓 60%）,0.0005595284869879301,0.3507056602042199,0.878020973139281,0.6005725706638818
2023-09-05,偏强,942.556,944.178,930.629,开盘买入2成 @ 942.556（持仓 80%）,0.0007457417585703627,0.1751014655763637,0.8691103726129419,0.7985279302904544
2023-09-06,中性,926.25,935.477,934.604,（无操作）,0.0007457417585703627,0.1751014655763637,0.872074696103259,0.7992127665683002
2023-09-07,中性,929.358,929.358,899.828,（无操作）,0.0007457417585703627,0.1751014655763637,0.8461407807072161,0.7930587089420137
2023-09-08,中性,895.504,906.169,901.506,冲高(+1%)卖出剩余50% @ 904.459,0.00037287087928518137,0.5121792798798337,0.8483246147807004,0.39624611739901394
2023-09-11,中性,901.542,914.893,907.505,冲高(+1%)卖出剩余50% @ 910.557,0.00018643543964259068,0.681854572710898,0.8510456663637472,0.19880377791681855
2023-09-12,中性,905.915,909.252,901.622,（无操作）,0.00018643543964259068,0.681854572710898,0.8499488666723298,0.19776989011061907
2023-09-13,中性,900.004,900.341,889.132,（无操作）,0.00018643543964259068,0.681854572710898,0.8476202880311939,0.19556600716262643
2023-09-14,中性,888.26,888.26,880.802,（无操作）,0.00018643543964259068,0.681854572710898,0.8460672808189712,0.19408942034623952
2023-09-15,中性,883.074,891.192,887.013,（无操作）,0.00018643543964259068,0.681854572710898,0.8472252313345913,0.19519090379684895
2023-09-18,中性,881.383,887.414,879.534,（无操作）,0.00018643543964259068,0.681854572710898,0.8458308806815044,0.1938641774801212
2023-09-19,偏强,879.345,880.021,873.618,开盘买入2成 @ 879.345（持仓 39%）,0.00037871678009331435,0.5126883965745971,0.8435421925661581,0.39221961735555105
2023-09-20,中性,870.032,872.972,866.023,（无操作）,0.00037871678009331435,0.5126883965745971,0.8406658386213495,0.39014008536925826
2023-09-21,中性,862.638,867.888,860.394,（无操作）,0.00037871678009331435,0.5126883965745971,0.8385340418662042,0.38858964457354583
2023-09-22,中性,860.728,882.958,882.878,冲高(+1%)卖出剩余50% @ 869.335,0.00018935839004665718,0.6772220176416412,0.8444023743292539,0.19798660185010888
2023-09-25,中性,880.317,880.317,874.555,（无操作）,0.00018935839004665718,0.6772220176416412,0.8428263444488955,0.19648688949743148
2023-09-26,中性,876.258,883.867,876.051,（无操作）,0.00018935839004665718,0.6772220176416412,0.8431096246004053,0.19675686544011056
2023-09-27,中性,875.435,883.837,880.17,（无操作）,0.00018935839004665718,0.6772220176416412,0.8438895918090075,0.19749926505206516
2023-09-28,中性,880.394,889.528,887.8,冲高(+1%)卖出剩余50% @ 889.198,9.467919502332859e-05,0.7613684685446555,0.8454246578863666,0.09942481397675192
2023-10-09,中性,884.204,889.148,887.212,（无操作）,9.467919502332859e-05,0.7613684685446555,0.8453689865196928,0.09936550703244969
2023-10-10,偏强,888.146,890.934,882.044,开盘买入2成 @ 888.146（持仓 30%）,0.00028495118031922844,0.5922946712407169,0.8436341501342104,0.29792473295860405
2023-10-11,偏强,885.628,894.165,893.449,开盘买入2成 @ 885.628（持仓 50%）,0.0004753725635325594,0.4235678412138748,0.8482889827294764,0.5006797803137888
2023-10-12,偏强,896.002,901.006,899.984,开盘买入2成 @ 896.002（持仓 70%）,0.0006646277326514618,0.2539100446679795,0.8520643700105728,0.7020060295857355
2023-10-13,偏强,895.468,895.952,891.72,开盘买入2成 @ 895.468（持仓 90%）,0.0008548385611199733,0.08349717066586493,0.8457738123877675,0.9012771861189012
2023-10-16,偏强,890.483,890.483,874.026,开盘买入2成 @ 890.483（持仓 100%）,0.0009485110243521233,4.1727721472206714e-05,0.8290650242918611,0.9999496689400111
2023-10-17,偏强,874.282,884.391,882.191,开盘买入2成：无空余仓位，不动,0.0009485110243521233,4.1727721472206714e-05,0.8368096168056962,0.9999501347491302
2023-10-18,偏强,884.706,884.706,869.762,开盘买入2成：无空余仓位，不动,0.0009485110243521233,4.1727721472206714e-05,0.8250205732840237,0.9999494222049443
2023-10-19,中性,864.459,877.728,870.101,冲高(+1%)卖出剩余50% @ 873.104,0.00047425551217606163,0.4139088808845512,0.8265590762844546,0.49923859919952374
2023-10-20,中性,865.775,871.358,861.809,（无操作）,0.00047425551217606163,0.4139088808845512,0.8226265495774907,0.4968447333761121
2023-10-23,中性,857.482,857.482,840.144,（无操作）,0.00047425551217606163,0.4139088808845512,0.8123518039061963,0.49048075120376544
2023-10-24,中性,844.085,855.392,850.614,冲高(+1%)卖出剩余50% @ 852.526,0.00023712775608803082,0.6159653439311836,0.8176695330482479,0.24668179620820282
2023-10-25,中性,859.765,861.144,848.646,（无操作）,0.00023712775608803082,0.6159653439311836,0.8172028656242666,0.24625161041176272
2023-10-26,中性,841.987,850.621,849.309,冲高(+1%)卖出剩余50% @ 850.407,0.00011856387804401541,0.7167424665854453,0.8174398352831299,0.1231862754312762
2023-10-27,中性,843.877,865.792,861.852,冲高(+1%)卖出剩余50% @ 852.316,5.9281939022007704e-05,0.7672441346243285,0.8183363923343239,0.06243429742169172
2023-10-30,中性,862.117,881.781,878.129,冲高(+1%)卖出剩余50% @ 870.738,2.9640969511003852e-05,0.7930407534115913,0.8190693483273196,0.031778255368587735
2023-10-31,中性,882.427,882.427,874.406,（无操作）,2.9640969511003852e-05,0.7930407534115913,0.8189589949978301,0.031647789137852385
2023-11-01,中性,874.04,875.787,869.918,（无操作）,2.9640969511003852e-05,0.7930407534115913,0.8188259663266647,0.03149046803040272
2023-11-02,中性,871.551,874.932,859.932,（无操作）,2.9640969511003852e-05,0.7930407534115913,0.8185299716051279,0.03114023808261108
2023-11-03,偏强,861.545,876.343,875.373,开盘买入2成 @ 861.545（持仓 23%）,0.00021956045396034852,0.6293347590905657,0.8215320523551979,0.2339498412918084
2023-11-06,偏强,880.603,891.262,890.207,开盘买入2成 @ 880.603（持仓 44%）,0.000406051186244793,0.46502834861952613,0.8264979569729446,0.4373508794592836
2023-11-07,偏强,887.204,892.557,891.456,开盘买入2成 @ 887.204（持仓 64%）,0.0005922732759819193,0.2997287572249372,0.8277143227386751,0.6378838096781766
2023-11-08,偏强,890.873,905.389,899.626,开盘买入2成 @ 890.873（持仓 84%）,0.0007780013589752245,0.13418589267720216,0.8340961432466475,0.8391241899825899
2023-11-09,偏强,897.931,903.12,893.798,开盘买入2成 @ 897.931（持仓 100%）,0.0009272910119183721,6.705941663029402e-05,0.8288779112872475,0.9999190961470716
2023-11-10,中性,888.987,893.692,889.75,（无操作）,0.0009272910119183721,6.705941663029402e-05,0.8251242372710019,0.999918728097417
2023-11-13,中性,893.5,896.551,896.551,（无操作）,0.0009272910119183721,6.705941663029402e-05,0.8314307434430588,0.9999193445549625
2023-11-14,偏强,895.814,904.341,904.341,开盘买入2成 @ 895.814（持仓 100%）,0.000927365795754609,3.3512951839225684e-08,0.8386549446114707,0.999999960039642
2023-11-15,中性,912.627,912.627,902.18,（无操作）,0.000927365795754609,3.3512951839225684e-08,0.836650907126845,0.9999999599439245
2023-11-16,偏强,898.744,898.744,887.111,开盘买入2成 @ 898.744（持仓 100%）,0.0009273658330059999,1.6748101868667368e-11,0.8226764315005336,0.999999999979642
2023-11-17,偏强,886.673,891.38,891.38,开盘买入2成：现金不足，不动,0.0009273658330059999,1.6748101868667368e-11,0.8266353562416362,0.9999999999797395
2023-11-20,偏强,890.898,895.351,892.631,开盘买入2成：现金不足，不动,0.0009273658330059999,1.6748101868667368e-11,0.8277954908987267,0.9999999999797679
2023-11-21,偏强,892.92,896.046,884.895,开盘买入2成：现金不足，不动,0.0009273658330059999,1.6748101868667368e-11,0.8206213888145923,0.999999999979591
2023-11-22,偏强,881.957,883.388,870.76,开盘买入2成：现金不足，不动,0.0009273658330059999,1.6748101868667368e-11,0.8075130727650525,0.9999999999792597
2023-11-23,偏强,869.853,878.026,877.77,开盘买入2成：现金不足，不动,0.0009273658330059999,1.6748101868667368e-11,0.8140139072544246,0.9999999999794253
2023-11-24,偏强,875.58,875.58,864.774,开盘买入2成：现金不足，不动,0.0009273658330059999,1.6748101868667368e-11,0.8019618608886786,0.9999999999791161
2023-11-27,偏强,864.267,869.369,868.03,开盘买入2成：现金不足，不动,0.0009273658330059999,1.6748101868667368e-11,0.8049813640409461,0.9999999999791945
2023-11-28,偏强,868.812,872.314,871.906,开盘买入2成：现金不足，不动,0.0009273658330059999,1.6748101868667368e-11,0.8085758340096774,0.999999999979287
2023-11-29,偏强,870.4,870.998,862.036,开盘买入2成：现金不足，不动,0.0009273658330059999,1.6748101868667368e-11,0.7994227332379081,0.9999999999790499
2023-11-30,偏强,861.51,865.685,865.685,开盘买入2成：现金不足，不动,0.0009273658330059999,1.6748101868667368e-11,0.802806691162547,0.9999999999791381
2023-12-01,偏强,863.334,869.228,867.537,开盘买入2成：现金不足，不动,0.0009273658330059999,1.6748101868667368e-11,0.8045241726852742,0.9999999999791827
2023-12-04,偏强,867.834,872.334,861.92,开盘买入2成：现金不足，不动,0.0009273658330059999,1.6748101868667368e-11,0.7993151588012795,0.999999999979047
2023-12-05,偏强,859.485,859.485,845.8,开盘买入2成：现金不足，不动,0.0009273658330059999,1.6748101868667368e-11,0.7843660215732227,0.9999999999786476
2023-12-06,偏强,843.815,851.56,848.791,开盘买入2成：现金不足，不动,0.0009273658330059999,1.6748101868667368e-11,0.7871397727797438,0.9999999999787229
2023-12-07,偏强,847.102,849.281,847.476,开盘买入2成：现金不足，不动,0.0009273658330059999,1.6748101868667368e-11,0.7859202867093408,0.9999999999786899
2023-12-08,偏强,849.161,868.234,868.234,开盘买入2成：现金不足，不动,0.0009273658330059999,1.6748101868667368e-11,0.8051705466708794,0.9999999999791994
2023-12-11,偏强,859.974,880.021,878.516,开盘买入2成：现金不足，不动,0.0009273658330059999,1.6748101868667368e-11,0.814705722165847,0.9999999999794428
2023-12-12,偏强,876.69,876.69,869.967,开盘买入2成：现金不足，不动,0.0009273658330059999,1.6748101868667368e-11,0.8067776716594788,0.9999999999792408
2023-12-13,中性,868.866,874.022,861.251,（无操作）,0.0009273658330059999,1.6748101868667368e-11,0.7986947510589985,0.9999999999790308
2023-12-14,偏强,865.092,866.404,855.898,开盘买入2成：现金不足，不动,0.0009273658330059999,1.6748101868667368e-11,0.7937305617549174,0.9999999999788995
2023-12-15,偏强,857.01,857.172,847.507,开盘买入2成：现金不足，不动,0.0009273658330059999,1.6748101868667368e-11,0.7859490350501639,0.9999999999786907
2023-12-18,偏强,845.538,846.623,840.681,开盘买入2成：现金不足，不动,0.0009273658330059999,1.6748101868667368e-11,0.7796188358740651,0.9999999999785176
2023-12-19,中性,839.644,850.047,845.859,冲高(+1%)卖出剩余50% @ 848.040,0.00046368291650299994,0.39302525361616963,0.7852356216864806,0.4994811203647968
2023-12-20,中性,847.272,847.272,835.713,（无操作）,0.00046368291650299994,0.39302525361616963,0.7805310948156412,0.496464322527726
2023-12-21,中性,832.37,850.122,847.817,冲高(+1%)卖出剩余50% @ 840.694,0.00023184145825149997,0.5878354531403432,0.7843945827507552,0.2505870564800541
2023-12-22,中性,846.666,851.002,843.318,（无操作）,0.00023184145825149997,0.5878354531403432,0.7833515280300817,0.24958919194478216
2023-12-25,中性,840.379,843.052,837.222,（无操作）,0.00023184145825149997,0.5878354531403432,0.7819382225005805,0.24823287028930624
2023-12-26,中性,836.531,836.531,825.258,（无操作）,0.00023184145825149997,0.5878354531403432,0.7791644712940596,0.24555665100585428
2023-12-27,中性,826.831,832.804,830.057,（无操作）,0.00023184145825149997,0.5878354531403432,0.7802770784522086,0.24663242151570164
2023-12-28,中性,828.401,852.348,850.385,冲高(+1%)卖出剩余50% @ 836.685,0.00011592072912574999,0.6847760949799248,0.7833533442175257,0.12584008221228382
2023-12-29,中性,849.611,853.645,852.005,（无操作）,0.00011592072912574999,0.6847760949799248,0.7835411357987094,0.126049592429002
2024-01-02,中性,850.969,850.969,839.801,（无操作）,0.00011592072912574999,0.6847760949799248,0.7821264392204588,0.124468806268156
2024-01-03,中性,838.302,841.765,829.772,（无操作）,0.00011592072912574999,0.6847760949799248,0.7809638702280566,0.12316546118841981
2024-01-04,中性,831.23,831.23,823.848,（无操作）,0.00011592072912574999,0.6847760949799248,0.7802771558287156,0.12239376756757828
2024-01-05,中性,820.397,825.375,807.729,（无操作）,0.00011592072912574999,0.6847760949799248,0.7784086295959377,0.12028712305594094
2024-01-08,中性,802.895,802.895,784.433,（无操作）,0.00011592072912574999,0.6847760949799248,0.7757081402902242,0.1172245598406097
2024-01-09,中性,786.48,792.684,782.926,（无操作）,0.00011592072912574999,0.6847760949799248,0.7755334477514317,0.1170257105411085
2024-01-10,中性,779.08,789.592,777.153,冲高(+1%)卖出剩余50% @ 786.871,5.796036456287499e-05,0.7303606097525899,0.7754046809537218,0.0580910488517161
2024-01-11,中性,775.372,792.774,789.864,冲高(+1%)卖出剩余50% @ 783.126,2.8980182281437496e-05,0.7530443883044144,0.7759347910019598,0.029500420606204694
2024-01-12,中性,788.025,789.555,778.358,（无操作）,2.8980182281437496e-05,0.7530443883044144,0.7756013450246295,0.02908318411889657
2024-01-15,中性,774.957,782.852,773.405,冲高(+1%)卖出剩余50% @ 782.707,1.4490091140718748e-05,0.7643802070953859,0.7755869160340735,0.014449326963885043
2024-01-16,中性,771.841,777.403,777.403,（无操作）,1.4490091140718748e-05,0.7643802070953859,0.7756448474184541,0.014522935800527527
2024-01-17,中性,775.864,775.864,757.045,（无操作）,1.4490091140718748e-05,0.7643802070953859,0.7753498581430113,0.014148001618131593
2024-01-18,中性,752.286,768.586,768.282,冲高(+1%)卖出剩余50% @ 759.809,7.245045570359374e-06,0.769882304485941,0.7754485425868278,0.00717808828722324
2024-01-19,中性,767.239,771.027,765.47,（无操作）,7.245045570359374e-06,0.769882304485941,0.775428169518684,0.007152003564927702
2024-01-22,中性,763.601,763.601,742.227,（无操作）,7.245045570359374e-06,0.769882304485941,0.7752597729244921,0.0069363439538025345
2024-01-23,中性,738.383,753.826,749.743,冲高(+1%)卖出剩余50% @ 745.767,3.622522785179687e-06,0.7725825110413801,0.7752984721419091,0.003503116797103465
2024-01-24,中性,753.01,753.01,750.275,（无操作）,3.622522785179687e-06,0.7725825110413801,0.7753003993240308,0.003505593812437557
2024-01-25,中性,749.133,766.742,765.791,冲高(+1%)卖出剩余50% @ 756.624,1.8112613925898435e-06,0.7739522702567845,0.7753393179298772,0.0017889556752985608
2024-01-26,中性,759.938,760.32,746.096,（无操作）,1.8112613925898435e-06,0.7739522702567845,0.7753036451367502,0.001743026604405236
2024-01-29,中性,748.264,748.264,725.308,（无操作）,1.8112613925898435e-06,0.7739522702567845,0.775265992634921,0.0016945440540627411
2024-01-30,中性,720.193,721.178,697.845,（无操作）,1.8112613925898435e-06,0.7739522702567845,0.7752162499632963,0.0016304865985093892
2024-01-31,中性,693.847,699.06,684.852,（无操作）,1.8112613925898435e-06,0.7739522702567845,0.7751927162440224,0.0016001775574571578
2024-02-01,中性,680.718,702.234,690.005,冲高(+1%)卖出剩余50% @ 687.525,9.056306962949218e-07,0.7745746028423144,0.7751994925509114,0.000806101802957434
2024-02-02,中性,693.02,693.02,673.407,（无操作）,9.056306962949218e-07,0.7745746028423144,0.7751844608926143,0.000786726361358729
2024-02-05,中性,675.396,686.024,676.793,冲高(+1%)卖出剩余50% @ 682.150,4.528153481474609e-07,0.7748833363699548,0.7751897986278735,0.0003953383525701947
2024-02-06,中性,675.453,721.295,720.8,冲高(+1%)卖出剩余50% @ 682.208,2.2640767407373044e-07,0.7750377161615476,0.7752009108130199,0.0002105191688967298
2024-02-07,中性,723.312,743.799,743.423,冲高(+1%)卖出剩余50% @ 730.545,1.1320383703686522e-07,0.7751203753220048,0.7752045336581463,0.00010856275020002661
2024-02-08,中性,749.639,767.517,751.504,冲高(+1%)卖出剩余50% @ 757.135,5.660191851843261e-08,0.7751632092099993,0.7752057457781736,5.487132726496598e-05
2024-02-19,中性,762.644,763.316,763.316,（无操作）,5.660191851843261e-08,0.7751632092099993,0.7752064143600351,5.573373650614533e-05
2024-02-20,偏强,756.084,757.359,754.702,开盘买入2成 @ 756.084（持仓 20%）,0.00020501240176552126,0.6201219263379922,0.7748451959752347,0.19968281463306334
2024-02-21,中性,747.25,768.351,755.155,冲高(+1%)卖出剩余50% @ 754.722,0.00010250620088276063,0.6974469806656337,0.7748550507932548,0.09990006524236358
2024-02-22,偏强,757.262,767.418,762.382,开盘买入2成 @ 757.262（持仓 30%）,0.00030705041857354996,0.5424759705069827,0.7765656827199229,0.3014422571353404
2024-02-23,中性,768.509,768.509,764.482,（无操作）,0.00030705041857354996,0.5424759705069827,0.7772104885989273,0.3020218094522877
2024-02-26,中性,764.033,775.89,768.488,冲高(+1%)卖出剩余50% @ 771.673,0.00015352520928677498,0.6608880443415107,0.7788703253758859,0.15147872141288274
2024-02-27,偏强,763.665,796.907,796.907,开盘买入2成 @ 763.665（持仓 35%）,0.0003574054669477832,0.5051139792663335,0.7899328977152906,0.3605609024168179
2024-02-28,偏强,797.825,810.082,771.592,开盘买入2成 @ 797.825（持仓 56%）,0.0005553281012725951,0.34712739972327533,0.7756141200403995,0.5524483235230497
2024-02-29,偏强,769.557,807.707,807.707,开盘买入2成 @ 769.557（持仓 75%）,0.0007568015481483968,0.19200457571519539,0.8032784837654925,0.7609738346094568
2024-03-01,中性,809.401,817.019,815.487,（无操作）,0.0007568015481483968,0.19200457571519539,0.809166399810087,0.7627131134458138
2024-03-04,中性,819.958,821.703,818.513,（无操作）,0.0007568015481483968,0.19200457571519539,0.8114564812947841,0.7633827812813484
2024-03-05,中性,812.621,823.25,817.772,冲高(+1%)卖出剩余50% @ 820.747,0.0003784007740741984,0.5024206696086424,0.8118662274248478,0.3811533813861593
2024-03-06,中性,816.145,819.613,811.899,（无操作）,0.0003784007740741984,0.5024206696086424,0.80964387967871,0.37945474273452495
2024-03-07,偏强,814.168,815.225,794.239,开盘买入2成 @ 814.168（持仓 58%）,0.0005771900313401891,0.3404918936729004,0.7989187269745008,0.5738090969999657
2024-03-08,偏强,795.322,804.727,803.2,开盘买入2成 @ 795.322（持仓 77%）,0.0007779940999415557,0.18070814827800022,0.8055930093510578,0.7756830729904559
2024-03-11,中性,800.899,818.439,818.439,冲高(+1%)卖出剩余50% @ 808.908,0.00038899704997077787,0.49521363867488777,0.8135839952559212,0.39131836225574573
2024-03-12,偏强,818.516,826.339,817.75,开盘买入2成 @ 818.516（持仓 59%）,0.0005876925932595212,0.3324968396237035,0.813082457761677,0.5910662732301109
2024-03-13,偏强,821.323,823.9,814.932,开盘买入2成 @ 821.323（持仓 79%）,0.0007855869952674586,0.16988034807136812,0.8100803292986687,0.7902919723795258
2024-03-14,偏强,811.514,813.651,804.856,开盘买入2成 @ 811.514（持仓 99%）,0.0009851338894807174,0.007864282211634377,0.8007552039635266,0.990178918385159
2024-03-15,偏强,802.911,808.918,808.674,开盘买入2成 @ 802.911（持仓 100%）,0.0009949188143649258,3.9301760178089146e-06,0.8045689074637599,0.9999951151778531
2024-03-18,偏强,810.387,825.681,825.4,开盘买入2成：无空余仓位，不动,0.0009949188143649258,3.9301760178089146e-06,0.8212099195528275,0.9999952141639741
2024-03-19,偏强,822.182,823.992,811.774,开盘买入2成 @ 822.182（持仓 100%）,0.0009949235897659774,1.964105955925664e-09,0.8076531041227925,0.9999999975681317
2024-03-20,偏强,810.689,814.904,814.027,开盘买入2成 @ 810.689（持仓 100%）,0.0009949235921863178,9.815621968643746e-13,0.8098946669776332,0.9999999999987881
2024-03-21,偏强,820.143,823.28,806.138,开盘买入2成：现金不足，不动,0.0009949235921863178,9.815621968643746e-13,0.8020457147588754,0.9999999999987762
2024-03-22,偏强,804.023,805.198,794.201,开盘买入2成：现金不足，不动,0.0009949235921863178,9.815621968643746e-13,0.7901693118389473,0.9999999999987578
2024-03-25,偏强,792.846,797.023,781.646,开盘买入2成：现金不足，不动,0.0009949235921863178,9.815621968643746e-13,0.777678046139048,0.9999999999987379
2024-03-26,偏强,781.727,786.834,772.089,开盘买入2成：现金不足，不动,0.0009949235921863178,9.815621968643746e-13,0.7681695613685235,0.9999999999987222
2024-03-27,偏强,771.545,771.545,752.821,开盘买入2成：现金不足，不动,0.0009949235921863178,9.815621968643746e-13,0.7489993735942775,0.9999999999986895
2024-03-28,偏强,753.896,769.989,763.275,开盘买入2成：现金不足，不动,0.0009949235921863178,9.815621968643746e-13,0.7594003048269932,0.9999999999987075
2024-03-29,偏强,761.651,763.203,762.742,开盘买入2成：现金不足，不动,0.0009949235921863178,9.815621968643746e-13,0.7588700105523579,0.9999999999987066
2024-04-01,偏强,765.633,776.329,775.526,开盘买入2成：现金不足，不动,0.0009949235921863178,9.815621968643746e-13,0.7715891137548678,0.9999999999987279
2024-04-02,偏强,774.727,774.727,768.787,开盘买入2成：现金不足，不动,0.0009949235921863178,9.815621968643746e-13,0.7648843236671242,0.9999999999987167
2024-04-03,偏强,768.214,768.214,756.764,开盘买入2成：现金不足，不动,0.0009949235921863178,9.815621968643746e-13,0.7529223573182682,0.9999999999986964
2024-04-08,偏强,753.835,753.835,740.665,开盘买入2成：现金不足，不动,0.0009949235921863178,9.815621968643746e-13,0.7369050824076605,0.9999999999986681
2024-04-09,偏强,739.392,749.626,749.626,开盘买入2成：现金不足，不动,0.0009949235921863178,9.815621968643746e-13,0.7458205927172422,0.9999999999986839
2024-04-10,偏强,749.225,749.225,735.734,开盘买入2成：现金不足，不动,0.0009949235921863178,9.815621968643746e-13,0.7319991141745898,0.9999999999986591
2024-04-11,偏强,735.67,745.989,738.674,开盘买入2成：现金不足，不动,0.0009949235921863178,9.815621968643746e-13,0.7349241895356177,0.9999999999986644
2024-04-12,中性,742.929,746.603,738.43,（无操作）,0.0009949235921863178,9.815621968643746e-13,0.7346814281791241,0.999999999998664
2024-04-15,中性,739.198,754.46,750.899,冲高(+1%)卖出剩余50% @ 746.590,0.0004974617960931589,0.37121429240073917,0.744757857625296,0.5015637786160758
2024-04-16,中性,746.881,746.881,733.147,（无操作）,0.0004974617960931589,0.37121429240073917,0.7359269158210504,0.49558266667473744
2024-04-17,中性,737.658,750.966,750.888,冲高(+1%)卖出剩余50% @ 745.035,0.00024873089804657944,0.5564347559998157,0.7432038025722156,0.25130259819176853
2024-04-18,中性,747.132,756.644,745.695,冲高(+1%)卖出剩余50% @ 754.603,0.00012436544902328972,0.6502344134357178,0.7429731069451397,0.12482106370004822
2024-04-19,中性,741.285,741.285,730.562,（无操作）,0.00012436544902328972,0.6502344134357178,0.7410910846050703,0.12259852136498225
2024-04-22,中性,723.408,734.881,731.811,冲高(+1%)卖出剩余50% @ 730.642,6.218272451164486e-05,0.6956450119553843,0.7411510137629757,0.06139909541045898
2024-04-23,中性,732.868,732.868,727.853,（无操作）,6.218272451164486e-05,0.6956450119553843,0.7409048945393586,0.06108730407579989
2024-04-24,中性,731.711,738.635,738.635,（无操作）,6.218272451164486e-05,0.6956450119553843,0.7415753486750432,0.06193616980623958
2024-04-25,中性,735.563,739.059,733.344,（无操作）,6.218272451164486e-05,0.6956450119553843,0.741246339879652,0.06151980181335057
2024-04-26,中性,733.016,752.444,752.25,冲高(+1%)卖出剩余50% @ 740.346,3.109136225582243e-05,0.7186518734253238,0.7420403506822661,0.0315191447950748
2024-04-29,偏强,752.924,779.343,776.154,开盘买入2成 @ 752.924（持仓 23%）,0.00022810182172432235,0.5702438032888706,0.7472859446274903,0.23691351698963412
2024-04-30,偏强,773.844,773.844,767.464,开盘买入2成 @ 773.844（持仓 44%）,0.000421141371913585,0.4207866143633725,0.7439974562176601,0.43442465986030293
2024-05-06,中性,778.988,784.008,777.663,（无操作）,0.000421141371913585,0.4207866143633725,0.7482926770698067,0.43767107809860584
2024-05-07,中性,776.824,778.276,769.792,（无操作）,0.000421141371913585,0.4207866143633725,0.7449778733314749,0.43516897692323114
2024-05-08,中性,769.688,769.688,761.658,（无操作）,0.000421141371913585,0.4207866143633725,0.7415523094123297,0.4325597681748976
2024-05-09,中性,762.401,779.254,778.873,冲高(+1%)卖出剩余50% @ 770.025,0.0002105706859567925,0.5828502365756787,0.7468580584589035,0.21959704394385873
2024-05-10,中性,778.152,778.152,767.172,（无操作）,0.0002105706859567925,0.5828502365756787,0.7443941708625231,0.2170139700310453
2024-05-13,中性,760.098,767.351,763.69,（无操作）,0.0002105706859567925,0.5828502365756787,0.7436609637340216,0.21624199063897429
2024-05-14,中性,766.645,767.808,760.305,（无操作）,0.0002105706859567925,0.5828502365756787,0.7429481819620578,0.2154900560676724
2024-05-15,中性,758.8,759.513,749.474,（无操作）,0.0002105706859567925,0.5828502365756787,0.7406674908624598,0.21307436364327675
2024-05-16,中性,753.452,753.743,746.472,（无操作）,0.0002105706859567925,0.5828502365756787,0.7400353576632175,0.21240217708499293
2024-05-17,偏强,743.795,754.461,754.418,开盘买入2成 @ 743.795（持仓 41%）,0.0004094603060539341,0.4348431650430352,0.7437473902156321,0.4153348693876255
2024-05-20,偏强,752.202,759.957,753.542,开盘买入2成 @ 752.202（持仓 61%）,0.0006071135168575347,0.2860936869999088,0.7435792207197692,0.6152478726839945
2024-05-21,偏强,752.288,754.246,748.235,开盘买入2成 @ 752.288（持仓 81%）,0.0008046994458930407,0.13737784285595492,0.7394821327537342,0.814224256718174
2024-05-22,偏强,749.909,755.401,754.973,开盘买入2成 @ 749.909（持仓 100%）,0.0009860051704359343,0.0013470668724249457,0.7457543484119535,0.9981936855275555
2024-05-23,偏强,754.403,754.403,742.396,开盘买入2成 @ 754.403（持仓 100%）,0.0009877889926306759,6.731968377935403e-07,0.733331270169881,0.9999990820017294
2024-05-24,偏强,741.677,744.883,727.207,开盘买入2成 @ 741.677（持仓 100%）,0.0009877898993921712,3.364302037947857e-10,0.7183277297037128,0.999999999531648
2024-05-27,中性,726.366,739.168,738.653,冲高(+1%)卖出剩余50% @ 733.630,0.0004938949496960856,0.3621548163656759,0.7269718026435387,0.5018309994297621
2024-05-28,中性,736.7,745.939,734.849,冲高(+1%)卖出剩余50% @ 744.067,0.0002469474748480428,0.5458084104000507,0.7272775153446601,0.2495183765699265
2024-05-29,中性,734.288,740.237,734.333,（无操作）,0.0002469474748480428,0.5458084104000507,0.7271500904476385,0.24938686308345592
2024-05-30,中性,733.547,745.129,742.704,冲高(+1%)卖出剩余50% @ 740.882,0.0001234737374240214,0.6372421981991097,0.7289466368788801,0.12580404935047085
2024-05-31,中性,743.177,750.647,743.228,冲高(+1%)卖出剩余50% @ 750.609,6.17368687120107e-05,0.6835592631691397,0.72944383262823,0.06290349908609882
2024-06-03,中性,743.608,753.33,750.427,冲高(+1%)卖出剩余50% @ 751.044,3.086843435600535e-05,0.7067312262736452,0.7298957328621192,0.03173673381763682
2024-06-04,中性,748.302,754.532,753.638,（无操作）,3.086843435600535e-05,0.7067312262736452,0.7299948514048363,0.03186820439407422
2024-06-05,中性,752.049,761.038,752.045,冲高(+1%)卖出剩余50% @ 759.569,1.5434217178002675e-05,0.7184487250638547,0.7300559509214857,0.015899090806643295
2024-06-06,中性,756.788,758.843,743.229,（无操作）,1.5434217178002675e-05,0.7184487250638547,0.7299198828628445,0.01571563957676878
2024-06-07,偏强,744.385,747.973,737.926,开盘买入2成 @ 744.385（持仓 22%）,0.00021144974820299362,0.5724647484912858,0.7284990153837281,0.21418596813099758
2024-06-11,中性,735.838,756.386,755.835,冲高(+1%)卖出剩余50% @ 743.196,0.00010572487410149681,0.6509998050276199,0.7309103652441248,0.10933017783899486
2024-06-12,中性,758.382,760.626,754.933,（无操作）,0.00010572487410149681,0.6509998050276199,0.7308150014076852,0.10921395459360635
2024-06-13,中性,758.606,765.013,758.982,（无操作）,0.00010572487410149681,0.6509998050276199,0.7312430814229222,0.109735433310572
2024-06-14,中性,756.411,756.411,754.261,（无操作）,0.00010572487410149681,0.6509998050276199,0.730743954292289,0.10912734726885247
2024-06-17,偏强,749.943,759.716,757.106,开盘买入2成 @ 749.943（持仓 31%）,0.00030050734821215165,0.5048510141691621,0.7323669305446714,0.3106583693044449
2024-06-18,中性,757.852,763.008,756.904,（无操作）,0.00030050734821215165,0.5048510141691621,0.7323062280603325,0.3106012282506917
2024-06-19,中性,758.41,758.41,751.688,（无操作）,0.00030050734821215165,0.5048510141691621,0.730738781732058,0.3091224569024211
2024-06-20,中性,752.153,765.931,755.151,冲高(+1%)卖出剩余50% @ 759.675,0.00015025367410607582,0.6189378314818398,0.732402043736717,0.1549206658080616
2024-06-21,中性,749.733,758.374,758.374,冲高(+1%)卖出剩余50% @ 757.230,7.512683705303791e-05,0.6757977069355612,0.7327719468588217,0.07775166635061893
2024-06-24,中性,754.413,759.801,739.142,（无操作）,7.512683705303791e-05,0.6757977069355612,0.7313271075286177,0.07592963534567686
2024-06-25,中性,738.324,738.324,717.749,（无操作）,7.512683705303791e-05,0.6757977069355612,0.7297199191035421,0.07389439531022277
2024-06-26,中性,719.84,730.155,729.644,冲高(+1%)卖出剩余50% @ 727.038,3.7563418526518956e-05,0.7030940996157599,0.7305020225631232,0.037519297826441075
2024-06-27,中性,725.52,725.52,715.357,（无操作）,3.7563418526518956e-05,0.7030940996157599,0.7299653540026348,0.036811684608771204
2024-06-28,中性,713.363,723.202,712.077,冲高(+1%)卖出剩余50% @ 720.497,1.8781709263259478e-05,0.7166194917664632,0.7299935149535173,0.018320742462904778
2024-07-01,中性,711.655,713.374,709.603,（无操作）,1.8781709263259478e-05,0.7166194917664632,0.7299470490047999,0.01825825209719983
2024-07-02,中性,709.155,709.155,699.123,（无操作）,1.8781709263259478e-05,0.7166194917664632,0.729750216691721,0.01799345121784974
2024-07-03,中性,698.958,706.588,701.785,冲高(+1%)卖出剩余50% @ 705.948,9.390854631629739e-06,0.7232456281422434,0.7298359890599017,0.009029920443012531
2024-07-04,中性,702.089,702.666,690.376,（无操作）,9.390854631629739e-06,0.7232456281422434,0.7297288487994094,0.008884424218437532
2024-07-05,中性,688.529,699.811,698.849,冲高(+1%)卖出剩余50% @ 695.414,4.6954273158148695e-06,0.7265092627616908,0.7297906574459208,0.0044963506325415865
2024-07-08,偏强,700.024,701.511,692.488,开盘买入2成 @ 700.024（持仓 20%）,0.00021309569487055127,0.5805511312725067,0.728117342822025,0.20266817293155479
2024-07-09,中性,689.787,711.071,709.888,冲高(+1%)卖出剩余50% @ 696.685,0.00010654784743527563,0.6547442893751119,0.7303813276952448,0.10355828585981168
2024-07-10,中性,707.194,714.851,710.369,冲高(+1%)卖出剩余50% @ 714.266,5.327392371763782e-05,0.692777012702178,0.7306211566195526,0.051797218811007927
2024-07-11,中性,722.043,724.361,718.04,（无操作）,5.327392371763782e-05,0.692777012702178,0.7310298208883906,0.052327288289998324
2024-07-12,中性,713.312,720.28,718.37,（无操作）,5.327392371763782e-05,0.692777012702178,0.7310474012832174,0.05235007813975256
2024-07-15,中性,716.475,718.61,715.864,（无操作）,5.327392371763782e-05,0.692777012702178,0.730913896830381,0.05217698595359077
2024-07-16,中性,712.758,732.279,732.064,冲高(+1%)卖出剩余50% @ 719.886,2.663696185881891e-05,0.7119429896569831,0.7314429505031975,0.026659578621681116
2024-07-17,中性,733.073,733.881,729.002,（无操作）,2.663696185881891e-05,0.7119429896569831,0.7313613881259858,0.02655103042663998
2024-07-18,中性,721.765,737.07,735.41,冲高(+1%)卖出剩余50% @ 728.983,1.3318480929409454e-05,0.7216470767081176,0.7314416207684146,0.013390739304672555
2024-07-19,中性,731.409,750.656,749.471,冲高(+1%)卖出剩余50% @ 738.723,6.659240464704727e-06,0.7265639517339108,0.7315548593442335,0.00682232856028948
2024-07-22,中性,749.316,754.927,752.001,（无操作）,6.659240464704727e-06,0.7265639517339108,0.7315717072226092,0.006845201146050629
2024-07-23,中性,750.129,750.129,721.108,（无操作）,6.659240464704727e-06,0.7265639517339108,0.731365983306933,0.006565839378131186
2024-07-24,中性,720.47,724.386,713.321,（无操作）,6.659240464704727e-06,0.7265639517339108,0.7313141278014343,0.00649539765053384
2024-07-25,中性,708.936,721.594,713.883,冲高(+1%)卖出剩余50% @ 716.025,3.3296202323523636e-06,0.7289468522131813,0.7313238114935138,0.003250214532845802
2024-07-26,中性,713.893,722.802,719.87,冲高(+1%)卖出剩余50% @ 721.032,1.6648101161761818e-06,0.7301466332737058,0.7313450801320375,0.001638688617574866
2024-07-29,中性,719.554,720.108,707.597,（无操作）,1.6648101161761818e-06,0.7301466332737058,0.7313246479174816,0.0016107957623613936
2024-07-30,中性,706.857,710.785,710.015,（无操作）,1.6648101161761818e-06,0.7301466332737058,0.7313286734283426,0.001616291275844049
2024-07-31,中性,707.66,743.653,743.374,冲高(+1%)卖出剩余50% @ 714.737,8.324050580880909e-07,0.7307412861595659,0.7313600744372171,0.0008460788321365987
2024-08-01,中性,745.964,746.088,738.871,（无操作）,8.324050580880909e-07,0.7307412861595659,0.7313563261172406,0.000840958005982998
2024-08-02,中性,730.652,740.093,725.66,冲高(+1%)卖出剩余50% @ 737.959,4.1620252904404545e-07,0.7310482727918183,0.7313502943190444,0.00041296425197628764
2024-08-05,中性,719.156,727.919,704.296,冲高(+1%)卖出剩余50% @ 726.348,2.0810126452202272e-07,0.731199351060614,0.7313459159488117,0.00020040432988219608
2024-08-06,中性,714.489,714.489,713.864,（无操作）,2.0810126452202272e-07,0.731199351060614,0.7313479070617107,0.00020312630919201382
2024-08-07,中性,712.736,714.125,707.588,（无操作）,2.0810126452202272e-07,0.731199351060614,0.7313466010181746,0.0002013408654058265
2024-08-08,中性,703.055,714.931,708.923,冲高(+1%)卖出剩余50% @ 710.086,1.0405063226101136e-07,0.7312731989686256,0.731346962855,0.0001008603168138099
2024-08-09,中性,717.138,717.138,705.546,（无操作）,1.0405063226101136e-07,0.7312731989686256,0.7313466114760149,0.00010037991047919847
2024-08-12,中性,704.375,709.11,707.331,（无操作）,1.0405063226101136e-07,0.7312731989686256,0.7313467972063934,0.00010063384163155535
2024-08-13,中性,707.695,710.797,710.747,（无操作）,1.0405063226101136e-07,0.7312731989686256,0.7313471526433533,0.00010111979579098886
2024-08-14,偏强,711.664,711.664,700.93,开盘买入2成 @ 711.664（持仓 20%）,0.00020553292206946936,0.5850037684399549,0.729067959506108,0.19760049689160178
2024-08-15,中性,699.094,713.123,707.551,冲高(+1%)卖出剩余50% @ 706.085,0.00010276646103473468,0.657529337988441,0.7302418502600286,0.09957319242343572
2024-08-16,偏强,707.387,710.138,705.224,开盘买入2成 @ 707.387（持仓 30%）,0.00030912504885275414,0.5114809679364353,0.72948337138857,0.29884492505588933
2024-08-19,偏强,705.039,711.756,703.322,开盘买入2成 @ 705.039（持仓 50%）,0.0005159558233156075,0.36558429365872125,0.7284673752247011,0.498145962204616
2024-08-20,偏强,704.116,704.116,693.523,开盘买入2成 @ 704.116（持仓 70%）,0.0007227692812012172,0.21989081861378104,0.7211479388202928,0.6950822337875712
2024-08-21,偏强,691.134,697.64,691.636,开盘买入2成 @ 691.134（持仓 89%）,0.0009313504087532604,0.07566123084972248,0.7198167021581925,0.8948881977552465
2024-08-22,偏强,692.189,694.834,685.531,开盘买入2成 @ 692.189（持仓 100%）,0.0010398592694167569,0.0005150367760405339,0.7133708015985794,0.9992780237502201
2024-08-23,偏强,683.587,687.398,685.759,开盘买入2成 @ 683.587（持仓 100%）,0.001040611949215063,2.573896931735986e-07,0.7136092670714657,0.9999996393128493
2024-08-26,中性,684.773,687.284,682.499,（无操作）,0.001040611949215063,2.573896931735986e-07,0.7102168721170246,0.9999996375900048
2024-08-27,中性,679.753,679.753,674.347,（无操作）,0.001040611949215063,2.573896931735986e-07,0.7017338035070233,0.9999996332089292
2024-08-28,中性,672.967,673.622,671.22,（无操作）,0.001040611949215063,2.573896931735986e-07,0.6984798099418278,0.9999996315001671
2024-08-29,中性,667.882,683.042,679.595,冲高(+1%)卖出剩余50% @ 674.561,0.0005203059746075315,0.35080279325940766,0.704400132072813,0.5019836350298333
2024-08-30,中性,678.613,699.19,694.164,冲高(+1%)卖出剩余50% @ 685.399,0.00026015298730376575,0.5290222701087273,0.7096111083874586,0.25448986937240414
2024-09-02,中性,693.675,693.675,670.011,（无操作）,0.00026015298730376575,0.5290222701087273,0.7033276332851106,0.2478295390758869
2024-09-03,中性,670.065,679.503,674.955,冲高(+1%)卖出剩余50% @ 676.766,0.00013007649365188287,0.6170095572333767,0.7048053370061833,0.12456741622550509
2024-09-04,中性,668.931,677.586,672.284,冲高(+1%)卖出剩余50% @ 675.620,6.503824682594144e-05,0.6609287471355345,0.7046529198646657,0.06205065145764072
2024-09-05,中性,672.995,678.662,671.265,（无操作）,6.503824682594144e-05,0.6609287471355345,0.70458664589115,0.06196242720495754
2024-09-06,中性,672.621,673.703,662.337,（无操作）,6.503824682594144e-05,0.6609287471355345,0.704005984423488,0.061188737370222235
2024-09-09,中性,659.502,663.66,654.939,（无操作）,6.503824682594144e-05,0.6609287471355345,0.7035248314734698,0.060546667910387146
2024-09-10,偏强,656.036,661.085,660.014,开盘买入2成 @ 656.036（持仓 26%）,0.00027940856944575024,0.5202237808408405,0.7046373483950079,0.2617141540598388
2024-09-11,偏强,657.386,665.555,664.332,开盘买入2成 @ 657.386（持仓 46%）,0.0004936769614687358,0.37929631116183893,0.7072617143282871,0.4637115179886829
2024-09-12,偏强,666.218,670.13,658.854,开盘买入2成 @ 666.218（持仓 66%）,0.0007058922604243894,0.23784396829618148,0.7029239076458321,0.6616362515072982
2024-09-13,偏强,658.983,661.903,655.046,开盘买入2成 @ 658.983（持仓 86%）,0.000919121621829817,0.09725918676701509,0.6993261286601494,0.8609244202653267
2024-09-18,中性,654.511,654.511,647.409,（无操作）,0.000919121621829817,0.09725918676701509,0.692306796834235,0.8595143262903677
2024-09-19,偏强,649.726,656.405,651.466,开盘买入2成 @ 649.726（持仓 100%）,0.0010654633735047707,0.0021296047977797106,0.6962427668814387,0.9969412898789334
2024-09-20,中性,651.821,653.843,648.36,（无操作）,0.0010654633735047707,0.0021296047977797106,0.6929334376433328,0.9969266820128894
2024-09-23,中性,649.003,652.254,643.042,（无操作）,0.0010654633735047707,0.0021296047977797106,0.6872673034230345,0.9969013442263689
2024-09-24,中性,648.13,667.218,667.049,冲高(+1%)卖出剩余50% @ 654.611,0.0005327316867523854,0.35068742072294345,0.7060455596394353,0.5033076606245733
2024-09-25,中性,673.181,684.092,667.338,冲高(+1%)卖出剩余50% @ 679.913,0.0002663658433761927,0.5317024170063416,0.7094584661933232,0.25055173439644907
2024-09-26,偏强,667.548,693.309,693.149,开盘买入2成 @ 667.548（持仓 45%）,0.0004788161583306844,0.3898107237676769,0.7217016650984325,0.45987276651979064
2024-09-27,中性,704.522,741.855,740.016,冲高(+1%)卖出剩余50% @ 711.567,0.0002394080791653422,0.5600804876342308,0.7372462967458506,0.2403074927519017
2024-09-30,中性,782.307,872.365,872.365,冲高(+1%)卖出剩余50% @ 790.130,0.0001197040395826711,0.6546149579283821,0.759040572418919,0.13757580066866804
2024-10-08,中性,1045.047,1045.047,1023.967,（无操作）,0.0001197040395826711,0.6546149579283821,0.7771879442277311,0.15771344268746496
2024-10-09,中性,993.781,1083.629,997.852,冲高(+1%)卖出剩余50% @ 1003.719,5.985201979133555e-05,0.7146595187103973,0.7743829763632211,0.07712392895477434
2024-10-10,中性,1014.357,1014.357,954.172,（无操作）,5.985201979133555e-05,0.7146595187103973,0.7717686401387356,0.07399772219051567
2024-10-11,中性,939.571,939.571,898.899,（无操作）,5.985201979133555e-05,0.7146595187103973,0.768460439448809,0.07001130829454452
2024-10-14,中性,904.144,926.307,925.955,冲高(+1%)卖出剩余50% @ 913.185,2.9926009895667776e-05,0.7419738512261601,0.7696839897191031,0.03600196816235699
2024-10-15,中性,920.986,937.736,898.827,冲高(+1%)卖出剩余50% @ 930.196,1.4963004947833888e-05,0.7558854172191669,0.7693345700674136,0.01748153972473666
2024-10-16,中性,874.275,891.507,875.689,冲高(+1%)卖出剩余50% @ 883.018,7.481502473916944e-06,0.762488413550564,0.7690398829704458,0.008519024259933769
2024-10-17,中性,897.2,900.965,879.096,（无操作）,7.481502473916944e-06,0.762488413550564,0.7690653724493745,0.008551885359060856
2024-10-18,中性,879.952,1008.314,978.661,冲高(+1%)卖出剩余50% @ 888.752,3.740751236958472e-06,0.7658113495991787,0.7694722769454918,0.004757711818865631
2024-10-21,中性,999.535,1051.262,1000.375,冲高(+1%)卖出剩余50% @ 1009.530,1.870375618479236e-06,0.7676986064514572,0.7695696834607934,0.002431328896587816
2024-10-22,偏强,988.701,993.387,985.834,开盘买入2成 @ 988.701（持仓 20%）,0.0001574654626903717,0.6137846697592985,0.7690194767051983,0.20186069618287283
2024-10-23,中性,976.249,1000.453,979.151,冲高(+1%)卖出剩余50% @ 986.011,7.873273134518585e-05,0.6913772318158622,0.7684684644452322,0.10031801719413856
2024-10-24,中性,968.993,987.02,977.601,冲高(+1%)卖出剩余50% @ 978.683,3.936636567259292e-05,0.7298851583207169,0.7683697567686094,0.050086040098376694
2024-10-25,中性,981.406,1003.037,991.216,冲高(+1%)卖出剩余50% @ 991.220,1.968318283629646e-05,0.7493857688098656,0.768896054568128,0.025374412630093324
2024-10-28,中性,988.434,988.735,986.56,（无操作）,1.968318283629646e-05,0.7493857688098656,0.7688044096688422,0.025258232932536245
2024-10-29,中性,988.5,1005.062,975.372,冲高(+1%)卖出剩余50% @ 998.385,9.84159141814823e-06,0.7592065532092496,0.7688057659139517,0.012485875015896361
2024-10-30,中性,967.841,972.701,958.822,（无操作）,9.84159141814823e-06,0.7592065532092496,0.7686428875759813,0.01227661703406958
2024-10-31,中性,960.682,977.865,969.448,冲高(+1%)卖出剩余50% @ 970.289,4.920795709074115e-06,0.7639787589747371,0.7687492145333076,0.006205476985711825
2024-11-01,中性,960.211,965.435,939.765,（无操作）,4.920795709074115e-06,0.7639787589747371,0.7686031505542752,0.00601661803780426
2024-11-04,中性,938.191,954.667,954.667,冲高(+1%)卖出剩余50% @ 947.573,2.4603978545370577e-06,0.7663089996263411,0.7686578602649384,0.003055794730034676
2024-11-05,中性,954.141,997.675,996.169,冲高(+1%)卖出剩余50% @ 963.682,1.2301989272685288e-06,0.7674939279328172,0.7687194139679954,0.0015941916034778129
2024-11-06,中性,1002.063,1014.545,998.095,冲高(+1%)卖出剩余50% @ 1012.084,6.150994636342644e-07,0.7681161487647342,0.7687300764638902,0.0007986258349355469
2024-11-07,中性,986.502,1029.169,1028.439,冲高(+1%)卖出剩余50% @ 996.367,3.075497318171322e-07,0.7684224279583217,0.768738724096962,0.00041144816662102326
2024-11-08,中性,1053.452,1063.752,1025.637,（无操作）,3.075497318171322e-07,0.7684224279583217,0.7687378623426134,0.00041032762888833
2024-11-11,中性,1033.547,1074.369,1073.835,冲高(+1%)卖出剩余50% @ 1043.882,1.537748659085661e-07,0.7685828705837269,0.7687479994168598,0.0002148022931548244
2024-11-12,中性,1070.644,1080.119,1050.537,（无操作）,1.537748659085661e-07,0.7685828705837269,0.7687444167700339,0.00021014290677484433
2024-11-13,中性,1042.195,1062.323,1061.366,冲高(+1%)卖出剩余50% @ 1052.617,7.688743295428305e-08,0.7686637631323889,0.7687453688395539,0.00010615440492102352
2024-11-14,中性,1056.21,1060.932,1027.316,（无操作）,7.688743295428305e-08,0.7686637631323889,0.7687427508224618,0.00010274918363568954
2024-11-15,中性,1024.599,1027.121,986.876,（无操作）,7.688743295428305e-08,0.7686637631323889,0.7687396414946731,9.870489069180756e-05
2024-11-18,中性,989.403,996.919,968.713,（无操作）,7.688743295428305e-08,0.7686637631323889,0.7687382449882284,9.688844847387934e-05
2024-11-19,中性,973.997,999.295,998.015,冲高(+1%)卖出剩余50% @ 983.737,3.8443716477141526e-08,0.7687015627282991,0.7687399301339991,4.9909474187514334e-05
2024-11-20,中性,992.673,1007.064,1002.539,冲高(+1%)卖出剩余50% @ 1002.600,1.9221858238570763e-08,0.7687208249222643,0.7687400955848009,2.5067851471931864e-05
2024-11-21,中性,1002.975,1018.552,1011.463,冲高(+1%)卖出剩余50% @ 1013.005,9.610929119285382e-09,0.7687305559711557,0.7687402770703555,1.2645492228957413e-05
2024-11-22,中性,1011.644,1016.384,969.353,（无操作）,9.610929119285382e-09,0.7687305559711557,0.7687398723541302,1.211903182026563e-05
2024-11-25,中性,970.817,970.817,957.921,（无操作）,9.610929119285382e-09,0.7687305559711557,0.7687397624819886,1.1976108537888567e-05
2024-11-26,中性,955.579,967.011,951.593,冲高(+1%)卖出剩余50% @ 965.135,4.805464559642691e-09,0.7687351915732238,0.7687397644196605,5.9484973307660415e-06
2024-11-27,中性,947.945,987.756,985.975,冲高(+1%)卖出剩余50% @ 957.424,2.4027322798213454e-09,0.768737490857638,0.7687398598915975,3.0817108402976736e-06
2024-11-28,中性,985.787,1000.285,983.684,冲高(+1%)卖出剩余50% @ 995.645,1.2013661399106727e-09,0.7687386863936052,0.7687398681582552,1.5372750899509849e-06
2024-11-29,中性,980.427,1018.322,1007.391,冲高(+1%)卖出剩余50% @ 990.231,6.006830699553363e-10,0.7687392809113569,0.7687398860340754,7.871618599721692e-07
2024-12-02,偏强,1008.71,1020.793,1015.787,开盘买入2成 @ 1008.710（持仓 20%）,0.00015234482413281974,0.6149913037045418,0.7697411955759463,0.20104145751951796
2024-12-03,中性,1017.067,1017.067,1005.265,（无操作）,0.00015234482413281974,0.6149913037045418,0.7681382233364209,0.19937416857955967
2024-12-04,中性,1020.082,1020.922,999.358,（无操作）,0.00015234482413281974,0.6149913037045418,0.7672383224602682,0.19843510718745497
2024-12-05,中性,993.168,1005.039,1001.844,冲高(+1%)卖出剩余50% @ 1003.100,7.617241206640987e-05,0.6913616216121014,0.7676744956063617,0.09940785375966309
2024-12-06,中性,1004.77,1022.479,1014.446,冲高(+1%)卖出剩余50% @ 1014.818,3.8086206033204936e-05,0.7299928523424404,0.768629251708001,0.050266626308724485
2024-12-09,中性,1012.875,1015.069,1003.382,（无操作）,3.8086206033204936e-05,0.7299928523424404,0.7682078659244496,0.04974566816758882
2024-12-10,中性,1051.528,1051.528,1010.911,（无操作）,3.8086206033204936e-05,0.7299928523424404,0.7684946169696736,0.05010023984169637
2024-12-11,中性,1007.547,1015.768,1007.188,（无操作）,3.8086206033204936e-05,0.7299928523424404,0.768352822024612,0.04992494148858981
2024-12-12,中性,1008.136,1011.35,1010.895,（无操作）,3.8086206033204936e-05,0.7299928523424404,0.7684940075903771,0.050099486616242556
2024-12-13,中性,1003.994,1008.058,989.776,（无操作）,3.8086206033204936e-05,0.7299928523424404,0.7676896650051618,0.049104233626055115
2024-12-16,中性,990.575,990.575,975.268,（无操作）,3.8086206033204936e-05,0.7299928523424404,0.7671371103280321,0.048419320986451325
2024-12-17,中性,974.045,978.059,967.276,（无操作）,3.8086206033204936e-05,0.7299928523424404,0.7668327253694147,0.04804160256622728
2024-12-18,中性,970.463,982.981,981.513,冲高(+1%)卖出剩余50% @ 980.168,1.9043103016602468e-05,0.7486489527774937,0.7673400059486282,0.024358241491693928
2024-12-19,中性,969.381,995.938,993.002,冲高(+1%)卖出剩余50% @ 979.075,9.521551508301234e-06,0.757966602855772,0.7674215225466181,0.012320373371170066
2024-12-20,偏强,990.058,1020.798,1011.209,开盘买入2成 @ 990.058（持仓 21%）,0.00016446964617444114,0.6044822983464484,0.7707954847848588,0.21576824166897018
2024-12-23,中性,1011.193,1023.571,998.607,冲高(+1%)卖出剩余50% @ 1021.305,8.223482308722057e-05,0.6884271351679863,0.7705474051466463,0.10657393617856827
2024-12-24,中性,1002.505,1015.883,1014.017,冲高(+1%)卖出剩余50% @ 1012.530,4.1117411543610286e-05,0.7300389336267255,0.7717326879279425,0.054026160811151316
2024-12-25,偏强,1018.57,1024.43,1017.357,开盘买入2成 @ 1018.570（持仓 25%）,0.0001925742607382129,0.575692396041137,0.7716091682229831,0.2539067448265845
2024-12-26,偏强,1014.07,1030.172,1027.023,开盘买入2成 @ 1014.070（持仓 45%）,0.0003446788603111735,0.42137056239654036,0.7753636795499026,0.45655106950438373
2024-12-27,中性,1026.707,1040.785,1018.579,冲高(+1%)卖出剩余50% @ 1036.974,0.00017233943015558675,0.599992726946305,0.7755340513747524,0.22634895800806376
2024-12-30,中性,1014.781,1028.726,1020.633,冲高(+1%)卖出剩余50% @ 1024.929,8.616971507779337e-05,0.6882663915672604,0.7762140463762539,0.11330335391323575
2024-12-31,中性,1020.522,1020.522,988.935,（无操作）,8.616971507779337e-05,0.6882663915672604,0.773482638747718,0.11017215243308394
2025-01-02,中性,986.822,986.822,955.333,（无操作）,8.616971507779337e-05,0.6882663915672604,0.770587163981674,0.10682863180468356
2025-01-03,中性,955.722,962.24,941.819,（无操作）,8.616971507779337e-05,0.6882663915672604,0.7694226664521127,0.10547684442293888
2025-01-06,中性,943.756,945.069,938.707,（无操作）,8.616971507779337e-05,0.6882663915672604,0.7691545062987906,0.10516497539716406
2025-01-07,中性,938.599,966.063,965.53,冲高(+1%)卖出剩余50% @ 947.985,4.3084857538896687e-05,0.7290897679113013,0.7706894904108322,0.05397728010713538
2025-01-08,中性,956.711,973.311,965.119,冲高(+1%)卖出剩余50% @ 966.278,2.1542428769448343e-05,0.7498953372787754,0.7706863445903167,0.026977261836127836
2025-01-09,中性,962.235,971.431,961.439,（无操作）,2.1542428769448343e-05,0.7498953372787754,0.7706070684524451,0.02687716220312322
2025-01-10,中性,962.222,977.261,950.592,冲高(+1%)卖出剩余50% @ 971.844,1.0771214384724172e-05,0.7603580457497294,0.7705970759741332,0.013287138692370817
2025-01-13,中性,938.382,952.954,952.186,冲高(+1%)卖出剩余50% @ 947.766,5.385607192362086e-06,0.765459788019388,0.7705878877894544,0.006654788962200274
2025-01-14,偏弱,958.494,983.141,981.779,开盘卖出持仓50% @ 958.494（剩余 0%）；冲高(+1%)卖出剩余100% @ 968.079,0.0,0.7706450766192544,0.7706450766192544,0.0
2025-01-15,偏弱,976.13,987.74,977.661,开盘卖出50%：空仓，不动,0.0,0.7706450766192544,0.7706450766192544,0.0
2025-01-16,偏弱,982.086,989.284,956.397,开盘卖出50%：空仓，不动,0.0,0.7706450766192544,0.7706450766192544,0.0
2025-01-17,中性,949.843,976.42,965.903,（无操作）,0.0,0.7706450766192544,0.7706450766192544,0.0
2025-01-20,中性,969.841,976.028,968.271,（无操作）,0.0,0.7706450766192544,0.7706450766192544,0.0
2025-01-21,中性,973.909,979.215,976.296,（无操作）,0.0,0.7706450766192544,0.7706450766192544,0.0
2025-01-22,中性,972.212,976.762,975.34,（无操作）,0.0,0.7706450766192544,0.7706450766192544,0.0
2025-01-23,偏强,987.265,992.953,966.106,开盘买入2成 @ 987.265（持仓 20%）,0.00015603914787740505,0.6165160612954035,0.7672664182946518,0.19647719932055718
2025-01-24,中性,966.092,978.951,974.834,冲高(+1%)卖出剩余50% @ 975.753,7.801957393870253e-05,0.6926058244697044,0.7686619578106656,0.09894613954564282
2025-01-27,中性,972.189,972.216,955.09,（无操作）,7.801957393870253e-05,0.6926058244697044,0.7671215393428198,0.09713677826977947
2025-02-05,偏强,989.119,989.119,982.829,开盘买入2成 @ 989.119（持仓 30%）,0.0002330541390936922,0.5391815166011404,0.7682338830724549,0.2981544702965303
2025-02-06,中性,977.019,1011.86,1011.22,冲高(+1%)卖出剩余50% @ 986.789,0.0001165270695468461,0.6541116753460607,0.7719461786132225,0.15264600892104652
2025-02-07,中性,1011.056,1035.086,1018.799,冲高(+1%)卖出剩余50% @ 1021.167,5.826353477342305e-05,0.7135787003373886,0.7729375313010172,0.07679641440585137
2025-02-10,偏强,1023.02,1037.487,1036.765,开盘买入2成 @ 1023.020（持仓 28%）,0.0002092969956389351,0.5589911940771851,0.7759829937607857,0.2796347361067209
2025-02-11,偏强,1034.955,1035.553,1024.412,开盘买入2成 @ 1034.955（持仓 48%）,0.0003591769800175225,0.4037945953250279,0.7717398037787382,0.47677365693995233
2025-02-12,中性,1026.872,1041.229,1041.137,冲高(+1%)卖出剩余50% @ 1037.141,0.00017958849000876124,0.5899600018885117,0.7769362236107633,0.24065839130693528
2025-02-13,中性,1040.425,1040.425,1017.088,（无操作）,0.00017958849000876124,0.5899600018885117,0.7726173000145427,0.2364136787030175
2025-02-14,中性,1012.612,1022.932,1022.464,冲高(+1%)卖出剩余50% @ 1022.738,8.979424500438062e-05,0.6817500812124501,0.7735614641366091,0.11868660369041518
2025-02-17,中性,1030.859,1037.74,1037.307,（无操作）,8.979424500438062e-05,0.6817500812124501,0.7748942801152091,0.12020246024904278
2025-02-18,偏强,1034.63,1034.63,1011.168,开盘买入2成 @ 1034.630（持仓 32%）,0.00023951096046824852,0.5267712251894082,0.7689570440641662,0.31495363849550556
2025-02-19,偏强,1010.669,1035.063,1034.571,开盘买入2成 @ 1010.669（持仓 51%）,0.0003916028437030808,0.37297981637657496,0.7781207619893149,0.520665898410128
2025-02-20,偏强,1034.787,1040.587,1033.085,开盘买入2成 @ 1034.787（持仓 72%）,0.0005419201352889424,0.21735566397871198,0.777205226943689,0.720336847407152
2025-02-21,偏强,1042.401,1098.193,1094.774,开盘买入2成 @ 1042.401（持仓 93%）,0.0006909638945590163,0.06191461858997413,0.8183639252919266,0.9243434165699717
2025-02-24,中性,1093.03,1107.717,1100.054,冲高(+1%)卖出剩余50% @ 1103.960,0.00034548194727950817,0.4431222735761625,0.8231710716087746,0.46168871956330904
2025-02-25,中性,1083.94,1115.513,1102.901,冲高(+1%)卖出剩余50% @ 1094.779,0.00017274097363975408,0.63214097642317,0.8226571689914285,0.23158637613506713
2025-02-26,中性,1108.584,1128.726,1126.82,冲高(+1%)卖出剩余50% @ 1119.670,8.637048681987704e-05,0.7287990523669247,0.8261230443252985,0.11780810694835313
2025-02-27,中性,1127.247,1135.73,1126.287,（无操作）,8.637048681987704e-05,0.7287990523669247,0.8260770088558235,0.11775894431880615
2025-02-28,中性,1118.521,1118.521,1078.798,（无操作）,8.637048681987704e-05,0.7287990523669247,0.8219753608072344,0.11335657111279393
2025-03-03,中性,1079.644,1085.724,1062.351,（无操作）,8.637048681987704e-05,0.7287990523669247,0.8205548254105078,0.11182162386002611
2025-03-04,中性,1052.468,1086.344,1080.665,冲高(+1%)卖出剩余50% @ 1062.993,4.318524340993852e-05,0.7746816971968932,0.8213504782664944,0.056819570091562195
2025-03-05,中性,1081.097,1088.633,1083.817,（无操作）,4.318524340993852e-05,0.7746816971968932,0.8214865981537225,0.05697585458122212
2025-03-06,中性,1100.442,1124.227,1121.585,冲高(+1%)卖出剩余50% @ 1111.446,2.159262170496926e-05,0.7986687397682494,0.8228867003832173,0.029430492197394457
2025-03-07,中性,1113.838,1120.408,1107.623,（无操作）,2.159262170496926e-05,0.7986687397682494,0.8225852241989725,0.029074780007157148
2025-03-10,中性,1107.31,1109.91,1105.164,（无操作）,2.159262170496926e-05,0.7986687397682494,0.8225321279422,0.02901210465012687
2025-03-11,中性,1086.383,1100.742,1100.742,冲高(+1%)卖出剩余50% @ 1097.247,1.079631085248463e-05,0.8105090345179035,0.8223929873182891,0.014450454932911793
2025-03-12,中性,1107.957,1110.648,1092.708,（无操作）,1.079631085248463e-05,0.8105090345179035,0.8223062497569003,0.014346498330134797
2025-03-13,中性,1093.594,1093.594,1069.703,（无操作）,1.079631085248463e-05,0.8105090345179035,0.8220578806257388,0.014048701898027602
2025-03-14,偏强,1070.796,1088.433,1088.113,开盘买入2成 @ 1070.796（持仓 21%）,0.000164261033749692,0.6460974583927557,0.8248320246092343,0.2166920789734788
2025-03-17,中性,1089.998,1089.998,1083.213,（无操作）,0.000164261033749692,0.6460974583927557,0.8240271455438608,0.21592697293202748
2025-03-18,中性,1087.345,1101.571,1089.825,冲高(+1%)卖出剩余50% @ 1098.218,8.2130516874846e-05,0.7362496087082779,0.825757499261407,0.10839488667458516
2025-03-19,偏强,1084.902,1087.377,1076.937,开盘买入2成 @ 1084.902（持仓 31%）,0.0002342815548207587,0.5710981088559965,0.8234045836599999,0.3064185939826948
2025-03-20,中性,1075.132,1075.394,1064.793,（无操作）,0.0002342815548207587,0.5710981088559965,0.8205594684582567,0.30401374816985693
2025-03-21,偏强,1063.331,1063.366,1042.893,开盘买入2成 @ 1063.331（持仓 50%）,0.0003885419673849323,0.4069862151643452,0.8121939131563194,0.49890511542652455
2025-03-24,中性,1042.33,1047.374,1045.942,（无操作）,0.0003885419673849323,0.4069862151643452,0.8133785776148761,0.4996349469176114
2025-03-25,中性,1045.849,1049.215,1031.697,（无操作）,0.0003885419673849323,0.4069862151643452,0.8078437972894776,0.4962067957569422
2025-03-26,中性,1029.807,1038.47,1029.055,（无操作）,0.0003885419673849323,0.4069862151643452,0.8068172694116467,0.49556581075522754
2025-03-27,中性,1028.695,1049.799,1040.57,冲高(+1%)卖出剩余50% @ 1038.982,0.00019427098369246616,0.6087293386068293,0.8108818961076988,0.2492996310205207
2025-03-28,中性,1037.756,1042.926,1029.476,（无操作）,0.00019427098369246616,0.6087293386068293,0.8087266538146146,0.24729902775484747
2025-03-31,中性,1024.264,1027.709,1022.714,（无操作）,0.00019427098369246616,0.6087293386068293,0.8074129934228862,0.24607438378440288
2025-04-01,中性,1027.961,1034.933,1024.376,（无操作）,0.00019427098369246616,0.6087293386068293,0.8077358717977831,0.24637575244494658
2025-04-02,偏强,1021.821,1028.025,1022.748,开盘买入2成 @ 1021.821（持仓 45%）,0.0003522893069985904,0.4471821642472727,0.807485348401467,0.4462039897906087
2025-04-03,中性,1011.605,1030.559,1018.072,冲高(+1%)卖出剩余50% @ 1021.721,0.0001761446534992952,0.6270628792222962,0.8063908188996307,0.22238340947636076
2025-04-07,偏强,960.489,983.153,924.173,开盘买入2成 @ 960.489（持仓 41%）,0.00034397329599018,0.4657847154423701,0.7836755483175026,0.40564087211553596
2025-04-08,偏强,932.237,950.779,940.091,开盘买入2成 @ 932.237（持仓 61%）,0.0005120172389712718,0.30904960577886953,0.7903924039806114,0.6089921863843588
2025-04-09,中性,922.862,992.05,980.569,冲高(+1%)卖出剩余50% @ 932.091,0.0002560086194856359,0.5475535270241492,0.7985876430245598,0.3143476087980117
2025-04-10,中性,1003.683,1006.162,991.224,（无操作）,0.0002560086194856359,0.5475535270241492,0.8013154148651791,0.31668165011367627
2025-04-11,中性,990.831,1027.491,1011.709,冲高(+1%)卖出剩余50% @ 1000.739,0.00012800430974281796,0.6755884221608985,0.8050915343664952,0.16085514090953534
2025-04-14,中性,1018.258,1025.368,1014.283,（无操作）,0.00012800430974281796,0.6755884221608985,0.8054210174597731,0.16119841981322414
2025-04-15,中性,1011.671,1011.793,1006.34,（无操作）,0.00012800430974281796,0.6755884221608985,0.8044042792274859,0.16013820462304906
2025-04-16,中性,1016.755,1016.755,1014.509,（无操作）,0.00012800430974281796,0.6755884221608985,0.805449946433775,0.16122854666246336
2025-04-17,中性,1007.63,1023.948,1016.812,冲高(+1%)卖出剩余50% @ 1017.706,6.400215487140898e-05,0.740691250688994,0.8057694097881011,0.08076523917211151
2025-04-18,中性,1011.511,1012.934,1008.597,（无操作）,6.400215487140898e-05,0.740691250688994,0.8052436320858325,0.08016503182971799
2025-04-21,中性,1012.813,1021.376,1019.411,（无操作）,6.400215487140898e-05,0.740691250688994,0.8059357513886118,0.08095496519071511
2025-04-22,中性,1018.42,1023.497,1016.218,（无操作）,6.400215487140898e-05,0.740691250688994,0.8057313925081074,0.08072186639849586
2025-04-23,中性,1019.016,1022.656,1012.648,（无操作）,6.400215487140898e-05,0.740691250688994,0.8055029048152166,0.080461105402333
2025-04-24,中性,1012.335,1012.395,1003.316,（无操作）,6.400215487140898e-05,0.740691250688994,0.8049056367059566,0.0797787754099441
2025-04-25,中性,1003.871,1011.589,1004.572,（无操作）,6.400215487140898e-05,0.740691250688994,0.804986023412475,0.07987066961849151
2025-04-28,偏强,1004.048,1008.589,1002.832,开盘买入2成 @ 1004.048（持仓 28%）,0.00022427013639155578,0.579694046006499,0.8045993154243156,0.2795245597483637
2025-04-29,偏强,996.967,1005.706,1003.867,开盘买入2成 @ 996.967（持仓 48%）,0.0003855988898640193,0.4187741829216359,0.8058641836927594,0.48034148756597905
2025-04-30,中性,1000.651,1014.374,1012.417,冲高(+1%)卖出剩余50% @ 1010.658,0.00019279944493200965,0.6135309627625307,0.8087243984022612,0.241359647397012
2025-05-06,中性,1016.437,1027.022,1026.521,冲高(+1%)卖出剩余50% @ 1026.601,9.639972246600482e-05,0.7124455678701754,0.8114019073757012,0.12195724289776196
2025-05-07,中性,1044.173,1044.573,1030.186,（无操作）,9.639972246600482e-05,0.7124455678701754,0.8117552123585391,0.12233939859754198
2025-05-08,中性,1024.966,1030.085,1026.439,（无操作）,9.639972246600482e-05,0.7124455678701754,0.811394002598459,0.12194868881382519
2025-05-09,偏强,1020.787,1020.787,1006.319,开盘买入2成 @ 1020.787（持仓 32%）,0.00025529447883423576,0.5501667673504836,0.807074451996473,0.3183196841511618
2025-05-12,偏强,1008.961,1016.727,1011.231,开盘买入2成 @ 1008.961（持仓 52%）,0.0004151958261486025,0.38875187695118907,0.8086107674232665,0.5192348499266306
2025-05-13,偏强,1020.343,1021.531,1009.682,开盘买入2成 @ 1020.343（持仓 72%）,0.0005736144489237322,0.22702972346653577,0.8061979074847476,0.718394551314522
2025-05-14,偏强,1014.095,1021.393,1013.772,开盘买入2成 @ 1014.095（持仓 92%）,0.0007325334870769147,0.06579014196958624,0.8084120802305241,0.9186180617800445
2025-05-15,偏强,1011.574,1011.69,1000.969,开盘买入2成 @ 1011.574（持仓 100%）,0.0007975058975356143,3.287863166895333e-05,0.7983115593819954,0.9999588147869305
2025-05-16,偏强,997.448,999.415,995.237,开盘买入2成 @ 997.448（持仓 100%）,0.0007975388273501809,1.643110028432367e-08,0.7937401663466122,0.9999999792991447
2025-05-19,偏强,994.281,998.623,995.255,开盘买入2成 @ 994.281（持仓 100%）,0.0007975388438592779,8.211444419953286e-12,0.793754522053377,0.9999999999896549
2025-05-20,偏强,995.752,1002.0,997.677,开盘买入2成：现金不足，不动,0.0007975388438592779,8.211444419953286e-12,0.7956861611332042,0.99999999998968
2025-05-21,偏强,996.656,999.964,995.487,开盘买入2成：现金不足，不动,0.0007975388438592779,8.211444419953286e-12,0.7939395510651523,0.9999999999896574
2025-05-22,偏强,994.079,1000.384,990.711,开盘买入2成：现金不足，不动,0.0007975388438592779,8.211444419953286e-12,0.7901305055468805,0.9999999999896075
2025-05-23,中性,989.711,997.018,980.578,（无操作）,0.0007975388438592779,8.211444419953286e-12,0.7820490444420544,0.9999999999895001
2025-05-26,中性,982.065,985.472,982.261,（无操作）,0.0007975388438592779,8.211444419953286e-12,0.7833913023162695,0.999999999989518
2025-05-27,中性,982.019,983.429,972.92,（无操作）,0.0007975388438592779,8.211444419953286e-12,0.7759414919757801,0.9999999999894175
2025-05-28,中性,973.904,975.856,970.64,（无操作）,0.0007975388438592779,8.211444419953286e-12,0.7741231034117809,0.9999999999893926
2025-05-29,中性,972.257,986.447,986.302,冲高(+1%)卖出剩余50% @ 981.980,0.00039876942192963895,0.3913876337710891,0.7846947121591359,0.5012230518360932
2025-05-30,偏强,981.346,981.346,977.027,开盘买入2成 @ 981.346（持仓 70%）,0.0005586116306671681,0.23444869133926188,0.7802273370151132,0.6995123341407345
2025-06-03,偏强,977.23,987.621,981.71,开盘买入2成 @ 977.230（持仓 90%）,0.0007182132430421382,0.07840322393623925,0.7834803467631367,0.8999295588457916
2025-06-04,偏强,982.364,988.164,986.111,开盘买入2成 @ 982.364（持仓 100%）,0.0007975062191616757,0.00046971146094956784,0.7868993667446887,0.9994030857301452
2025-06-05,偏强,987.529,997.932,996.407,开盘买入2成：无空余仓位，不动,0.0007975062191616757,0.00046971146094956784,0.7951104907771773,0.999409250077319
2025-06-06,偏强,995.315,995.704,991.642,开盘买入2成 @ 995.315（持仓 100%）,0.0007979776700104397,2.347383612940875e-07,0.7913084073828538,0.9999997033541422
2025-06-09,偏强,991.308,1002.401,997.612,开盘买入2成 @ 991.308（持仓 100%）,0.0007979779065704179,1.1731052538434828e-10,0.7960723354468382,0.9999999998526384
2025-06-10,偏强,1004.554,1004.777,982.904,开盘买入2成：现金不足，不动,0.0007979779065704179,1.1731052538434828e-10,0.7843356763970005,0.9999999998504333
2025-06-11,偏强,982.598,990.137,980.933,开盘买入2成：现金不足，不动,0.0007979779065704179,1.1731052538434828e-10,0.7827628619431501,0.9999999998501328
2025-06-12,偏强,978.686,982.125,977.973,开盘买入2成：现金不足，不动,0.0007979779065704179,1.1731052538434828e-10,0.7804008473397017,0.9999999998496791
2025-06-13,偏强,971.695,978.42,972.941,开盘买入2成：现金不足，不动,0.0007979779065704179,1.1731052538434828e-10,0.7763854225138395,0.9999999998489018
2025-06-16,偏强,968.186,975.541,970.891,开盘买入2成：现金不足，不动,0.0007979779065704179,1.1731052538434828e-10,0.7747495678053701,0.9999999998485827
2025-06-17,偏强,971.535,972.199,963.083,开盘买入2成：现金不足，不动,0.0007979779065704179,1.1731052538434828e-10,0.7685189563108682,0.9999999998473551
2025-06-18,偏强,962.245,971.796,968.179,开盘买入2成：现金不足，不动,0.0007979779065704179,1.1731052538434828e-10,0.7725854517227511,0.9999999998481586
2025-06-19,偏强,966.917,974.483,962.943,开盘买入2成：现金不足，不动,0.0007979779065704179,1.1731052538434828e-10,0.7684072394039484,0.9999999998473329
2025-06-20,偏强,963.783,967.981,957.872,开盘买入2成：现金不足，不动,0.0007979779065704179,1.1731052538434828e-10,0.7643606934397298,0.9999999998465247
2025-06-23,偏强,952.325,966.192,961.489,开盘买入2成：现金不足，不动,0.0007979779065704179,1.1731052538434828e-10,0.767246979527795,0.9999999998471021
2025-06-24,偏强,963.79,980.52,978.714,开盘买入2成：现金不足，不动,0.0007979779065704179,1.1731052538434828e-10,0.7809921489684705,0.999999999849793
2025-06-25,偏强,979.971,996.661,995.61,开盘买入2成：现金不足，不动,0.0007979779065704179,1.1731052538434828e-10,0.7944747836778843,0.9999999998523421
2025-06-26,偏强,995.575,1005.895,989.972,开盘买入2成：现金不足，不动,0.0007979779065704179,1.1731052538434828e-10,0.7899757842406402,0.9999999998515011
2025-06-27,偏强,996.684,998.576,988.211,开盘买入2成：现金不足，不动,0.0007979779065704179,1.1731052538434828e-10,0.7885705451471697,0.9999999998512366
2025-06-30,偏强,992.297,1004.471,1003.414,开盘买入2成：现金不足，不动,0.0007979779065704179,1.1731052538434828e-10,0.8007022032607598,0.9999999998534905
2025-07-01,偏强,1002.085,1002.085,994.795,开盘买入2成：现金不足，不动,0.0007979779065704179,1.1731052538434828e-10,0.7938244316840293,0.9999999998522211
2025-07-02,偏强,992.383,992.473,982.636,开盘买入2成：现金不足，不动,0.0007979779065704179,1.1731052538434828e-10,0.7841218183180396,0.9999999998503926
2025-07-03,偏强,984.338,987.094,984.949,开盘买入2成：现金不足，不动,0.0007979779065704179,1.1731052538434828e-10,0.7859675412159369,0.9999999998507438
2025-07-04,偏强,984.528,997.406,984.802,开盘买入2成：现金不足，不动,0.0007979779065704179,1.1731052538434828e-10,0.7858502384636712,0.9999999998507215
2025-07-07,偏强,983.198,987.106,978.293,开盘买入2成：现金不足，不动,0.0007979779065704179,1.1731052538434828e-10,0.7806562002698043,0.9999999998497283
2025-07-08,偏强,978.905,993.186,991.948,开盘买入2成：现金不足，不动,0.0007979779065704179,1.1731052538434828e-10,0.7915525885840233,0.999999999851797
2025-07-09,偏强,991.342,993.611,983.111,开盘买入2成：现金不足，不动,0.0007979779065704179,1.1731052538434828e-10,0.7845008578236605,0.9999999998504648
2025-07-10,偏强,981.735,986.309,979.989,开盘买入2成：现金不足，不动,0.0007979779065704179,1.1731052538434828e-10,0.7820095707993477,0.9999999998499884
2025-07-11,偏强,980.375,1000.035,994.448,开盘买入2成：现金不足，不动,0.0007979779065704179,1.1731052538434828e-10,0.7935475333504494,0.9999999998521696
2025-07-14,偏强,995.288,998.969,992.389,开盘买入2成：现金不足，不动,0.0007979779065704179,1.1731052538434828e-10,0.7919044968408209,0.9999999998518628
2025-07-15,偏强,990.731,998.084,996.246,开盘买入2成：现金不足，不动,0.0007979779065704179,1.1731052538434828e-10,0.794982297626463,0.9999999998524364
2025-07-16,偏强,996.332,1008.467,997.63,开盘买入2成：现金不足，不动,0.0007979779065704179,1.1731052538434828e-10,0.7960866990491564,0.9999999998526411
2025-07-17,偏强,997.712,1005.665,1005.648,开盘买入2成：现金不足，不动,0.0007979779065704179,1.1731052538434828e-10,0.8024848859040381,0.9999999998538159
2025-07-18,偏强,1008.133,1013.121,1007.525,开盘买入2成：现金不足，不动,0.0007979779065704179,1.1731052538434828e-10,0.8039826904346707,0.9999999998540883
2025-07-21,偏强,1007.585,1010.345,1007.894,开盘买入2成：现金不足，不动,0.0007979779065704179,1.1731052538434828e-10,0.8042771442821952,0.9999999998541417
2025-07-22,偏强,1007.513,1019.03,1016.265,开盘买入2成：现金不足，不动,0.0007979779065704179,1.1731052538434828e-10,0.8109570173380962,0.9999999998553432
2025-07-23,偏强,1016.581,1030.545,1020.855,开盘买入2成：现金不足，不动,0.0007979779065704179,1.1731052538434828e-10,0.8146197359292544,0.9999999998559935
2025-07-24,偏强,1019.72,1032.838,1032.838,开盘买入2成：现金不足，不动,0.0007979779065704179,1.1731052538434828e-10,0.8241819051836877,0.9999999998576643
2025-07-25,偏强,1032.448,1059.734,1054.196,开盘买入2成：现金不足，不动,0.0007979779065704179,1.1731052538434828e-10,0.8412251173122186,0.999999999860548
2025-07-28,偏强,1054.906,1059.05,1055.109,开盘买入2成：现金不足，不动,0.0007979779065704179,1.1731052538434828e-10,0.8419536711409175,0.9999999998606687
2025-07-29,偏强,1053.118,1071.437,1070.448,开盘买入2成：现金不足，不动,0.0007979779065704179,1.1731052538434828e-10,0.8541938542498012,0.9999999998626653
2025-07-30,偏强,1065.939,1073.816,1058.572,开盘买入2成：现金不足，不动,0.0007979779065704179,1.1731052538434828e-10,0.8447170686313707,0.9999999998611245
2025-07-31,偏强,1057.32,1070.759,1047.87,开盘买入2成：现金不足，不动,0.0007979779065704179,1.1731052538434828e-10,0.8361771090752542,0.9999999998597061
2025-08-01,偏强,1047.375,1056.418,1036.775,开盘买入2成：现金不足，不动,0.0007979779065704179,1.1731052538434828e-10,0.8273235442018555,0.9999999998582049
2025-08-04,偏强,1034.127,1049.459,1049.406,开盘买入2成：现金不足，不动,0.0007979779065704179,1.1731052538434828e-10,0.8374028031397464,0.9999999998599115
2025-08-05,中性,1048.714,1054.107,1053.646,（无操作）,0.0007979779065704179,1.1731052538434828e-10,0.8407862294636049,0.9999999998604753
2025-08-06,偏强,1051.872,1060.402,1059.761,开盘买入2成：现金不足，不动,0.0007979779065704179,1.1731052538434828e-10,0.8456658643622831,0.9999999998612803
2025-08-07,偏强,1059.845,1069.044,1058.205,开盘买入2成：现金不足，不动,0.0007979779065704179,1.1731052538434828e-10,0.8444242107396595,0.9999999998610763
2025-08-08,偏强,1052.461,1052.736,1043.537,开盘买入2成：现金不足，不动,0.0007979779065704179,1.1731052538434828e-10,0.8327194708060847,0.9999999998591236
2025-08-11,偏强,1043.227,1053.695,1049.73,开盘买入2成：现金不足，不动,0.0007979779065704179,1.1731052538434828e-10,0.8376613479814753,0.9999999998599548
2025-08-12,偏强,1048.207,1077.876,1069.809,开盘买入2成：现金不足，不动,0.0007979779065704179,1.1731052538434828e-10,0.8536839463675027,0.9999999998625833
2025-08-13,偏强,1069.522,1079.139,1077.698,开盘买入2成：现金不足，不动,0.0007979779065704179,1.1731052538434828e-10,0.8599791940724367,0.9999999998635891
2025-08-14,偏强,1079.224,1109.854,1085.736,开盘买入2成：现金不足，不动,0.0007979779065704179,1.1731052538434828e-10,0.8663933404854498,0.9999999998645991
2025-08-15,偏强,1079.161,1104.5,1101.293,开盘买入2成：现金不足，不动,0.0007979779065704179,1.1731052538434828e-10,0.8788074827779656,0.9999999998665118
2025-08-18,偏强,1114.32,1138.421,1124.822,开盘买入2成：现金不足，不动,0.0007979779065704179,1.1731052538434828e-10,0.8975831049416609,0.999999999869304
2025-08-19,偏强,1122.639,1133.629,1112.266,开盘买入2成：现金不足，不动,0.0007979779065704179,1.1731052538434828e-10,0.887563694346763,0.9999999998678286
2025-08-20,偏强,1109.701,1148.736,1148.147,开盘买入2成：现金不足，不动,0.0007979779065704179,1.1731052538434828e-10,0.916195939612416,0.9999999998719592
2025-08-21,偏强,1150.98,1173.278,1149.151,开盘买入2成：现金不足，不动,0.0007979779065704179,1.1731052538434828e-10,0.9169971094306129,0.999999999872071
2025-08-22,中性,1162.291,1248.067,1247.862,冲高(+1%)卖出剩余50% @ 1173.914,0.00039898895328520893,0.4681444929740586,0.966027646198446,0.5153922407745564
2025-08-25,中性,1282.054,1320.715,1287.734,冲高(+1%)卖出剩余50% @ 1294.875,0.00019949447664260447,0.7263356514898542,0.9832314718747419,0.2612770519794902
2025-08-26,中性,1266.586,1284.073,1270.871,冲高(+1%)卖出剩余50% @ 1279.252,9.974723832130223e-05,0.8538736907221672,0.980639563234799,0.12926856845799067
2025-08-27,中性,1285.444,1332.816,1272.556,冲高(+1%)卖出剩余50% @ 1298.298,4.9873619160651116e-05,0.918592157254618,0.9820591305592195,0.0646264276046812
2025-08-28,中性,1280.237,1365.918,1364.605,冲高(+1%)卖出剩余50% @ 1293.039,2.4936809580325558e-05,0.9508203116658973,0.9848492067032575,0.03455239117394479
2025-08-29,中性,1335.647,1346.761,1341.311,（无操作）,2.4936809580325558e-05,0.9508203116658973,0.9842683286608933,0.03398262041053623
2025-09-01,中性,1348.533,1366.921,1357.148,冲高(+1%)卖出剩余50% @ 1362.018,1.2468404790162779e-05,0.9677940164380238,0.9847154870621836,0.017184121552351765
2025-09-02,中性,1353.944,1364.195,1328.279,（无操作）,1.2468404790162779e-05,0.9677940164380238,0.9843555366842964,0.016824734182994957
2025-09-03,中性,1318.506,1325.75,1306.479,（无操作）,1.2468404790162779e-05,0.9677940164380238,0.9840837254598709,0.01655317388186128
2025-09-04,中性,1301.976,1304.052,1226.985,（无操作）,1.2468404790162779e-05,0.9677940164380238,0.9830925620894816,0.015561653339073268
2025-09-05,中性,1232.214,1275.1,1268.552,冲高(+1%)卖出剩余50% @ 1244.536,6.2342023950813896e-06,0.9755488272776848,0.9834572371943701,0.008041437510030008
2025-09-08,中性,1266.475,1280.819,1275.868,冲高(+1%)卖出剩余50% @ 1279.140,3.1171011975406948e-06,0.9795340417202084,0.9835110513909122,0.004043685798018679
2025-09-09,中性,1250.962,1271.964,1245.528,冲高(+1%)卖出剩余50% @ 1263.472,1.5585505987703474e-06,0.9815022415778638,0.983443459988049,0.001973899353816256
2025-09-10,中性,1253.504,1272.915,1259.096,冲高(+1%)卖出剩余50% @ 1266.039,7.792752993851737e-07,0.9824883412333172,0.9834695236456719,0.000997674446196849
2025-09-11,中性,1254.19,1332.759,1326.033,冲高(+1%)卖出剩余50% @ 1266.732,3.8963764969258685e-07,0.9829816608904036,0.9834983332719385,0.0005253413900722386
2025-09-12,中性,1324.844,1360.066,1338.018,冲高(+1%)卖出剩余50% @ 1338.092,1.9481882484629342e-07,0.9832422161443017,0.983502887238685,0.00026504354767585537
2025-09-15,中性,1362.851,1366.46,1340.397,（无操作）,1.9481882484629342e-07,0.9832422161443017,0.9835033507126693,0.00026551467077186167
2025-09-16,中性,1347.196,1370.286,1358.047,冲高(+1%)卖出剩余50% @ 1360.668,9.740941242314671e-08,0.9833746917398551,0.9835069783001682,0.00013450495342865073
2025-09-17,中性,1351.637,1378.873,1370.43,冲高(+1%)卖出剩余50% @ 1365.153,4.8704706211573356e-08,0.9834411478889779,0.9835078942795114,6.786563780702837e-05
2025-09-18,中性,1385.503,1433.574,1380.351,冲高(+1%)卖出剩余50% @ 1399.358,2.4352353105786678e-08,0.9834752085110154,0.9835088233059773,3.417843761577309e-05
2025-09-19,中性,1388.859,1400.694,1362.649,（无操作）,2.4352353105786678e-08,0.9834752085110154,0.9835083922206227,3.374013874179862e-05
2025-09-22,中性,1361.255,1422.741,1408.645,冲高(+1%)卖出剩余50% @ 1374.868,1.2176176552893339e-08,0.9834919407707261,0.9835090926809464,1.7439503455525828e-05
2025-09-23,中性,1406.607,1419.284,1407.302,（无操作）,1.2176176552893339e-08,0.9834919407707261,0.9835090763283414,1.7422876949149017e-05
2025-09-24,中性,1395.374,1479.704,1456.469,冲高(+1%)卖出剩余50% @ 1409.328,6.0880882764466695e-09,0.9835005165923618,0.9835093837042057,9.015787740134894e-06
2025-09-25,中性,1449.655,1486.43,1474.487,冲高(+1%)卖出剩余50% @ 1464.152,3.0440441382233347e-09,0.9835049713058341,0.9835094597093433,4.563660740551462e-06
2025-09-26,中性,1461.953,1485.876,1450.824,冲高(+1%)卖出剩余50% @ 1476.573,1.5220220691116674e-09,0.9835072175581234,0.9835094257442698,2.2452109645271807e-06
2025-09-29,中性,1448.545,1470.414,1470.414,冲高(+1%)卖出剩余50% @ 1463.030,7.610110345558337e-10,0.9835083303837486,0.983509449385028,1.1377636280618092e-06
2025-09-30,中性,1488.293,1505.907,1495.288,（无操作）,7.610110345558337e-10,0.9835083303837486,0.9835094683144164,1.1570103842407955e-06
2025-10-09,中性,1526.918,1588.833,1539.081,（无操作）,7.610110345558337e-10,0.9835083303837486,0.9835095016413727,1.1908960941612894e-06
2025-10-10,中性,1511.164,1512.339,1452.675,（无操作）,7.610110345558337e-10,0.9835083303837486,0.9835094358854533,1.1240377207241664e-06
2025-10-13,中性,1409.684,1476.13,1473.017,（无操作）,7.610110345558337e-10,0.9835083303837486,0.9835094513659397,1.1397777515319887e-06
2025-10-14,中性,1488.048,1489.168,1410.3,（无操作）,7.610110345558337e-10,0.9835083303837486,0.9835094036376106,1.0912492123253244e-06
2025-10-15,偏强,1409.527,1430.28,1429.997,开盘买入2成 @ 1409.527（持仓 20%）,0.0001394827141329351,0.7868064496562265,0.9862663124181813,0.20223732702874975
2025-10-16,中性,1419.553,1444.231,1416.575,冲高(+1%)卖出剩余50% @ 1433.749,6.974135706646755e-05,0.8867480220463924,0.9855418849328237,0.10024319046893196
2025-10-17,偏强,1411.74,1415.658,1363.168,开盘买入2成 @ 1411.740（持仓 30%）,0.00020929245857987617,0.6896396450598277,0.9749404272372403,0.2926340668689781
2025-10-20,中性,1390.71,1397.733,1367.899,（无操作）,0.00020929245857987617,0.6896396450598277,0.9759305898587817,0.2933517483455259
2025-10-21,中性,1374.983,1410.071,1406.318,冲高(+1%)卖出剩余50% @ 1388.733,0.00010464622928993808,0.834892636383397,0.9820585122659641,0.14985448834713752
2025-10-22,中性,1392.588,1424.232,1405.407,冲高(+1%)卖出剩余50% @ 1406.514,5.232311464496904e-05,0.9084490267828806,0.9819842983667226,0.07488436597830428
2025-10-23,中性,1396.091,1403.94,1401.256,（无操作）,5.232311464496904e-05,0.9084490267828806,0.9817671051178314,0.07467970555618803
2025-10-24,中性,1421.209,1466.85,1462.222,冲高(+1%)卖出剩余50% @ 1435.421,2.616155732248452e-05,0.9459831014852549,0.9842371061564529,0.038866655638074635
2025-10-27,中性,1489.663,1491.107,1484.206,（无操作）,2.616155732248452e-05,0.9459831014852549,0.9848122418326304,0.03942796271004773
2025-10-28,中性,1470.484,1496.064,1471.731,冲高(+1%)卖出剩余50% @ 1485.189,1.308077866124226e-05,0.9654008142581989,0.9846522017180876,0.019551459313550117
2025-10-29,中性,1466.439,1495.381,1489.123,冲高(+1%)卖出剩余50% @ 1481.103,6.54038933062113e-06,0.975082963571297,0.9848224077524795,0.009889543642096325
2025-10-30,中性,1485.937,1494.402,1461.3,（无操作）,6.54038933062113e-06,0.975082963571297,0.9846404345001336,0.009706559464713268
2025-10-31,中性,1451.057,1452.239,1415.525,（无操作）,6.54038933062113e-06,0.975082963571297,0.9843410481785244,0.009405362729065414
2025-11-03,中性,1403.456,1406.009,1400.859,（无操作）,6.54038933062113e-06,0.975082963571297,0.9842451268286015,0.00930882257637035
2025-11-04,中性,1406.864,1415.734,1387.239,（无操作）,6.54038933062113e-06,0.975082963571297,0.9841560467259185,0.00921915095152418
2025-11-05,偏强,1355.722,1398.368,1390.395,开盘买入2成 @ 1355.722（持仓 21%）,0.0001516533571246983,0.7782517542261133,0.9891098237055082,0.2131796332680794
2025-11-06,中性,1405.154,1442.812,1436.858,冲高(+1%)卖出剩余50% @ 1419.206,7.582667856234915e-05,0.8858115897004507,0.9947637594061906,0.10952567247803363
2025-11-07,中性,1420.229,1434.387,1415.686,（无操作）,7.582667856234915e-05,0.8858115897004507,0.9931583569676685,0.10808625483953149
2025-11-10,偏强,1422.322,1431.766,1407.558,开盘买入2成 @ 1422.322（持仓 31%）,0.00021540998332100314,0.6871799183069169,0.9903819636102615,0.3061465741945414
2025-11-11,偏强,1416.858,1423.679,1387.534,开盘买入2成 @ 1416.858（持仓 51%）,0.0003551398673461082,0.4891035255848647,0.9818721662830796,0.5018663911857411
2025-11-12,偏强,1377.147,1388.508,1379.452,开盘买入2成 @ 1377.147（持仓 70%）,0.0004976637192726356,0.29272909232824873,0.9792323052063244,0.7010626684067877
2025-11-13,偏强,1376.369,1404.629,1399.292,开盘买入2成 @ 1376.369（持仓 90%）,0.0006398847274091824,0.09688263128698385,0.9922682112728335,0.9023624558498075
2025-11-14,偏强,1379.437,1390.62,1361.232,开盘买入2成 @ 1379.437（持仓 99%）,0.0007100480050864227,4.8417107089956946e-05,0.9665884831668913,0.9999499092861822
2025-11-17,偏强,1363.478,1377.547,1354.038,开盘买入2成：无空余仓位，不动,0.0007100480050864227,4.8417107089956946e-05,0.9614803978182995,0.9999496431677652
2025-11-18,中性,1350.507,1374.032,1357.926,冲高(+1%)卖出剩余50% @ 1364.012,0.00035502400254321136,0.48406331320343665,0.9661596368809295,0.49898205769996046
2025-11-19,中性,1355.131,1363.855,1344.796,（无操作）,0.00035502400254321136,0.48406331320343665,0.9614981717275372,0.4965530591350857
2025-11-20,中性,1362.852,1364.482,1328.186,（无操作）,0.00035502400254321136,0.48406331320343665,0.9556012230452944,0.4934463230793787
2025-11-21,中性,1300.479,1311.324,1285.83,（无操作）,0.00035502400254321136,0.48406331320343665,0.940563826393574,0.48534772482215066
2025-11-24,中性,1295.88,1306.044,1296.602,（无操作）,0.00035502400254321136,0.48406331320343665,0.9443881449489696,0.4874318194352247
2025-11-25,中性,1309.674,1323.205,1302.167,冲高(+1%)卖出剩余50% @ 1322.771,0.00017751200127160568,0.718753590643719,0.9499038608035619,0.24334069972544758
2025-11-26,偏强,1296.455,1327.536,1315.041,开盘买入2成 @ 1296.455（持仓 44%）,0.0003239774237090134,0.5287728184830066,0.9548164137347313,0.4462047249326914
2025-11-27,偏强,1325.849,1351.436,1310.701,开盘买入2成 @ 1325.849（持仓 65%）,0.0004679363879821207,0.3378095357360603,0.9511342274006139,0.6448350548173719
2025-11-28,偏强,1307.962,1329.327,1327.149,开盘买入2成 @ 1307.962（持仓 84%）,0.0006133012988819233,0.14758269025593748,0.9615248957657831,0.846511836660871
2025-12-01,偏强,1329.422,1341.95,1336.756,开盘买入2成 @ 1329.422（持仓 100%）,0.000723210416230874,0.0013940338523586449,0.968149897011477,0.9985601053549024
2025-12-02,偏强,1334.002,1335.746,1320.156,开盘买入2成 @ 1334.002（持仓 100%）,0.0007242543733338882,6.966685918835796e-07,0.9561294531515645,0.9999992713658286
2025-12-03,偏强,1317.582,1324.706,1308.367,开盘买入2成 @ 1317.582（持仓 100%）,0.0007242549015533429,3.481602158338638e-10,0.9475912131288027,0.999999999632584
2025-12-04,偏强,1303.993,1326.226,1326.165,开盘买入2成：现金不足，不动,0.0007242549015533429,3.481602158338638e-10,0.960481501866649,0.999999999637515
2025-12-05,偏强,1319.723,1330.586,1326.101,开盘买入2成：现金不足，不动,0.0007242549015533429,3.481602158338638e-10,0.9604351495529497,0.9999999996374975
2025-12-08,偏强,1325.97,1360.711,1350.795,开盘买入2成：现金不足，不动,0.0007242549015533429,3.481602158338638e-10,0.978319900091908,0.9999999996441244
2025-12-09,偏强,1338.845,1358.899,1347.105,开盘买入2成：现金不足，不动,0.0007242549015533429,3.481602158338638e-10,0.9756473995051761,0.9999999996431496
2025-12-10,偏强,1337.524,1350.653,1346.703,开盘买入2成：现金不足，不动,0.0007242549015533429,3.481602158338638e-10,0.9753562490347516,0.9999999996430431
2025-12-11,偏强,1349.669,1350.867,1325.831,开盘买入2成：现金不足，不动,0.0007242549015533429,3.481602158338638e-10,0.9602396007295302,0.9999999996374237
2025-12-12,偏强,1324.3,1351.558,1348.881,开盘买入2成：现金不足，不动,0.0007242549015533429,3.481602158338638e-10,0.9769336762103349,0.9999999996436194
2025-12-15,偏强,1333.361,1343.781,1318.906,开盘买入2成：现金不足，不动,0.0007242549015533429,3.481602158338638e-10,0.9552241355362734,0.9999999996355199
2025-12-16,偏强,1313.526,1317.154,1293.382,开盘买入2成：现金不足，不动,0.0007242549015533429,3.481602158338638e-10,0.936738253429026,0.9999999996283272
2025-12-17,中性,1294.697,1327.761,1325.335,冲高(+1%)卖出剩余50% @ 1307.644,0.0003621274507766714,0.47329701083905656,0.9532371958141563,0.5034845336319306
2025-12-18,中性,1314.665,1323.676,1305.966,（无操作）,0.0003621274507766714,0.47329701083905656,0.946223149220063,0.4998040248442686
2025-12-19,偏强,1314.75,1323.86,1308.589,开盘买入2成 @ 1314.750（持仓 70%）,0.0005059951479180324,0.284052380995044,0.946192065613954,0.6997941630267938
2025-12-22,偏强,1314.066,1338.145,1335.245,开盘买入2成 @ 1314.066（持仓 90%）,0.0006499330027915241,0.09481396787225319,0.9626337601846217,0.9015056693481548
2025-12-23,偏强,1333.539,1348.538,1340.015,开盘买入2成 @ 1333.539（持仓 100%）,0.0007209614653767799,4.738329228998195e-05,0.9661465613191558,0.9999509564136674
2025-12-24,中性,1342.128,1352.743,1352.126,（无操作）,0.0007209614653767799,4.738329228998195e-05,0.9748781256263339,0.9999513956759881
2025-12-25,偏强,1347.784,1356.604,1349.058,开盘买入2成 @ 1347.784（持仓 100%）,0.0007209965866903669,2.367980624186697e-08,0.9726662369271392,0.9999999756547464
2025-12-26,偏强,1346.109,1356.108,1345.827,开盘买入2成 @ 1346.109（持仓 100%）,0.000720996604264088,1.1833986127867195e-11,0.9703366969387587,0.9999999999878043
2025-12-29,偏强,1345.98,1364.272,1346.319,开盘买入2成：现金不足，不动,0.000720996604264088,1.1833986127867195e-11,0.9706914272680567,0.9999999999878088
2025-12-30,偏强,1346.132,1367.007,1359.873,开盘买入2成：现金不足，不动,0.000720996604264088,1.1833986127867195e-11,0.9804638152422521,0.9999999999879302
2025-12-31,偏强,1367.166,1368.48,1344.2,开盘买入2成：现金不足，不动,0.000720996604264088,1.1833986127867195e-11,0.969163635463621,0.9999999999877895
2026-01-05,偏强,1360.897,1403.535,1403.414,开盘买入2成：现金不足，不动,0.000720996604264088,1.1833986127867195e-11,1.011856728388515,0.9999999999883046
2026-01-06,偏强,1401.789,1442.104,1429.302,开盘买入2成：现金不足，不动,0.000720996604264088,1.1833986127867195e-11,1.0305218884797036,0.9999999999885164
2026-01-07,偏强,1442.507,1452.045,1443.388,开盘买入2成：现金不足，不动,0.000720996604264088,1.1833986127867195e-11,1.0406778466473674,0.9999999999886284
2026-01-08,偏强,1441.186,1483.231,1455.173,开盘买入2成：现金不足，不动,0.000720996604264088,1.1833986127867195e-11,1.0491747916286198,0.9999999999887206
2026-01-09,偏强,1442.224,1477.239,1475.968,开盘买入2成：现金不足，不动,0.000720996604264088,1.1833986127867195e-11,1.0641679160142916,0.9999999999888795
2026-01-12,偏强,1490.499,1515.107,1511.836,开盘买入2成：现金不足，不动,0.000720996604264088,1.1833986127867195e-11,1.0900286222160358,0.9999999999891434
2026-01-13,偏强,1508.183,1511.653,1469.57,开盘买入2成：现金不足，不动,0.000720996604264088,1.1833986127867195e-11,1.0595549797402097,0.999999999988831
2026-01-14,偏强,1479.295,1532.578,1500.911,开盘买入2成：现金不足，不动,0.000720996604264088,1.1833986127867195e-11,1.0821517343144507,0.9999999999890643
2026-01-15,偏强,1491.232,1504.844,1493.945,开盘买入2成：现金不足，不动,0.000720996604264088,1.1833986127867195e-11,1.077129271969147,0.9999999999890133
2026-01-16,偏强,1509.7,1528.783,1514.068,开盘买入2成：现金不足，不动,0.000720996604264088,1.1833986127867195e-11,1.0916378866367533,0.9999999999891593
2026-01-19,偏强,1513.59,1525.122,1506.857,开盘买入2成：现金不足，不动,0.000720996604264088,1.1833986127867195e-11,1.086438780123405,0.9999999999891075
2026-01-20,偏强,1508.367,1525.809,1482.994,开盘买入2成：现金不足，不动,0.000720996604264088,1.1833986127867195e-11,1.069233638155851,0.9999999999889322
2026-01-21,偏强,1482.658,1546.049,1535.393,开盘买入2成：现金不足，不动,0.000720996604264088,1.1833986127867195e-11,1.107013139222685,0.9999999999893099
2026-01-22,偏强,1563.38,1574.966,1541.638,开盘买入2成：现金不足，不动,0.000720996604264088,1.1833986127867195e-11,1.1115157630163142,0.9999999999893532
2026-01-23,偏强,1530.285,1553.707,1553.707,开盘买入2成：现金不足，不动,0.000720996604264088,1.1833986127867195e-11,1.1202174710331776,0.9999999999894359
2026-01-26,偏强,1556.568,1575.452,1532.796,开盘买入2成：现金不足，不动,0.000720996604264088,1.1833986127867195e-11,1.105140711041411,0.9999999999892918
2026-01-27,偏强,1530.07,1562.579,1555.978,开盘买入2成：现金不足，不动,0.000720996604264088,1.1833986127867195e-11,1.1218548543214613,0.9999999999894513
2026-01-28,偏强,1566.188,1569.435,1554.804,开盘买入2成：现金不足，不动,0.000720996604264088,1.1833986127867195e-11,1.1210084043080553,0.9999999999894433
2026-01-29,偏强,1550.989,1560.645,1507.64,开盘买入2成：现金不足，不动,0.000720996604264088,1.1833986127867195e-11,1.0870033204645437,0.9999999999891132
2026-01-30,偏强,1501.512,1522.329,1509.402,开盘买入2成：现金不足，不动,0.000720996604264088,1.1833986127867195e-11,1.088273716481257,0.9999999999891258
2026-02-02,偏强,1492.811,1508.543,1450.898,开盘买入2成：现金不足，不动,0.000720996604264088,1.1833986127867195e-11,1.0460925311453908,0.9999999999886874
2026-02-03,中性,1475.568,1478.051,1471.069,（无操作）,0.000720996604264088,1.1833986127867195e-11,1.0606357536500017,0.9999999999888425
2026-02-04,偏强,1452.976,1455.124,1453.476,开盘买入2成：现金不足，不动,0.000720996604264088,1.1833986127867195e-11,1.0479512603911838,0.9999999999887074
2026-02-05,中性,1423.662,1441.163,1432.522,冲高(+1%)卖出剩余50% @ 1437.899,0.000360498302132044,0.5181008311542691,1.0345225799210689,0.4991884747515143
2026-02-06,中性,1415.047,1440.808,1422.406,冲高(+1%)卖出剩余50% @ 1429.197,0.000180249151066022,0.775583656012139,1.0319711299833552,0.24844442496695757
2026-02-09,中性,1453.54,1458.927,1458.163,（无操作）,0.000180249151066022,0.775583656012139,1.0384162988780228,0.2531091269945074
2026-02-10,中性,1463.348,1485.966,1471.498,冲高(+1%)卖出剩余50% @ 1477.981,9.0124575533011e-05,0.908719508316025,1.0413376409636996,0.1273536338559163
2026-02-11,中性,1461.999,1467.281,1455.114,（无操作）,9.0124575533011e-05,0.908719508316025,1.0398610399181667,0.12611447738484569
2026-02-12,中性,1463.609,1481.979,1480.995,冲高(+1%)卖出剩余50% @ 1478.245,4.50622877665055e-05,0.9752993073982114,1.0420363302689672,0.06404481392076786
2026-02-13,中性,1470.259,1492.086,1470.333,冲高(+1%)卖出剩余50% @ 1484.962,2.253114388325275e-05,1.0087404617019824,1.041868746081277,0.031796984508747614
2026-02-24,中性,1493.453,1493.774,1465.365,（无操作）,2.253114388325275e-05,1.0087404617019824,1.041756811358465,0.03169295299680249
2026-02-25,中性,1468.511,1481.291,1473.285,（无操作）,2.253114388325275e-05,1.0087404617019824,1.0419352580180203,0.03185878974782128
2026-02-26,中性,1478.726,1494.749,1485.865,冲高(+1%)卖出剩余50% @ 1493.513,1.1265571941626375e-05,1.0255573301377472,1.0422964491907918,0.016059844649802302
2026-02-27,中性,1468.078,1493.524,1488.023,冲高(+1%)卖出剩余50% @ 1482.759,5.6327859708131874e-06,1.0339052169604042,1.0422869320390515,0.008041658031968218
2026-03-02,中性,1459.776,1486.549,1464.772,冲高(+1%)卖出剩余50% @ 1474.374,2.8163929854065937e-06,1.0380555566679779,1.042180930253998,0.003958404405859317
2026-03-03,偏强,1467.764,1469.603,1388.41,开盘买入2成 @ 1467.764（持仓 20%）,0.00014475475640130943,0.8296193706171783,1.0305983219523203,0.19501191400585277
2026-03-04,中性,1380.13,1407.003,1381.558,冲高(+1%)卖出剩余50% @ 1393.931,7.237737820065471e-05,0.9304580189565657,1.0304515648287058,0.09703856957969904
2026-03-05,中性,1418.883,1423.612,1405.353,（无操作）,7.237737820065471e-05,0.9304580189565657,1.0321737845429904,0.09854519375481022
2026-03-06,中性,1396.594,1422.001,1414.394,冲高(+1%)卖出剩余50% @ 1410.560,3.618868910032736e-05,0.9814788109250391,1.0326638756564075,0.049566045581707685
2026-03-09,偏强,1373.817,1398.245,1390.483,开盘买入2成 @ 1373.817（持仓 25%）,0.0001864485565725642,0.7749460357937575,1.0341995840824463,0.25068038343749816
2026-03-10,偏强,1417.259,1424.719,1420.539,开盘买入2成 @ 1417.259（持仓 46%）,0.0003323192467867157,0.5681061189772683,1.0401785694884227,0.4538378931834055
2026-03-11,偏强,1421.352,1427.095,1401.084,开盘买入2成 @ 1421.352（持仓 65%）,0.0004786107692411624,0.3600704050795837,1.0306442960910684,0.650635620412178
2026-03-12,偏强,1397.779,1412.525,1383.652,开盘买入2成 @ 1397.779（持仓 85%）,0.0006260059199016503,0.15394154586137002,1.0201158889451283,0.8490940612438098
2026-03-13,偏强,1374.65,1392.434,1373.636,开盘买入2成 @ 1374.650（持仓 99%）,0.0007378800112665398,7.693230677729979e-05,1.013655479462902,0.9999241040882865
2026-03-16,偏强,1370.703,1386.554,1384.987,开盘买入2成 @ 1370.703（持仓 100%）,0.000737936081350381,3.84469299236816e-08,1.02203191794815,0.9999999623818697
2026-03-17,中性,1386.26,1390.844,1354.153,（无操作）,0.000737936081350381,3.84469299236816e-08,0.9992783968157924,0.9999999615253066
2026-03-18,中性,1363.54,1373.857,1372.576,（无操作）,0.000737936081350381,3.84469299236816e-08,1.0128733932425105,0.9999999620417219
2026-03-19,中性,1348.553,1354.721,1339.034,（无操作）,0.000737936081350381,3.84469299236816e-08,0.9881215412018561,0.9999999610908897
2026-03-20,偏强,1344.93,1347.367,1318.307,开盘买入2成：无空余仓位，不动,0.000737936081350381,3.84469299236816e-08,0.9728263400437067,0.9999999604791437
2026-03-23,中性,1292.892,1305.793,1261.438,（无操作）,0.000737936081350381,3.84469299236816e-08,0.9308606530333919,0.9999999586974379
2026-03-24,中性,1281.579,1291.918,1290.791,（无操作）,0.000737936081350381,3.84469299236816e-08,0.9525212908292695,0.9999999596366713
2026-03-25,中性,1299.631,1326.649,1315.412,冲高(+1%)卖出剩余50% @ 1312.627,0.0003689680406751905,0.48407540639102214,0.9694203947116558,0.5006548149474352
2026-03-26,中性,1313.965,1316.455,1288.807,（无操作）,0.0003689680406751905,0.48407540639102214,0.9596039999894923,0.4955466980167624
2026-03-27,中性,1265.531,1308.945,1300.756,冲高(+1%)卖出剩余50% @ 1278.186,0.00018448402033759525,0.7197624531256933,0.9597311494839423,0.2500374156734235
2026-03-30,中性,1278.993,1294.543,1289.78,冲高(+1%)卖出剩余50% @ 1291.783,9.224201016879762e-05,0.83885952896355,0.9578314288390618,0.12420964304722336
2026-03-31,中性,1283.899,1296.034,1256.327,（无操作）,9.224201016879762e-05,0.83885952896355,0.954745656872885,0.12137905742237287
2026-04-01,偏强,1290.638,1302.871,1298.198,开盘买入2成 @ 1290.638（持仓 32%）,0.00024011748301425536,0.647910397588973,0.9596304338031132,0.32483342048538627
2026-04-02,偏强,1294.63,1294.63,1262.182,开盘买入2成 @ 1294.630（持仓 52%）,0.00038829122506780367,0.45598431082835034,0.9460785058668809,0.5180269840180577
2026-04-03,偏强,1270.936,1272.837,1256.21,开盘买入2成 @ 1270.936（持仓 72%）,0.0005370958388351961,0.2667686096549742,0.9414737733581359,0.7166478587040835
2026-04-07,偏强,1261.711,1286.53,1274.015,开盘买入2成 @ 1261.711（持仓 92%）,0.0006862588835771814,0.07847385498334697,0.9527779665439298,0.9176367865978262
2026-04-08,偏强,1317.276,1352.689,1352.689,开盘买入2成 @ 1317.276（持仓 100%）,0.0007232755974674453,0.02968824556243249,1.0080551902250736,0.9705489879420156
2026-04-09,偏强,1335.287,1362.907,1343.946,开盘买入2成 @ 1335.287（持仓 99%）,0.0007454869869052361,1.4836704429001951e-05,1.0019090908077735,0.9999851915662158
2026-04-10,偏强,1363.577,1382.937,1364.495,开盘买入2成：无空余仓位，不动,0.0007454869869052361,1.4836704429001951e-05,1.017228102901689,0.9999854145747775
2026-04-13,偏强,1358.463,1396.003,1375.287,开盘买入2成 @ 1358.463（持仓 100%）,0.000745497897676339,7.414644892055603e-09,1.0252735746162442,0.9999999927681303
2026-04-14,偏强,1398.4,1409.848,1405.072,开盘买入2成：无空余仓位，不动,0.000745497897676339,7.414644892055603e-09,1.0474782294985339,0.9999999929214329
2026-04-15,偏强,1415.392,1433.354,1406.322,开盘买入2成：无空余仓位，不动,0.000745497897676339,7.414644892055603e-09,1.048410101870629,0.9999999929277247
2026-04-16,偏强,1406.319,1424.173,1422.228,开盘买入2成 @ 1406.319（持仓 100%）,0.0007454979029434482,3.705469711171344e-12,1.06026799151116,0.9999999999965051
2026-04-17,偏强,1414.873,1433.795,1423.351,开盘买入2成：现金不足，不动,0.0007454979029434482,3.705469711171344e-12,1.0611051856561655,0.9999999999965079
2026-04-20,偏强,1426.893,1451.39,1450.521,开盘买入2成：现金不足，不动,0.0007454979029434482,3.705469711171344e-12,1.081360363679139,0.9999999999965733
2026-04-21,偏强,1445.204,1445.539,1426.677,开盘买入2成：现金不足，不动,0.0007454979029434482,3.705469711171344e-12,1.0635847116813553,0.999999999996516
2026-04-22,偏强,1420.776,1451.461,1451.139,开盘买入2成：现金不足，不动,0.0007454979029434482,3.705469711171344e-12,1.081821081383158,0.9999999999965747
2026-04-23,偏强,1466.124,1467.699,1432.592,开盘买入2成：现金不足，不动,0.0007454979029434482,3.705469711171344e-12,1.067994331777266,0.9999999999965304
2026-04-24,偏强,1443.037,1472.957,1453.685,开盘买入2成：现金不足，不动,0.0007454979029434482,3.705469711171344e-12,1.083719119044052,0.9999999999965807
2026-04-27,偏强,1478.314,1515.282,1508.385,开盘买入2成：现金不足，不动,0.0007454979029434482,3.705469711171344e-12,1.1244978543350586,0.9999999999967047
2026-04-28,偏强,1497.322,1525.342,1488.661,开盘买入2成：现金不足，不动,0.0007454979029434482,3.705469711171344e-12,1.109793653697402,0.9999999999966611
2026-04-29,偏强,1474.117,1495.009,1493.505,开盘买入2成：现金不足，不动,0.0007454979029434482,3.705469711171344e-12,1.1134048455392602,0.9999999999966719
2026-04-30,偏强,1511.388,1580.515,1571.065,开盘买入2成：现金不足，不动,0.0007454979029434482,3.705469711171344e-12,1.171225662891554,0.9999999999968362
2026-05-06,偏强,1634.313,1715.081,1656.946,开盘买入2成：现金不足，不动,0.0007454979029434482,3.705469711171344e-12,1.2352497682942403,0.9999999999970002
2026-05-07,偏强,1663.159,1682.222,1678.887,开盘买入2成：现金不足，不动,0.0007454979029434482,3.705469711171344e-12,1.2516067377827225,0.9999999999970394
2026-05-08,偏强,1653.311,1655.572,1640.46,开盘买入2成：现金不足，不动,0.0007454979029434482,3.705469711171344e-12,1.2229594898663145,0.9999999999969701
2026-05-11,偏强,1687.643,1727.305,1716.691,开盘买入2成：现金不足，不动,0.0007454979029434482,3.705469711171344e-12,1.2797895405055966,0.9999999999971046
2026-05-12,偏强,1708.211,1747.172,1723.784,开盘买入2成：现金不足，不动,0.0007454979029434482,3.705469711171344e-12,1.2850773571311744,0.9999999999971165
2026-05-13,偏强,1684.368,1771.492,1770.147,开盘买入2成：现金不足，不动,0.0007454979029434482,3.705469711171344e-12,1.3196408764053416,0.999999999997192
2026-05-14,偏强,1792.342,1800.606,1725.093,开盘买入2成：现金不足，不动,0.0007454979029434482,3.705469711171344e-12,1.2860532138861274,0.9999999999971187
2026-05-15,偏强,1724.355,1769.804,1696.261,开盘买入2成：现金不足，不动,0.0007454979029434482,3.705469711171344e-12,1.2645590183484618,0.9999999999970698
2026-05-18,偏强,1690.382,1748.104,1709.963,开盘买入2成：现金不足，不动,0.0007454979029434482,3.705469711171344e-12,1.274773830614593,0.9999999999970932
2026-05-19,偏强,1697.402,1776.256,1775.135,开盘买入2成：现金不足，不动,0.0007454979029434482,3.705469711171344e-12,1.3233594199452234,0.9999999999971999
2026-05-20,偏强,1764.213,1835.221,1832.022,开盘买入2成：现金不足，不动,0.0007454979029434482,3.705469711171344e-12,1.3657685591499673,0.9999999999972868
2026-05-21,偏强,1866.287,1892.595,1764.174,开盘买入2成：现金不足，不动,0.0007454979029434482,3.705469711171344e-12,1.3151880174310604,0.9999999999971826
2026-05-22,偏强,1790.744,1797.649,1790.771,开盘买入2成：现金不足，不动,0.0007454979029434482,3.705469711171344e-12,1.335016025155647,0.9999999999972244
2026-05-25,偏强,1791.67,1899.967,1896.037,开盘买入2成：现金不足，不动,0.0007454979029434482,3.705469711171344e-12,1.4134916074068922,0.9999999999973785
2026-05-26,偏强,1877.388,1880.648,1867.709,开盘买入2成：现金不足，不动,0.0007454979029434482,3.705469711171344e-12,1.3923731428123103,0.9999999999973387
2026-05-27,偏强,1875.422,1901.966,1815.451,开盘买入2成：现金不足，不动,0.0007454979029434482,3.705469711171344e-12,1.3534149134002915,0.9999999999972621
2026-05-28,偏强,1805.113,1854.52,1844.249,开盘买入2成：现金不足，不动,0.0007454979029434482,3.705469711171344e-12,1.3748837620092569,0.9999999999973048
2026-05-29,偏强,1850.273,1855.256,1751.323,开盘买入2成：现金不足，不动,0.0007454979029434482,3.705469711171344e-12,1.305607623880334,0.9999999999971618
2026-06-01,中性,1751.232,1753.02,1663.694,（无操作）,0.0007454979029434482,3.705469711171344e-12,1.2402803881433027,0.9999999999970124
2026-06-02,偏强,1676.309,1710.98,1690.558,开盘买入2成：现金不足，不动,0.0007454979029434482,3.705469711171344e-12,1.2603074438079753,0.9999999999970599
2026-06-03,偏强,1697.659,1776.202,1726.181,开盘买入2成：现金不足，不动,0.0007454979029434482,3.705469711171344e-12,1.2868643156045299,0.9999999999971205
2026-06-04,偏强,1700.312,1759.984,1738.059,开盘买入2成：现金不足，不动,0.0007454979029434482,3.705469711171344e-12,1.295719339695692,0.9999999999971402
2026-06-05,偏强,1706.531,1735.078,1668.329,开盘买入2成：现金不足，不动,0.0007454979029434482,3.705469711171344e-12,1.2437357709234456,0.9999999999970207
2026-06-08,偏强,1587.969,1634.033,1596.566,开盘买入2成：现金不足，不动,0.0007454979029434482,3.705469711171344e-12,1.1902366049145148,0.9999999999968868
2026-06-09,中性,1630.232,1666.481,1663.109,冲高(+1%)卖出剩余50% @ 1646.534,0.0003727489514717241,0.6134370693752427,1.2333592053084304,0.5026290258872
2026-06-10,中性,1662.846,1722.334,1652.224,冲高(+1%)卖出剩余50% @ 1679.474,0.00018637447573586206,0.9262917357835156,1.2342241175817246,0.2494947047393271
2026-06-11,中性,1644.603,1676.531,1662.436,冲高(+1%)卖出剩余50% @ 1661.049,9.318723786793103e-05,1.0810029125668874,1.2359207315390992,0.12534608006719955
2026-06-12,中性,1726.005,1730.893,1663.221,（无操作）,9.318723786793103e-05,1.0810029125668874,1.2359938835208255,0.12539784623564168
2026-06-15,中性,1687.67,1748.512,1748.326,冲高(+1%)卖出剩余50% @ 1704.547,4.6593618933965514e-05,1.1603842014621384,1.2418450368784826,0.06559661873844194
2026-06-16,中性,1751.705,1766.138,1758.424,（无操作）,4.6593618933965514e-05,1.1603842014621384,1.2423155392424778,0.06595050548131945
2026-06-17,中性,1729.228,1841.365,1840.821,冲高(+1%)卖出剩余50% @ 1746.520,2.3296809466982757e-05,1.201052207480423,1.2439374635802438,0.03447541163073446
2026-06-18,中性,1837.07,1937.301,1911.513,冲高(+1%)卖出剩余50% @ 1855.441,1.1648404733491378e-05,1.2226543252508992,1.2449204023282294,0.017885542750916972
2026-06-22,中性,1922.474,1963.327,1948.928,冲高(+1%)卖出剩余50% @ 1941.699,5.824202366745689e-06,1.233957517224716,1.245308468294933,0.009114971398017216
2026-06-23,中性,1929.266,1982.906,1916.212,冲高(+1%)卖出剩余50% @ 1948.559,2.9121011833728446e-06,1.2396290800043834,1.2452092832371766,0.004481337641722654
2026-06-24,中性,1896.341,1997.905,1989.426,冲高(+1%)卖出剩余50% @ 1915.304,1.4560505916864223e-06,1.2424164657337637,1.2453131706381801,0.00232608549617434
2026-06-25,中性,2004.775,2076.882,2066.331,冲高(+1%)卖出剩余50% @ 2024.823,7.280252958432112e-07,1.2438898508542717,1.2453941920918568,0.0012079237619200673
2026-06-26,中性,2034.433,2076.465,2032.284,冲高(+1%)卖出剩余50% @ 2054.777,3.640126479216056e-07,1.244637441808586,1.2453772188887546,0.0005940184780550367
2026-06-29,中性,2039.667,2127.801,2126.011,冲高(+1%)卖出剩余50% @ 2060.064,1.820063239608028e-07,1.24501219895198,1.2453991463987903,0.0003107015513292519
2026-06-30,中性,2132.882,2214.613,2207.865,冲高(+1%)卖出剩余50% @ 2154.211,9.10031619804014e-08,1.2452081409281743,1.2454090636244002,0.00016133068410561583
2026-07-01,中性,2205.656,2255.248,2153.043,冲高(+1%)卖出剩余50% @ 2227.713,4.55015809902007e-08,1.2453094546894243,1.2454074215498643,7.866249931124426e-05
2026-07-02,偏强,2059.898,2105.291,1987.291,开盘买入2成 @ 2059.898（持仓 20%）,0.00012090440129693213,0.9962279703794514,1.236500198937233,0.19431636870280697
2026-07-03,偏强,1978.755,2039.306,1975.6,开盘买入2成 @ 1978.755（持仓 39%）,0.0002458195381186538,0.7489279305920048,1.2345690100992173,0.39336892108460053
2026-07-06,偏强,2015.181,2022.91,1996.103,开盘买入2成 @ 2015.181（持仓 60%）,0.00036828516617709383,0.5020141285721613,1.2371492536337567,0.5942170056703793
2026-07-07,中性,1965.795,2039.598,2001.586,冲高(+1%)卖出剩余50% @ 1985.453,0.00018414258308854691,0.86743776016853,1.2360149764824022,0.2981980180877848
2026-07-08,偏强,2022.451,2078.642,2016.233,开盘买入2成 @ 2022.451（持仓 50%）,0.0003063109103156076,0.6202347648720495,1.237828930510418,0.49893337473030613
2026-07-09,偏强,2047.238,2188.982,2185.825,开盘买入2成 @ 2047.238（持仓 71%）,0.00042717720190923217,0.3726689787699659,1.3064035861332133,0.714736714805707
2026-07-10,偏强,2190.178,2233.538,2064.976,开盘买入2成 @ 2190.178（持仓 92%）,0.0005464141507579398,0.11138826154332326,1.239720368918851,0.9101504949535806
2026-07-13,偏强,2038.362,2110.179,1994.319,开盘买入2成 @ 2038.362（持仓 99%）,0.000601005512237067,5.566629762283892e-05,1.198652378456738,0.9999535592648684
2026-07-14,偏强,1994.44,2026.471,2009.73,开盘买入2成：无空余仓位，不动,0.000601005512237067,5.566629762283892e-05,1.2079144744058234,0.9999539153650343
2026-07-15,中性,2021.578,2028.652,1924.274,（无操作）,0.000601005512237067,5.566629762283892e-05,1.1565549473520926,0.9999518688690492
2026-07-16,中性,1869.936,1947.247,1846.877,冲高(+1%)卖出剩余50% @ 1888.635,0.0003005027561185335,0.5673120272150503,1.122303655926979,0.494511111837667
2026-07-17,中性,1829.981,1844.379,1715.404,（无操作）,0.0003005027561185335,0.5673120272150503,1.0827956570718071,0.4760673230356075
2026-07-20,中性,1764.593,1776.073,1718.69,（无操作）,0.0003005027561185335,0.5673120272150503,1.0837831091284127,0.47654468644442405
2026-07-21,中性,1747.49,1904.858,1903.161,冲高(+1%)卖出剩余50% @ 1764.965,0.00015025137805926676,0.8323678414620606,1.1183204043807127,0.255698243364345
2026-07-22,中性,1874.779,1934.605,1860.085,冲高(+1%)卖出剩余50% @ 1893.527,7.512568902963338e-05,0.9745492200044831,1.1142893872831687,0.12540742905161864
2026-07-23,中性,1876.613,1876.986,1789.694,（无操作）,7.512568902963338e-05,0.9745492200044831,1.1090012149066837,0.12123701317452036
2026-07-24,中性,1766.259,1831.276,1787.196,冲高(+1%)卖出剩余50% @ 1783.922,3.756284451481669e-05,1.0415248847316216,1.108657050197124,0.060552688907327956
2026-07-27,中性,1780.72,1816.43,1807.951,冲高(+1%)卖出剩余50% @ 1798.527,1.8781422257408345e-05,1.0752868940668636,1.1092427852185673,0.030611775532092315
2026-07-28,中性,1755.867,1797.584,1693.479,冲高(+1%)卖出剩余50% @ 1773.426,9.390711128704173e-06,1.0919322953779746,1.1078352674695016,0.014354997135857674
2026-07-29,中性,1704.585,1711.579,1678.738,（无操作）,9.390711128704173e-06,1.0919322953779746,1.1076968389967532,0.014231821436862288
2026-07-30,中性,1653.467,1671.509,1588.415,冲高(+1%)卖出剩余50% @ 1670.002,4.695355564352086e-06,1.0997696263858696,1.10722779959462,0.00673589771813977
2026-07-31,中性,1721.355,1731.206,1635.962,（无操作）,4.695355564352086e-06,1.0997696263858696,1.1074510496656382,0.006936128944107953
2026-08-03,偏强,1619.294,1621.993,1552.89,开盘买入2成 @ 1619.294（持仓 21%）,0.0001414089604891163,0.878279416452742,1.0978719771066858,0.2000165458568808
2026-08-04,偏强,1569.623,1631.012,1616.358,开盘买入2成 @ 1569.623（持仓 40%）,0.00028122894470812446,0.6587050210314048,1.1132716756419394,0.4083160153593421
2026-08-05,偏强,1615.261,1715.276,1693.668,开盘买入2成 @ 1615.261（持仓 61%）,0.00041900424145372133,0.43605068590301693,1.1457047615174583,0.6194039681519012
2026-08-06,偏强,1651.108,1727.735,1701.292,开盘买入2成 @ 1651.108（持仓 80%）,0.0005577149975544426,0.2069097335995253,1.155745797218918,0.8209729733844465
2026-08-07,偏强,1697.37,1747.737,1744.024,开盘买入2成 @ 1697.370（持仓 100%）,0.0006794933834955373,0.00010340316521714743,1.185156171822638,0.9999127514435012
2026-08-10,偏强,1740.136,1752.931,1737.774,开盘买入2成 @ 1740.136（持仓 100%）,0.0006795527465795449,5.167574473619865e-08,1.1809091463102668,0.9999999562407108
2026-08-11,偏强,1713.258,1753.137,1709.503,开盘买入2成 @ 1713.258（持仓 99%）,0.0006795527767116719,2.582495988815607e-11,1.161697510472758,0.9999999999777697
2026-08-12,偏强,1720.364,1747.945,1736.991,开盘买入2成：现金不足，不动,0.0006795527767116719,2.582495988815607e-11,1.1803770571990087,0.9999999999781215
2026-08-13,偏强,1763.456,1782.782,1717.748,开盘买入2成：现金不足，不动,0.0006795527767116719,2.582495988815607e-11,1.1673004231167459,0.9999999999778764
2026-08-14,偏强,1738.817,1741.347,1717.679,开盘买入2成：现金不足，不动,0.0006795527767116719,2.582495988815607e-11,1.1672535339751529,0.9999999999778755
2026-08-17,偏强,1721.546,1788.85,1788.85,开盘买入2成：现金不足，不动,0.0006795527767116719,2.582495988815607e-11,1.2156179846464992,0.9999999999787558
2026-08-18,偏强,1786.369,1798.779,1790.874,开盘买入2成：现金不足，不动,0.0006795527767116719,2.582495988815607e-11,1.2169933994665636,0.9999999999787798
2026-08-19,偏强,1738.913,1748.523,1667.516,开盘买入2成：现金不足，不动,0.0006795527767116719,2.582495988815607e-11,1.1331651280369652,0.9999999999772099
2026-08-20,偏强,1685.483,1694.364,1652.972,开盘买入2成：现金不足，不动,0.0006795527767116719,2.582495988815607e-11,1.1232817124524705,0.9999999999770094
2026-08-21,偏强,1649.283,1675.823,1653.555,开盘买入2成：现金不足，不动,0.0006795527767116719,2.582495988815607e-11,1.1236778917212935,0.9999999999770175
2026-08-24,偏强,1651.881,1651.96,1602.337,开盘买入2成：现金不足，不动,0.0006795527767116719,2.582495988815607e-11,1.088872557603675,0.9999999999762829
2026-08-25,偏强,1584.516,1622.205,1604.593,开盘买入2成：现金不足，不动,0.0006795527767116719,2.582495988815607e-11,1.0904056286679367,0.9999999999763163
2026-08-26,偏强,1605.741,1644.72,1632.02,开盘买入2成：现金不足，不动,0.0006795527767116719,2.582495988815607e-11,1.1090437226748078,0.9999999999767143
2026-08-27,偏强,1646.841,1697.029,1693.48,开盘买入2成：现金不足，不动,0.0006795527767116719,2.582495988815607e-11,1.150809036331507,0.9999999999775594
2026-08-28,偏强,1684.723,1711.994,1662.149,开盘买入2成：现金不足，不动,0.0006795527767116719,2.582495988815607e-11,1.1295179682843535,0.9999999999771364
2026-08-31,偏强,1623.201,1684.387,1684.387,开盘买入2成：现金不足，不动,0.0006795527767116719,2.582495988815607e-11,1.1446298629328677,0.9999999999774382
2026-09-01,偏强,1679.895,1684.021,1647.535,开盘买入2成：现金不足，不动,0.0006795527767116719,2.582495988815607e-11,1.1195869840054893,0.9999999999769336
2026-09-02,偏强,1623.527,1635.763,1617.597,开盘买入2成：现金不足，不动,0.0006795527767116719,2.582495988815607e-11,1.0992425329762952,0.9999999999765067
2026-09-03,偏强,1634.52,1636.315,1611.165,开盘买入2成：现金不足，不动,0.0006795527767116719,2.582495988815607e-11,1.0948716495164856,0.9999999999764129
2026-09-04,偏强,1627.951,1637.101,1577.361,开盘买入2成：现金不足，不动,0.0006795527767116719,2.582495988815607e-11,1.0719000474525244,0.9999999999759074
